datetime,Global_active_power,Global_reactive_power,Voltage,Global_intensity,Sub_metering_1,Sub_metering_2,Sub_metering_3
2007-01-01 00:00:00,153.038,6.768,14481.68,631.8,0.0,35.0,0.0
2007-01-01 01:00:00,151.404,4.298,14465.79,626.6,0.0,0.0,0.0
2007-01-01 02:00:00,154.94,6.4,14592.01,632.4,0.0,20.0,0.0
2007-01-01 03:00:00,152.5,5.406,14595.94,624.0,0.0,16.0,0.0
2007-01-01 04:00:00,148.544,5.29,14547.37,606.6,0.0,0.0,0.0
2007-01-01 05:00:00,148.574,6.1,14540.92,609.0,0.0,35.0,0.0
2007-01-01 06:00:00,147.348,5.168,14473.31,606.2,0.0,0.0,0.0
2007-01-01 07:00:00,146.832,6.412,14418.85,607.2,0.0,33.0,0.0
2007-01-01 08:00:00,146.504,4.686,14468.59,602.8,0.0,3.0,0.0
2007-01-01 09:00:00,188.768,4.056,14386.73,783.1999999999999,0.0,0.0,722.0
2007-01-01 10:00:00,159.704,6.616,14305.51,666.2,0.0,35.0,149.0
2007-01-01 11:00:00,154.56,4.27,14239.47,647.6,0.0,0.0,0.0
2007-01-01 12:00:00,156.952,7.25,14265.48,656.2,0.0,34.0,0.0
2007-01-01 13:00:00,129.744,4.034,14320.17,542.2,0.0,0.0,0.0
2007-01-01 14:00:00,77.664,14.474,14439.4,336.6,0.0,14.0,543.0
2007-01-01 15:00:00,114.55,6.652,14334.91,475.8,0.0,21.0,1049.0
2007-01-01 16:00:00,83.406,6.638,14363.25,344.8,0.0,0.0,1053.0
2007-01-01 17:00:00,97.924,7.77,14248.58,410.0,0.0,35.0,1037.0
2007-01-01 18:00:00,87.714,4.152,14300.18,362.4,0.0,0.0,1044.0
2007-01-01 19:00:00,43.938,7.63,14265.48,185.2,0.0,28.0,283.0
2007-01-01 20:00:00,24.738,4.268,14269.61,103.0,0.0,7.0,0.0
2007-01-01 21:00:00,26.036,6.036,14365.39,109.8,0.0,0.0,0.0
2007-01-01 22:00:00,26.624,6.894,14467.46,114.4,0.0,36.0,0.0
2007-01-01 23:00:00,26.998,6.898000000000001,14629.65,116.4,0.0,0.0,0.0
2007-01-02 00:00:00,26.786,7.266,14535.33,117.8,0.0,35.0,0.0
2007-01-02 01:00:00,26.204,5.746,14596.28,112.60000000000001,0.0,0.0,0.0
2007-01-02 02:00:00,25.894,5.114,14745.26,109.60000000000001,0.0,0.0,0.0
2007-01-02 03:00:00,27.85,8.644,14744.22,121.4,0.0,35.0,0.0
2007-01-02 04:00:00,62.398,5.67,14616.74,257.2,0.0,0.0,599.0
2007-01-02 05:00:00,42.636,6.99,14546.38,181.6,0.0,34.0,267.0
2007-01-02 06:00:00,26.818,6.522,14635.53,114.0,0.0,0.0,0.0
2007-01-02 07:00:00,24.754,3.894,14453.27,104.8,0.0,2.0,0.0
2007-01-02 08:00:00,27.264,7.886,14396.89,116.6,0.0,32.0,0.0
2007-01-02 09:00:00,25.058,4.724,14388.46,103.8,0.0,0.0,0.0
2007-01-02 10:00:00,26.754,7.506,14326.51,113.4,0.0,35.0,0.0
2007-01-02 11:00:00,25.966,6.02,14522.99,108.6,0.0,0.0,0.0
2007-01-02 12:00:00,25.558,5.1,14520.37,107.8,0.0,4.0,0.0
2007-01-02 13:00:00,27.54,8.54,14548.19,118.8,0.0,30.0,0.0
2007-01-02 14:00:00,26.306,6.374,14783.02,111.4,0.0,0.0,0.0
2007-01-02 15:00:00,86.286,8.459999999999999,14577.44,354.2,0.0,38.0,953.0
2007-01-02 16:00:00,87.544,6.22,14585.72,359.4,0.0,0.0,946.0
2007-01-02 17:00:00,128.172,15.714,14290.66,547.2,0.0,4.0,505.0
2007-01-02 18:00:00,118.324,13.686,14255.07,501.8,0.0,30.0,1038.0
2007-01-02 19:00:00,91.098,6.202,14356.92,379.6,0.0,0.0,1053.0
2007-01-02 20:00:00,154.412,22.215999999999998,14309.67,651.4,0.0,35.0,1045.0
2007-01-02 21:00:00,79.286,11.048,14412.65,333.8,0.0,0.0,156.0
2007-01-02 22:00:00,31.694,7.3260000000000005,14577.35,136.4,0.0,27.0,0.0
2007-01-02 23:00:00,44.634,3.474,14674.119999999999,185.0,0.0,7.0,0.0
2007-01-03 00:00:00,67.526,3.394,14649.710000000001,278.6,0.0,0.0,0.0
2007-01-03 01:00:00,54.042,7.498,14636.55,224.8,0.0,34.0,0.0
2007-01-03 02:00:00,18.29,7.844,14803.33,83.2,0.0,0.0,0.0
2007-01-03 03:00:00,19.998,10.986,14800.18,94.8,0.0,34.0,0.0
2007-01-03 04:00:00,17.93,7.33,14763.31,79.2,0.0,1.0,0.0
2007-01-03 05:00:00,57.098,6.1080000000000005,14641.68,235.2,0.0,0.0,653.0
2007-01-03 06:00:00,20.06,10.342,14754.22,93.0,0.0,34.0,0.0
2007-01-03 07:00:00,18.102,6.506,14567.07,81.8,0.0,0.0,0.0
2007-01-03 08:00:00,19.176,8.57,14480.25,88.8,0.0,34.0,0.0
2007-01-03 09:00:00,36.15,7.544,14443.23,161.6,0.0,0.0,0.0
2007-01-03 10:00:00,52.454,7.84,14477.56,228.6,0.0,0.0,0.0
2007-01-03 11:00:00,58.583999999999996,11.246,14595.41,249.4,0.0,34.0,507.0
2007-01-03 12:00:00,83.866,7.364,14540.43,342.8,0.0,0.0,1079.0
2007-01-03 13:00:00,85.196,10.028,14577.49,348.4,0.0,34.0,1084.0
2007-01-03 14:00:00,65.422,9.468,14696.19,272.4,0.0,0.0,764.0
2007-01-03 15:00:00,18.12,8.21,14759.75,85.0,0.0,4.0,0.0
2007-01-03 16:00:00,22.06,13.956,14753.18,108.6,0.0,31.0,0.0
2007-01-03 17:00:00,17.108,6.01,14445.74,75.2,0.0,0.0,0.0
2007-01-03 18:00:00,21.672,12.768,14542.26,104.4,0.0,35.0,0.0
2007-01-03 19:00:00,17.34,6.292,14469.05,77.8,0.0,0.0,0.0
2007-01-03 20:00:00,19.576,9.514,14513.13,92.6,0.0,9.0,0.0
2007-01-03 21:00:00,66.926,6.354,14484.31,284.6,0.0,25.0,0.0
2007-01-03 22:00:00,57.242,3.4579999999999997,14622.0,237.0,0.0,0.0,160.0
2007-01-03 23:00:00,100.116,8.098,14706.18,412.4,0.0,35.0,518.0
2007-01-04 00:00:00,202.504,4.854,14384.039999999999,845.4,509.0,572.0,0.0
2007-01-04 01:00:00,173.804,7.2780000000000005,14300.78,726.2,542.0,20.0,0.0
2007-01-04 02:00:00,143.24,5.986,14521.44,589.2,0.0,16.0,0.0
2007-01-04 03:00:00,141.722,5.088,14460.12,583.8000000000001,0.0,0.0,0.0
2007-01-04 04:00:00,142.202,7.632000000000001,14397.67,588.6,0.0,36.0,0.0
2007-01-04 05:00:00,140.712,4.212,14435.16,580.6,0.0,0.0,0.0
2007-01-04 06:00:00,141.524,6.406000000000001,14396.38,584.0,0.0,24.0,0.0
2007-01-04 07:00:00,139.574,5.402,14323.98,579.8000000000001,0.0,12.0,0.0
2007-01-04 08:00:00,144.228,4.33,14277.83,602.4,0.0,0.0,0.0
2007-01-04 09:00:00,160.024,7.028,14264.72,673.4,0.0,36.0,998.0
2007-01-04 10:00:00,113.882,5.862,14404.67,475.8,0.0,0.0,1059.0
2007-01-04 11:00:00,120.38,9.556,14460.27,504.0,0.0,32.0,1068.0
2007-01-04 12:00:00,243.994,16.759999999999998,14288.86,1031.8,0.0,2403.0,1042.0
2007-01-04 13:00:00,212.704,13.856,14363.89,896.6,0.0,2100.0,1053.0
2007-01-04 14:00:00,120.792,9.0,14521.72,503.2,0.0,301.0,1076.0
2007-01-04 15:00:00,52.758,9.032,14598.32,224.8,0.0,40.0,456.0
2007-01-04 16:00:00,197.388,13.06,14399.64,826.8,0.0,1549.0,1058.0
2007-01-04 17:00:00,164.478,15.219999999999999,14259.95,697.0,0.0,248.0,1038.0
2007-01-04 18:00:00,156.33,7.724,14238.9,655.8,0.0,78.0,1035.0
2007-01-04 19:00:00,171.244,8.184,14195.13,723.0,0.0,10.0,1013.0
2007-01-04 20:00:00,89.912,12.116,14248.85,380.0,0.0,50.0,0.0
2007-01-04 21:00:00,28.728,5.224,14338.23,123.8,0.0,10.0,0.0
2007-01-04 22:00:00,25.18,10.684,14499.36,113.8,0.0,45.0,0.0
2007-01-04 23:00:00,32.108,7.808,14660.52,138.8,0.0,15.0,0.0
2007-01-05 00:00:00,118.082,8.626,14560.83,487.6,0.0,15.0,536.0
2007-01-05 01:00:00,143.21,7.224,14418.16,591.6,0.0,26.0,0.0
2007-01-05 02:00:00,143.684,5.82,14556.34,589.0,0.0,0.0,0.0
2007-01-05 03:00:00,144.942,8.46,14536.630000000001,598.0,0.0,38.0,0.0
2007-01-05 04:00:00,143.822,5.144,14593.67,588.4,0.0,0.0,0.0
2007-01-05 05:00:00,144.442,8.614,14506.2,595.4,0.0,36.0,0.0
2007-01-05 06:00:00,142.068,3.892,14514.92,583.6,0.0,0.0,0.0
2007-01-05 07:00:00,141.092,6.718,14373.85,585.8000000000001,0.0,13.0,0.0
2007-01-05 08:00:00,139.016,5.472,14314.67,578.6,0.0,24.0,0.0
2007-01-05 09:00:00,141.852,5.76,14293.67,593.0,0.0,0.0,42.0
2007-01-05 10:00:00,159.362,6.16,14258.32,670.2,0.0,37.0,573.0
2007-01-05 11:00:00,21.35,7.2700000000000005,14414.58,99.2,0.0,0.0,0.0
2007-01-05 12:00:00,21.264,8.364,14492.31,99.0,0.0,37.0,0.0
2007-01-05 13:00:00,20.506,7.708,14542.79,92.8,0.0,0.0,0.0
2007-01-05 14:00:00,22.64,6.99,14764.78,99.4,0.0,9.0,0.0
2007-01-05 15:00:00,28.67,11.506,14689.46,131.6,0.0,29.0,0.0
2007-01-05 16:00:00,50.19,6.114,14609.5,216.4,0.0,0.0,375.0
2007-01-05 17:00:00,134.444,10.36,14239.02,567.0,0.0,36.0,1036.0
2007-01-05 18:00:00,143.976,3.416,14097.36,608.6,0.0,0.0,1015.0
2007-01-05 19:00:00,122.334,13.382,14185.57,522.6,5.0,35.0,331.0
2007-01-05 20:00:00,178.542,6.0520000000000005,14265.54,752.6,880.0,7.0,534.0
2007-01-05 21:00:00,160.464,6.61,14238.13,675.1999999999999,502.0,6.0,1036.0
2007-01-05 22:00:00,143.082,7.35,14354.85,599.2,96.0,31.0,1052.0
2007-01-05 23:00:00,104.33,6.142,14492.75,429.8,0.0,0.0,1072.0
2007-01-06 00:00:00,89.584,8.246,14439.02,370.4,0.0,37.0,1064.0
2007-01-06 01:00:00,26.008,6.5,14480.63,114.0,0.0,0.0,131.0
2007-01-06 02:00:00,20.0,10.834,14747.75,94.0,0.0,34.0,0.0
2007-01-06 03:00:00,18.772,8.692,14704.27,87.4,0.0,5.0,0.0
2007-01-06 04:00:00,18.214,7.28,14634.1,82.4,0.0,3.0,0.0
2007-01-06 05:00:00,20.116,10.552,14586.34,93.8,0.0,34.0,0.0
2007-01-06 06:00:00,17.924,6.368,14569.1,80.2,0.0,0.0,0.0
2007-01-06 07:00:00,20.22,10.022,14492.5,96.4,0.0,38.0,0.0
2007-01-06 08:00:00,17.724,6.27,14483.38,80.2,0.0,0.0,0.0
2007-01-06 09:00:00,37.388,8.395999999999999,14460.05,160.8,0.0,26.0,0.0
2007-01-06 10:00:00,91.534,6.264,14264.88,386.8,0.0,14.0,0.0
2007-01-06 11:00:00,155.532,4.654,14021.99,664.4,0.0,0.0,971.0
2007-01-06 12:00:00,240.176,15.934,13906.03,1049.8,1329.0,37.0,989.0
2007-01-06 13:00:00,113.426,6.2,14249.31,485.2,7.0,0.0,1037.0
2007-01-06 14:00:00,101.974,9.982,14379.53,431.8,0.0,38.0,1055.0
2007-01-06 15:00:00,68.922,4.846,14400.55,293.59999999999997,0.0,0.0,268.0
2007-01-06 16:00:00,52.876,6.378,14290.56,229.6,0.0,23.0,0.0
2007-01-06 17:00:00,53.938,5.852,14120.96,235.2,0.0,15.0,0.0
2007-01-06 18:00:00,51.332,4.29,14175.72,221.6,0.0,0.0,0.0
2007-01-06 19:00:00,110.042,13.994,14083.75,480.40000000000003,0.0,38.0,0.0
2007-01-06 20:00:00,60.908,6.39,14279.74,271.2,0.0,0.0,0.0
2007-01-06 21:00:00,60.752,10.842,14407.82,269.8,0.0,38.0,0.0
2007-01-06 22:00:00,30.7,5.1,14404.18,132.6,0.0,0.0,0.0
2007-01-06 23:00:00,30.316,8.302,14547.04,131.6,0.0,22.0,163.0
2007-01-07 00:00:00,54.192,7.072,14477.67,227.8,0.0,16.0,589.0
2007-01-07 01:00:00,17.785999999999998,6.518,14584.18,78.6,0.0,0.0,0.0
2007-01-07 02:00:00,21.144000000000002,12.854,14824.74,102.60000000000001,0.0,38.0,0.0
2007-01-07 03:00:00,17.92,7.746,14841.19,85.8,0.0,0.0,0.0
2007-01-07 04:00:00,21.352,12.866,14783.34,104.60000000000001,0.0,38.0,0.0
2007-01-07 05:00:00,17.122,6.28,14692.58,80.0,0.0,0.0,0.0
2007-01-07 06:00:00,20.298,10.338,14761.34,96.4,0.0,10.0,0.0
2007-01-07 07:00:00,18.764,8.432,14606.72,84.4,0.0,27.0,0.0
2007-01-07 08:00:00,18.602,8.184,14636.56,83.8,0.0,0.0,0.0
2007-01-07 09:00:00,22.536,10.798,14599.34,107.60000000000001,0.0,38.0,0.0
2007-01-07 10:00:00,62.486,6.534,14394.1,267.8,0.0,0.0,622.0
2007-01-07 11:00:00,64.106,11.778,14365.71,283.2,0.0,450.0,234.0
2007-01-07 12:00:00,33.094,9.688,14328.64,151.4,0.0,4.0,0.0
2007-01-07 13:00:00,199.916,12.504,14200.83,854.2,493.0,1433.0,949.0
2007-01-07 14:00:00,151.986,11.26,14562.85,630.0,498.0,495.0,1082.0
2007-01-07 15:00:00,226.246,14.774000000000001,14475.18,950.4,0.0,1977.0,1069.0
2007-01-07 16:00:00,136.846,10.120000000000001,14415.62,572.0,0.0,49.0,1061.0
2007-01-07 17:00:00,144.284,4.816,14118.97,611.4,0.0,194.0,1018.0
2007-01-07 18:00:00,312.692,22.858,13895.74,1357.2,0.0,1913.0,987.0
2007-01-07 19:00:00,174.988,15.728,14075.1,750.6,40.0,33.0,1013.0
2007-01-07 20:00:00,211.392,6.96,14092.62,905.4,445.0,27.0,1014.0
2007-01-07 21:00:00,284.302,13.164,14142.89,1211.0,511.0,1355.0,1022.0
2007-01-07 22:00:00,127.734,4.896,14473.7,529.0,0.0,21.0,1070.0
2007-01-07 23:00:00,87.832,9.906,14549.97,361.8,0.0,59.0,1080.0
2007-01-08 00:00:00,81.628,4.608,14546.98,334.2,0.0,18.0,1079.0
2007-01-08 01:00:00,81.04,4.902,14448.92,334.4,0.0,13.0,1066.0
2007-01-08 02:00:00,83.09,7.642,14479.12,341.8,0.0,48.0,1069.0
2007-01-08 03:00:00,81.414,4.75,14498.13,333.8,0.0,10.0,1072.0
2007-01-08 04:00:00,82.554,6.826,14471.82,340.2,0.0,51.0,1069.0
2007-01-08 05:00:00,66.272,5.042,14353.8,275.8,0.0,0.0,828.0
2007-01-08 06:00:00,28.088,5.328,14562.14,125.6,0.0,15.0,0.0
2007-01-08 07:00:00,60.758,8.046,14428.39,258.8,0.0,25.0,131.0
2007-01-08 08:00:00,128.37,5.97,14262.71,538.0,0.0,0.0,1013.0
2007-01-08 09:00:00,99.878,9.436,14230.68,419.6,0.0,40.0,750.0
2007-01-08 10:00:00,77.798,3.276,14255.44,323.0,0.0,0.0,1038.0
2007-01-08 11:00:00,70.506,10.244,14295.95,302.0,0.0,25.0,772.0
2007-01-08 12:00:00,19.736,6.28,14342.23,92.2,0.0,14.0,0.0
2007-01-08 13:00:00,38.592,7.12,14252.22,172.6,0.0,0.0,0.0
2007-01-08 14:00:00,111.054,7.876,14486.68,462.8,0.0,39.0,1002.0
2007-01-08 15:00:00,113.106,5.352,14561.56,467.59999999999997,0.0,0.0,1081.0
2007-01-08 16:00:00,127.346,15.386,14489.12,533.6,0.0,37.0,1071.0
2007-01-08 17:00:00,113.886,8.898,14254.86,478.8,0.0,3.0,1037.0
2007-01-08 18:00:00,174.478,14.288,14098.09,742.4,0.0,0.0,1016.0
2007-01-08 19:00:00,167.644,23.496,14095.24,718.6,0.0,41.0,1015.0
2007-01-08 20:00:00,205.502,13.05,14180.3,871.0,0.0,5.0,1027.0
2007-01-08 21:00:00,150.458,11.966,14293.64,632.4,0.0,40.0,411.0
2007-01-08 22:00:00,58.198,6.63,14472.880000000001,240.6,0.0,0.0,0.0
2007-01-08 23:00:00,19.964,11.156,14629.91,94.6,0.0,43.0,0.0
2007-01-09 00:00:00,16.19,5.276,14523.84,72.8,0.0,0.0,0.0
2007-01-09 01:00:00,18.71,9.592,14534.33,89.0,0.0,40.0,0.0
2007-01-09 02:00:00,17.244,6.9799999999999995,14677.27,78.39999999999999,0.0,0.0,0.0
2007-01-09 03:00:00,28.18,6.938,14588.09,124.4,0.0,30.0,129.0
2007-01-09 04:00:00,39.672,6.418,14484.75,169.79999999999998,0.0,10.0,374.0
2007-01-09 05:00:00,16.47,5.59,14450.98,76.8,0.0,3.0,0.0
2007-01-09 06:00:00,67.408,7.8420000000000005,14503.57,288.6,0.0,36.0,352.0
2007-01-09 07:00:00,143.218,9.152000000000001,14320.16,600.0,15.0,0.0,1047.0
2007-01-09 08:00:00,128.136,10.51,14372.960000000001,536.0,559.0,39.0,1054.0
2007-01-09 09:00:00,112.102,4.19,14292.61,468.8,565.0,0.0,1043.0
2007-01-09 10:00:00,80.95400000000001,8.078,14299.92,337.6,0.0,30.0,1044.0
2007-01-09 11:00:00,56.084,5.1080000000000005,14265.95,233.6,0.0,8.0,667.0
2007-01-09 12:00:00,16.616,6.058,14459.9,74.6,0.0,0.0,0.0
2007-01-09 13:00:00,18.094,8.784,14371.83,82.8,0.0,39.0,0.0
2007-01-09 14:00:00,16.0,5.054,14552.22,73.8,0.0,0.0,0.0
2007-01-09 15:00:00,33.89,12.506,14613.25,156.2,0.0,42.0,90.0
2007-01-09 16:00:00,88.28,4.23,14475.8,362.8,0.0,0.0,1069.0
2007-01-09 17:00:00,126.376,13.946,14251.73,539.6,0.0,23.0,1038.0
2007-01-09 18:00:00,142.384,11.161999999999999,14241.19,605.2,0.0,17.0,1035.0
2007-01-09 19:00:00,137.248,14.106,14275.48,581.2,194.0,514.0,171.0
2007-01-09 20:00:00,192.636,12.768,14304.1,818.4,355.0,887.0,189.0
2007-01-09 21:00:00,197.548,10.202,14216.19,838.8,0.0,1118.0,488.0
2007-01-09 22:00:00,77.476,7.564,14596.54,318.8,0.0,154.0,0.0
2007-01-09 23:00:00,98.138,15.193999999999999,14629.37,422.40000000000003,0.0,1277.0,0.0
2007-01-10 00:00:00,31.074,8.844,14655.26,138.0,0.0,63.0,187.0
2007-01-10 01:00:00,39.234,4.876,14586.44,166.20000000000002,0.0,9.0,376.0
2007-01-10 02:00:00,20.422,12.056,14704.9,97.2,0.0,51.0,0.0
2007-01-10 03:00:00,16.162,4.514,14638.81,73.4,0.0,10.0,0.0
2007-01-10 04:00:00,20.814,12.224,14659.81,99.0,0.0,50.0,0.0
2007-01-10 05:00:00,16.078,4.3,14565.79,73.0,0.0,11.0,0.0
2007-01-10 06:00:00,53.855999999999995,10.4,14590.24,235.4,0.0,36.0,145.0
2007-01-10 07:00:00,141.774,11.312,14375.17,592.0,0.0,12.0,1055.0
2007-01-10 08:00:00,178.376,10.862,14312.97,746.8,0.0,1.0,1046.0
2007-01-10 09:00:00,119.714,8.494,14320.56,501.6,0.0,573.0,1047.0
2007-01-10 10:00:00,85.626,3.4979999999999998,14359.38,355.0,0.0,66.0,1052.0
2007-01-10 11:00:00,238.246,12.182,14264.16,1009.8,771.0,1897.0,960.0
2007-01-10 12:00:00,85.846,6.448,14454.2,357.6,0.0,257.0,887.0
2007-01-10 13:00:00,33.226,11.794,14467.55,152.6,0.0,38.0,30.0
2007-01-10 14:00:00,101.724,12.318,14489.880000000001,434.4,0.0,1088.0,11.0
2007-01-10 15:00:00,77.474,6.424,14531.51,320.2,0.0,96.0,605.0
2007-01-10 16:00:00,41.012,13.268,14603.81,180.6,0.0,65.0,0.0
2007-01-10 17:00:00,109.464,17.536,14359.369999999999,465.4,0.0,17.0,118.0
2007-01-10 18:00:00,201.864,16.89,14275.39,849.0,0.0,42.0,1041.0
2007-01-10 19:00:00,191.414,8.682,14100.28,817.0,0.0,2.0,1016.0
2007-01-10 20:00:00,176.036,9.0,14104.17,752.4,0.0,36.0,1016.0
2007-01-10 21:00:00,101.682,6.412,14367.31,424.4,0.0,0.0,420.0
2007-01-10 22:00:00,51.114000000000004,7.43,14524.55,212.8,0.0,36.0,0.0
2007-01-10 23:00:00,22.568,8.688,14768.02,101.4,0.0,0.0,0.0
2007-01-11 00:00:00,20.19,12.18,14765.65,97.8,0.0,35.0,0.0
2007-01-11 01:00:00,15.276,4.0440000000000005,14618.47,70.6,0.0,0.0,0.0
2007-01-11 02:00:00,18.52,9.708,14712.95,88.4,0.0,28.0,0.0
2007-01-11 03:00:00,53.53,6.372,14651.81,224.4,0.0,7.0,614.0
2007-01-11 04:00:00,16.23,5.552,14651.2,74.6,0.0,6.0,0.0
2007-01-11 05:00:00,17.855999999999998,8.64,14571.22,82.8,0.0,29.0,0.0
2007-01-11 06:00:00,44.182,4.026,14533.31,193.0,0.0,0.0,175.0
2007-01-11 07:00:00,162.13,12.974,14367.84,676.2,0.0,34.0,1054.0
2007-01-11 08:00:00,150.316,7.08,14410.34,630.2,841.0,0.0,1060.0
2007-01-11 09:00:00,82.212,8.454,14441.93,338.2,0.0,34.0,1065.0
2007-01-11 10:00:00,82.184,7.852,14415.74,338.8,0.0,0.0,1060.0
2007-01-11 11:00:00,69.11,6.094,14459.32,285.2,0.0,16.0,871.0
2007-01-11 12:00:00,18.02,8.68,14511.16,85.2,0.0,19.0,0.0
2007-01-11 13:00:00,23.712,8.145999999999999,14540.289999999999,110.6,0.0,0.0,0.0
2007-01-11 14:00:00,19.632,10.454,14650.47,92.6,0.0,35.0,0.0
2007-01-11 15:00:00,32.498,8.188,14612.26,141.8,0.0,0.0,225.0
2007-01-11 16:00:00,156.792,11.7,14443.37,654.0,0.0,365.0,1065.0
2007-01-11 17:00:00,194.294,6.458,14182.51,821.2,0.0,17.0,1027.0
2007-01-11 18:00:00,232.148,18.052,14176.85,990.0,0.0,34.0,1026.0
2007-01-11 19:00:00,287.052,19.662,14053.19,1232.2,537.0,579.0,1010.0
2007-01-11 20:00:00,222.376,20.176,14042.0,957.8,0.0,833.0,1007.0
2007-01-11 21:00:00,172.822,7.152,14238.789999999999,727.2,0.0,41.0,1035.0
2007-01-11 22:00:00,86.886,10.834,14606.7,358.2,0.0,33.0,121.0
2007-01-11 23:00:00,77.226,7.542,14606.82,317.0,0.0,25.0,0.0
2007-01-12 00:00:00,35.126,9.292,14474.33,152.8,0.0,19.0,0.0
2007-01-12 01:00:00,18.733999999999998,9.048,14427.75,86.6,0.0,39.0,0.0
2007-01-12 02:00:00,18.144,8.152,14604.01,84.2,0.0,10.0,0.0
2007-01-12 03:00:00,19.294,9.798,14623.52,92.0,0.0,44.0,0.0
2007-01-12 04:00:00,17.582,7.53,14618.710000000001,80.2,0.0,0.0,0.0
2007-01-12 05:00:00,48.74,7.476,14503.2,208.2,0.0,35.0,515.0
2007-01-12 06:00:00,87.086,7.478,14583.44,365.2,0.0,0.0,675.0
2007-01-12 07:00:00,169.95,7.27,14394.039999999999,707.6,0.0,24.0,1058.0
2007-01-12 08:00:00,119.636,9.56,14419.91,497.4,0.0,16.0,1061.0
2007-01-12 09:00:00,80.892,6.738,14419.36,333.8,0.0,24.0,1061.0
2007-01-12 10:00:00,54.41,6.666,14343.08,229.2,0.0,12.0,624.0
2007-01-12 11:00:00,16.91,6.914,14416.62,76.2,0.0,16.0,0.0
2007-01-12 12:00:00,17.676,7.984,14466.18,82.8,0.0,19.0,0.0
2007-01-12 13:00:00,15.232,4.204,14574.53,71.0,0.0,0.0,0.0
2007-01-12 14:00:00,20.094,12.032,14664.52,101.2,0.0,36.0,0.0
2007-01-12 15:00:00,15.704,4.952,14773.39,73.6,0.0,0.0,0.0
2007-01-12 16:00:00,19.24,11.072,14724.3,91.39999999999999,0.0,36.0,0.0
2007-01-12 17:00:00,34.362,5.276,14468.18,143.4,0.0,0.0,0.0
2007-01-12 18:00:00,152.94,8.668,14293.14,639.6,0.0,35.0,1038.0
2007-01-12 19:00:00,134.094,5.74,14238.7,562.0,0.0,3.0,1035.0
2007-01-12 20:00:00,137.704,15.26,14287.13,577.1999999999999,0.0,8.0,1042.0
2007-01-12 21:00:00,90.764,13.2,14407.27,379.2,0.0,27.0,167.0
2007-01-12 22:00:00,89.026,6.118,14512.07,370.8,0.0,0.0,0.0
2007-01-12 23:00:00,47.956,8.712,14577.64,199.6,0.0,36.0,0.0
2007-01-13 00:00:00,53.304,4.91,14584.12,223.6,0.0,0.0,613.0
2007-01-13 01:00:00,19.004,9.492,14428.5,91.2,0.0,36.0,0.0
2007-01-13 02:00:00,15.386,3.896,14632.66,72.8,0.0,0.0,0.0
2007-01-13 03:00:00,17.872,7.444,14642.31,84.6,0.0,16.0,0.0
2007-01-13 04:00:00,17.34,7.314,14606.93,80.4,0.0,19.0,0.0
2007-01-13 05:00:00,15.876,4.83,14545.64,71.2,0.0,0.0,0.0
2007-01-13 06:00:00,18.91,9.986,14705.24,87.0,0.0,36.0,0.0
2007-01-13 07:00:00,107.558,9.006,14468.74,449.0,0.0,0.0,670.0
2007-01-13 08:00:00,159.332,13.002,14313.28,673.8,575.0,343.0,388.0
2007-01-13 09:00:00,102.95400000000001,6.454,14330.98,437.0,579.0,10.0,266.0
2007-01-13 10:00:00,190.202,30.332,14209.86,816.4,946.0,119.0,70.0
2007-01-13 11:00:00,213.784,18.436,14157.2,914.0,582.0,452.0,1025.0
2007-01-13 12:00:00,118.21,16.562,14305.75,499.0,28.0,949.0,52.0
2007-01-13 13:00:00,98.352,17.436,14456.88,419.0,14.0,761.0,0.0
2007-01-13 14:00:00,97.782,7.416,14528.24,408.8,449.0,38.0,663.0
2007-01-13 15:00:00,124.3,10.693999999999999,14563.66,512.4,487.0,52.0,877.0
2007-01-13 16:00:00,123.458,5.44,14511.69,507.8,0.0,10.0,1074.0
2007-01-13 17:00:00,167.88400000000001,15.262,14236.47,708.8,0.0,48.0,798.0
2007-01-13 18:00:00,113.286,15.064,14289.73,477.0,0.0,8.0,0.0
2007-01-13 19:00:00,189.27,20.926000000000002,14096.18,806.6,0.0,26.0,843.0
2007-01-13 20:00:00,270.726,16.928,14028.33,1159.2,1157.0,12.0,1006.0
2007-01-13 21:00:00,298.888,17.118,13970.41,1286.0,643.0,17.0,998.0
2007-01-13 22:00:00,348.856,13.928,13885.210000000001,1519.4,1424.0,23.0,986.0
2007-01-13 23:00:00,304.28,8.86,14070.39,1307.4,922.0,0.0,1012.0
2007-01-14 00:00:00,200.434,12.572,14258.89,857.0,0.0,40.0,249.0
2007-01-14 01:00:00,174.96,7.692,14334.75,739.8,0.0,0.0,24.0
2007-01-14 02:00:00,172.766,12.622,14495.12,738.4,647.0,36.0,737.0
2007-01-14 03:00:00,67.304,5.186,14464.34,305.4,0.0,3.0,0.0
2007-01-14 04:00:00,68.054,5.378,14480.710000000001,307.0,0.0,3.0,0.0
2007-01-14 05:00:00,71.646,8.476,14445.83,323.8,0.0,36.0,0.0
2007-01-14 06:00:00,94.566,4.006,14428.62,414.6,0.0,0.0,0.0
2007-01-14 07:00:00,68.464,9.908,14383.06,311.0,0.0,37.0,0.0
2007-01-14 08:00:00,78.91,3.366,14445.83,352.2,0.0,0.0,0.0
2007-01-14 09:00:00,133.562,5.462,14288.66,573.0,0.0,11.0,686.0
2007-01-14 10:00:00,104.182,8.14,14232.24,448.8,0.0,79.0,730.0
2007-01-14 11:00:00,60.514,5.276,14307.47,263.6,0.0,245.0,376.0
2007-01-14 12:00:00,42.75,11.26,14250.39,195.0,0.0,329.0,0.0
2007-01-14 13:00:00,77.922,15.118,14465.51,330.0,0.0,2.0,709.0
2007-01-14 14:00:00,109.648,15.408,14532.64,459.0,0.0,28.0,1078.0
2007-01-14 15:00:00,125.824,8.594,14544.55,520.2,506.0,64.0,1079.0
2007-01-14 16:00:00,205.548,11.554,14347.17,867.4,623.0,1347.0,445.0
2007-01-14 17:00:00,252.668,11.558,14049.01,1086.2,1.0,1604.0,705.0
2007-01-14 18:00:00,213.5009366252837,11.029728655462511,14005.698980764515,915.5747552254262,1.3324807586746552,242.67061031109242,985.0
2007-01-14 19:00:00,197.49,20.906,13974.65,851.8,0.0,30.0,999.0
2007-01-14 20:00:00,191.574,11.628,14024.8,817.8,0.0,28.0,1005.0
2007-01-14 21:00:00,126.458,9.158,14227.16,531.6,0.0,0.0,1034.0
2007-01-14 22:00:00,87.764,6.234,14378.72,364.2,0.0,27.0,1055.0
2007-01-14 23:00:00,82.472,6.712,14538.03,337.0,0.0,25.0,1079.0
2007-01-15 00:00:00,81.438,5.426,14525.67,331.6,0.0,0.0,1076.0
2007-01-15 01:00:00,80.504,5.442,14425.85,331.6,0.0,26.0,1062.0
2007-01-15 02:00:00,27.72,5.308,14657.17,117.6,0.0,12.0,191.0
2007-01-15 03:00:00,17.392,6.764,14693.58,78.0,0.0,13.0,0.0
2007-01-15 04:00:00,17.496,7.022,14658.210000000001,77.6,0.0,25.0,0.0
2007-01-15 05:00:00,14.64,2.576,14575.39,61.4,0.0,0.0,0.0
2007-01-15 06:00:00,18.5,8.15,14663.24,84.6,0.0,24.0,0.0
2007-01-15 07:00:00,116.694,4.778,14339.77,490.8,0.0,0.0,725.0
2007-01-15 08:00:00,155.744,8.788,14275.39,654.2,277.0,24.0,1041.0
2007-01-15 09:00:00,95.7,4.31,14288.0,397.2,294.0,2.0,1043.0
2007-01-15 10:00:00,111.316,5.918,14287.76,467.0,528.0,23.0,1043.0
2007-01-15 11:00:00,82.286,5.994,14423.28,340.2,0.0,11.0,1062.0
2007-01-15 12:00:00,67.862,4.622,14511.44,282.8,0.0,13.0,763.0
2007-01-15 13:00:00,39.126,9.418,14545.0,187.6,0.0,20.0,0.0
2007-01-15 14:00:00,89.048,6.98,14617.48,374.0,0.0,5.0,783.0
2007-01-15 15:00:00,97.394,7.5,14655.9,401.6,0.0,25.0,1095.0
2007-01-15 16:00:00,92.54,4.94,14622.08,380.0,0.0,0.0,1091.0
2007-01-15 17:00:00,107.518,12.388,14285.3,453.6,0.0,25.0,1042.0
2007-01-15 18:00:00,134.87,6.298,14262.39,566.2,0.0,0.0,1039.0
2007-01-15 19:00:00,178.304,9.348,14121.85,758.6,0.0,479.0,1019.0
2007-01-15 20:00:00,164.554,10.52,14275.86,694.2,0.0,0.0,1041.0
2007-01-15 21:00:00,97.41,9.88,14426.12,407.8,0.0,26.0,47.0
2007-01-15 22:00:00,111.434,8.594,14621.76,458.0,0.0,0.0,0.0
2007-01-15 23:00:00,149.188,13.896,14628.42,620.4,0.0,1486.0,0.0
2007-01-16 00:00:00,23.242,8.386,14704.23,106.4,0.0,104.0,0.0
2007-01-16 01:00:00,17.956,4.016,14541.960000000001,78.0,0.0,43.0,0.0
2007-01-16 02:00:00,18.51,7.1080000000000005,14675.68,84.0,0.0,37.0,0.0
2007-01-16 03:00:00,17.62,5.582,14619.47,79.0,0.0,10.0,0.0
2007-01-16 04:00:00,47.025999999999996,4.892,14478.16,198.2,0.0,37.0,492.0
2007-01-16 05:00:00,24.518,3.942,14586.710000000001,106.0,0.0,10.0,133.0
2007-01-16 06:00:00,42.046,7.87,14601.91,182.8,0.0,37.0,36.0
2007-01-16 07:00:00,149.054,7.786,14381.41,620.6,1.0,2.0,1057.0
2007-01-16 08:00:00,65.094,7.3,14503.92,275.4,513.0,25.0,225.0
2007-01-16 09:00:00,53.256,5.938,14552.84,227.20000000000002,547.0,0.0,0.0
2007-01-16 10:00:00,24.028,6.4719999999999995,14432.21,113.8,0.0,25.0,0.0
2007-01-16 11:00:00,38.422,5.4719999999999995,14471.15,172.0,0.0,0.0,0.0
2007-01-16 12:00:00,116.08,14.664,14513.75,498.2,996.0,46.0,0.0
2007-01-16 13:00:00,56.698,12.488,14585.82,244.2,6.0,57.0,68.0
2007-01-16 14:00:00,115.012,8.21,14514.77,476.2,0.0,46.0,1075.0
2007-01-16 15:00:00,53.408,6.502,14687.94,225.79999999999998,0.0,35.0,282.0
2007-01-16 16:00:00,98.938,8.846,14611.07,408.6,0.0,30.0,927.0
2007-01-16 17:00:00,171.69,15.326,14267.44,726.8,0.0,25.0,1039.0
2007-01-16 18:00:00,187.57,6.294,14217.61,791.2,0.0,0.0,1032.0
2007-01-16 19:00:00,117.57,8.382,14278.34,497.4,0.0,25.0,217.0
2007-01-16 20:00:00,83.81,7.972,14354.98,361.2,0.0,0.0,0.0
2007-01-16 21:00:00,84.166,8.088,14395.67,354.2,0.0,25.0,0.0
2007-01-16 22:00:00,57.286,5.924,14711.49,237.4,0.0,16.0,0.0
2007-01-16 23:00:00,23.404,7.968,14711.92,100.8,0.0,9.0,0.0
2007-01-17 00:00:00,17.96,7.8,14613.9,80.6,0.0,25.0,0.0
2007-01-17 01:00:00,14.788,3.036,14501.49,61.800000000000004,0.0,0.0,0.0
2007-01-17 02:00:00,51.604,7.108,14556.99,214.4,0.0,25.0,563.0
2007-01-17 03:00:00,16.038,4.764,14604.13,67.6,0.0,0.0,0.0
2007-01-17 04:00:00,17.201999999999998,6.536,14576.87,76.4,0.0,25.0,0.0
2007-01-17 05:00:00,15.81,4.482,14506.06,67.6,0.0,0.0,0.0
2007-01-17 06:00:00,52.608,6.78,14454.18,227.79999999999998,0.0,25.0,123.0
2007-01-17 07:00:00,134.148,8.594,14346.86,558.8,0.0,0.0,1052.0
2007-01-17 08:00:00,187.196,14.64,14475.05,782.4,260.0,427.0,1069.0
2007-01-17 09:00:00,193.62800000000001,19.954,14399.89,816.6,1062.0,62.0,1059.0
2007-01-17 10:00:00,245.146,10.004,14238.24,1041.8,536.0,1843.0,1035.0
2007-01-17 11:00:00,146.736,6.27,14396.51,612.8,552.0,88.0,1058.0
2007-01-17 12:00:00,104.832,6.526,14497.04,435.6,0.0,38.0,1073.0
2007-01-17 13:00:00,85.542,6.7059999999999995,14594.82,350.8,0.0,38.0,1086.0
2007-01-17 14:00:00,91.782,6.0280000000000005,14652.5,373.6,0.0,75.0,1095.0
2007-01-17 15:00:00,232.318,12.558,14558.86,963.2,0.0,1836.0,1081.0
2007-01-17 16:00:00,113.31,7.236,14682.64,460.8,0.0,92.0,1099.0
2007-01-17 17:00:00,184.012,10.808,14422.55,772.4,0.0,1039.0,912.0
2007-01-17 18:00:00,100.122,6.986,14313.4,417.8,0.0,20.0,0.0
2007-01-17 19:00:00,156.392,9.82,14210.54,665.2,0.0,27.0,0.0
2007-01-17 20:00:00,193.25,12.496,14204.31,822.0,0.0,0.0,599.0
2007-01-17 21:00:00,212.684,8.614,14235.49,896.8,148.0,26.0,1013.0
2007-01-17 22:00:00,163.24,6.524,14427.93,680.0,387.0,2.0,1063.0
2007-01-17 23:00:00,117.34,6.482,14577.31,482.0,555.0,24.0,1084.0
2007-01-18 00:00:00,84.1,8.084,14544.07,344.8,0.0,19.0,1079.0
2007-01-18 01:00:00,67.714,3.966,14495.67,277.8,0.0,7.0,861.0
2007-01-18 02:00:00,17.948,7.44,14652.38,81.8,0.0,26.0,0.0
2007-01-18 03:00:00,17.122,5.864,14645.58,76.8,0.0,0.0,0.0
2007-01-18 04:00:00,17.156,6.094,14638.789999999999,81.8,0.0,26.0,0.0
2007-01-18 05:00:00,16.354,4.82,14565.42,70.39999999999999,0.0,0.0,0.0
2007-01-18 06:00:00,44.84,5.892,14607.79,192.8,0.0,26.0,206.0
2007-01-18 07:00:00,157.304,6.316,14299.57,659.8,0.0,0.0,1044.0
2007-01-18 08:00:00,99.496,8.996,14302.6,416.6,0.0,26.0,1045.0
2007-01-18 09:00:00,79.594,3.8680000000000003,14380.71,328.0,0.0,0.0,1056.0
2007-01-18 10:00:00,51.968,7.7139999999999995,14381.1,218.79999999999998,0.0,26.0,558.0
2007-01-18 11:00:00,16.778,4.998,14474.59,77.8,0.0,6.0,0.0
2007-01-18 12:00:00,18.302,7.644,14422.28,85.2,0.0,20.0,0.0
2007-01-18 13:00:00,30.366,7.474,14401.36,141.2,0.0,14.0,0.0
2007-01-18 14:00:00,22.322,5.362,14556.12,102.4,0.0,12.0,0.0
2007-01-18 15:00:00,36.769999999999996,9.847999999999999,14610.7,157.6,0.0,23.0,263.0
2007-01-18 16:00:00,97.984,10.36,14517.52,406.4,0.0,2.0,1076.0
2007-01-18 17:00:00,129.2,7.4879999999999995,14219.45,543.4,0.0,26.0,1032.0
2007-01-18 18:00:00,188.008,10.36,14140.13,796.8,0.0,0.0,1022.0
2007-01-18 19:00:00,167.58,15.394,14292.57,705.4,0.0,25.0,876.0
2007-01-18 20:00:00,178.112,8.538,14356.45,743.6,0.0,0.0,1052.0
2007-01-18 21:00:00,166.728,7.604,14305.14,699.6,0.0,26.0,1045.0
2007-01-18 22:00:00,84.218,6.858,14436.04,348.6,0.0,0.0,1064.0
2007-01-18 23:00:00,31.498,6.73,14640.75,135.8,0.0,26.0,212.0
2007-01-19 00:00:00,18.322,5.79,14497.98,81.6,0.0,0.0,0.0
2007-01-19 01:00:00,18.98,6.954000000000001,14463.08,84.39999999999999,0.0,26.0,0.0
2007-01-19 02:00:00,18.286,5.864,14551.2,82.2,0.0,4.0,0.0
2007-01-19 03:00:00,18.514,6.162,14481.77,83.0,0.0,21.0,0.0
2007-01-19 04:00:00,19.036,6.760000000000001,14444.4,85.2,0.0,15.0,0.0
2007-01-19 05:00:00,18.026,5.42,14363.87,80.4,0.0,11.0,0.0
2007-01-19 06:00:00,48.04,6.494,14585.62,203.8,0.0,24.0,25.0
2007-01-19 07:00:00,170.346,9.422,14284.35,716.4,2.0,1.0,901.0
2007-01-19 08:00:00,127.666,8.11,14213.63,538.0,520.0,25.0,1032.0
2007-01-19 09:00:00,109.978,3.54,14153.31,465.40000000000003,557.0,0.0,1023.0
2007-01-19 10:00:00,68.678,6.07,14208.81,288.4,0.0,26.0,858.0
2007-01-19 11:00:00,15.474,4.186,14387.71,67.2,0.0,0.0,0.0
2007-01-19 12:00:00,18.15,7.976,14508.86,80.4,0.0,25.0,0.0
2007-01-19 13:00:00,22.956,3.5420000000000003,14600.22,101.0,0.0,0.0,0.0
2007-01-19 14:00:00,25.381999999999998,10.176,14686.36,118.4,0.0,25.0,0.0
2007-01-19 15:00:00,21.52,7.286,14749.19,99.2,0.0,8.0,0.0
2007-01-19 16:00:00,61.93,7.234,14595.48,259.6,0.0,18.0,390.0
2007-01-19 17:00:00,80.428,8.272,14405.77,336.8,0.0,20.0,910.0
2007-01-19 18:00:00,44.092,6.406,14225.8,192.2,0.0,5.0,0.0
2007-01-19 19:00:00,57.646,8.72,14158.62,247.2,0.0,25.0,0.0
2007-01-19 20:00:00,92.734,10.886,14251.77,391.4,0.0,0.0,0.0
2007-01-19 21:00:00,145.358,15.476,14253.75,613.2,0.0,25.0,812.0
2007-01-19 22:00:00,149.438,3.646,14320.53,627.4,473.0,0.0,765.0
2007-01-19 23:00:00,109.46,5.66,14439.68,459.0,551.0,26.0,456.0
2007-01-20 00:00:00,103.908,6.386,14471.97,446.0,0.0,0.0,0.0
2007-01-20 01:00:00,68.956,7.478,14561.79,311.6,0.0,25.0,0.0
2007-01-20 02:00:00,62.304,4.908,14609.43,280.0,0.0,2.0,0.0
2007-01-20 03:00:00,67.22,8.352,14486.67,305.8,0.0,24.0,0.0
2007-01-20 04:00:00,61.39,5.246,14477.42,279.0,0.0,13.0,0.0
2007-01-20 05:00:00,63.06,5.968,14427.39,285.2,0.0,12.0,0.0
2007-01-20 06:00:00,66.422,8.238,14535.75,298.0,0.0,24.0,0.0
2007-01-20 07:00:00,126.812,4.26,14388.54,545.0,0.0,2.0,540.0
2007-01-20 08:00:00,122.108,15.138,14337.26,524.6,0.0,26.0,49.0
2007-01-20 09:00:00,122.912,3.87,14272.81,516.0,0.0,418.0,697.0
2007-01-20 10:00:00,136.784,20.154,14099.6,594.2,1012.0,81.0,0.0
2007-01-20 11:00:00,124.536,22.846,14203.74,541.8,473.0,0.0,692.0
2007-01-20 12:00:00,110.58800000000001,19.572,14394.98,470.40000000000003,349.0,26.0,719.0
2007-01-20 13:00:00,255.062,20.46,14232.43,1085.2,654.0,1742.0,1035.0
2007-01-20 14:00:00,158.022,9.822,14481.99,662.8,451.0,733.0,1070.0
2007-01-20 15:00:00,118.282,10.15,14406.44,492.40000000000003,513.0,67.0,1059.0
2007-01-20 16:00:00,117.152,5.586,14326.18,488.6,0.0,10.0,1047.0
2007-01-20 17:00:00,167.712,6.404,14160.93,710.8000000000001,0.0,38.0,1024.0
2007-01-20 18:00:00,258.742,8.67,13837.55,1123.8,0.0,560.0,980.0
2007-01-20 19:00:00,320.582,16.498,13867.2,1391.0,0.0,1303.0,983.0
2007-01-20 20:00:00,222.776,8.544,14127.56,944.8,326.0,64.0,1019.0
2007-01-20 21:00:00,145.544,7.582,14343.93,612.4,546.0,9.0,526.0
2007-01-20 22:00:00,65.702,6.684,14367.56,276.0,0.0,38.0,0.0
2007-01-20 23:00:00,67.156,5.546,14550.04,275.8,0.0,5.0,0.0
2007-01-21 00:00:00,82.334,14.602,14517.65,363.6,0.0,26.0,0.0
2007-01-21 01:00:00,90.0,4.826,14452.51,388.8,0.0,10.0,354.0
2007-01-21 02:00:00,94.048,5.448,14585.07,405.2,0.0,16.0,396.0
2007-01-21 03:00:00,71.91,7.7139999999999995,14578.53,323.8,0.0,25.0,0.0
2007-01-21 04:00:00,70.466,3.274,14633.28,324.40000000000003,0.0,0.0,0.0
2007-01-21 05:00:00,72.374,6.676,14560.289999999999,330.2,0.0,26.0,0.0
2007-01-21 06:00:00,106.726,4.344,14530.81,457.2,0.0,0.0,0.0
2007-01-21 07:00:00,65.276,5.766,14452.23,285.8,0.0,25.0,0.0
2007-01-21 08:00:00,115.756,5.406,14362.37,501.4,0.0,0.0,406.0
2007-01-21 09:00:00,115.5,5.182,14228.85,497.0,0.0,24.0,688.0
2007-01-21 10:00:00,127.834,3.88,14218.99,543.2,0.0,0.0,1033.0
2007-01-21 11:00:00,171.604,14.694,14187.97,729.0,1248.0,25.0,1028.0
2007-01-21 12:00:00,161.802,19.13,14188.72,691.8,1091.0,1.0,1029.0
2007-01-21 13:00:00,165.834,18.084,14251.28,705.8,1051.0,24.0,1038.0
2007-01-21 14:00:00,115.544,13.198,14493.0,482.0,347.0,11.0,1072.0
2007-01-21 15:00:00,105.088,7.222,14395.15,448.8,720.0,450.0,59.0
2007-01-21 16:00:00,73.7,5.654,14412.75,308.8,0.0,24.0,0.0
2007-01-21 17:00:00,171.042,5.258,14174.69,735.2,0.0,1333.0,476.0
2007-01-21 18:00:00,218.936,10.436,14051.22,938.8,378.0,472.0,1009.0
2007-01-21 19:00:00,319.826,15.412,13740.34,1403.4,476.0,1688.0,966.0
2007-01-21 20:00:00,364.594,15.448,13880.64,1579.4,1783.0,941.0,986.0
2007-01-21 21:00:00,354.646,17.798,14143.03,1507.2,2501.0,382.0,1021.0
2007-01-21 22:00:00,139.664,12.438,14445.81,585.6,748.0,42.0,38.0
2007-01-21 23:00:00,32.758,7.846,14628.91,138.2,3.0,22.0,0.0
2007-01-22 00:00:00,18.962,8.396,14601.64,85.6,0.0,26.0,0.0
2007-01-22 01:00:00,15.693999999999999,3.706,14613.78,66.8,0.0,0.0,0.0
2007-01-22 02:00:00,18.296,7.48,14709.88,84.6,0.0,25.0,0.0
2007-01-22 03:00:00,15.618,3.528,14709.66,70.0,0.0,0.0,0.0
2007-01-22 04:00:00,18.228,7.222,14677.56,81.2,0.0,26.0,0.0
2007-01-22 05:00:00,15.996,4.0,14643.66,68.8,0.0,0.0,0.0
2007-01-22 06:00:00,59.62,6.284,14655.14,246.2,0.0,25.0,693.0
2007-01-22 07:00:00,111.876,8.474,14485.86,467.0,0.0,0.0,54.0
2007-01-22 08:00:00,185.176,8.246,14350.78,773.8,0.0,24.0,1052.0
2007-01-22 09:00:00,145.326,8.084,14341.39,607.2,526.0,6.0,1050.0
2007-01-22 10:00:00,113.698,6.286,14373.22,472.8,528.0,19.0,1055.0
2007-01-22 11:00:00,80.482,5.49,14333.23,333.2,0.0,11.0,1049.0
2007-01-22 12:00:00,81.228,5.2940000000000005,14479.53,333.0,0.0,14.0,1070.0
2007-01-22 13:00:00,65.85,8.98,14518.76,281.0,0.0,16.0,615.0
2007-01-22 14:00:00,86.268,6.1000000000000005,14727.65,349.4,0.0,9.0,1106.0
2007-01-22 15:00:00,85.264,8.116,14689.88,345.8,0.0,20.0,1100.0
2007-01-22 16:00:00,71.414,4.26,14647.57,292.40000000000003,0.0,5.0,918.0
2007-01-22 17:00:00,68.83800000000001,7.894,14320.84,290.8,0.0,23.0,0.0
2007-01-22 18:00:00,81.804,6.354,14224.07,349.6,0.0,14.0,0.0
2007-01-22 19:00:00,221.954,16.996,14078.12,949.0,0.0,412.0,635.0
2007-01-22 20:00:00,267.344,7.826,14156.1,1138.4,0.0,1567.0,964.0
2007-01-22 21:00:00,154.414,8.184,14335.289999999999,653.0,0.0,666.0,0.0
2007-01-22 22:00:00,99.328,5.606,14614.75,409.6,0.0,58.0,0.0
2007-01-22 23:00:00,97.816,5.836,14620.15,402.4,0.0,17.0,0.0
2007-01-23 00:00:00,122.46,9.02,14603.32,516.8,0.0,689.0,642.0
2007-01-23 01:00:00,32.32,5.132,14680.4,150.8,0.0,38.0,0.0
2007-01-23 02:00:00,28.34,5.938,14752.14,133.6,0.0,37.0,0.0
2007-01-23 03:00:00,28.222,5.658,14748.81,131.6,0.0,14.0,0.0
2007-01-23 04:00:00,27.902,5.03,14646.43,129.20000000000002,0.0,34.0,0.0
2007-01-23 05:00:00,27.986,5.086,14630.5,130.4,0.0,26.0,0.0
2007-01-23 06:00:00,27.278,4.106,14627.95,128.8,0.0,22.0,0.0
2007-01-23 07:00:00,133.508,8.336,14392.84,564.6,0.0,27.0,423.0
2007-01-23 08:00:00,99.77,4.442,14543.38,411.0,0.0,5.0,1079.0
2007-01-23 09:00:00,85.19,5.572,14446.88,353.59999999999997,0.0,24.0,1015.0
2007-01-23 10:00:00,15.522,3.5220000000000002,14462.94,65.6,0.0,1.0,0.0
2007-01-23 11:00:00,17.984,6.882,14482.06,79.2,0.0,24.0,0.0
2007-01-23 12:00:00,16.1,4.314,14563.7,68.8,0.0,0.0,0.0
2007-01-23 13:00:00,17.328,6.31,14575.45,75.8,0.0,23.0,0.0
2007-01-23 14:00:00,16.212,4.3420000000000005,14667.69,71.4,0.0,1.0,0.0
2007-01-23 15:00:00,17.362,6.39,14806.02,76.8,0.0,20.0,0.0
2007-01-23 16:00:00,20.394000000000002,7.73,14799.35,89.4,0.0,5.0,0.0
2007-01-23 17:00:00,120.298,4.948,14555.64,494.2,0.0,14.0,544.0
2007-01-23 18:00:00,143.282,7.136,14460.7,592.0,0.0,11.0,0.0
2007-01-23 19:00:00,218.458,4.388,14335.05,918.2,0.0,5.0,0.0
2007-01-23 20:00:00,214.736,9.31,14254.98,911.2,0.0,19.0,500.0
2007-01-23 21:00:00,175.168,3.896,14331.57,741.8,0.0,0.0,858.0
2007-01-23 22:00:00,92.46000000000001,7.036,14577.27,399.0,0.0,25.0,0.0
2007-01-23 23:00:00,79.36,3.7560000000000002,14633.01,341.8,0.0,0.0,0.0
2007-01-24 00:00:00,110.844,6.548,14592.15,467.8,0.0,25.0,403.0
2007-01-24 01:00:00,95.212,3.5220000000000002,14581.52,407.6,0.0,0.0,178.0
2007-01-24 02:00:00,89.006,5.794,14665.32,382.4,0.0,24.0,0.0
2007-01-24 03:00:00,88.758,3.022,14625.35,383.4,0.0,0.0,0.0
2007-01-24 04:00:00,86.718,5.814,14632.82,374.4,0.0,24.0,0.0
2007-01-24 05:00:00,86.744,3.762,14588.51,368.8,0.0,0.0,0.0
2007-01-24 06:00:00,82.91,6.3740000000000006,14682.13,360.0,0.0,25.0,0.0
2007-01-24 07:00:00,211.422,3.836,14338.73,898.8,0.0,0.0,784.0
2007-01-24 08:00:00,225.49,5.008,14312.99,952.4,12.0,331.0,1047.0
2007-01-24 09:00:00,211.074,3.2960000000000003,14266.72,889.0,634.0,1124.0,1040.0
2007-01-24 10:00:00,157.948,8.506,14250.8,672.0,626.0,693.0,1038.0
2007-01-24 11:00:00,93.5,10.056,14384.49,394.0,0.0,36.0,910.0
2007-01-24 12:00:00,172.296,17.756,14371.31,722.4,1146.0,36.0,1054.0
2007-01-24 13:00:00,110.23,7.242,14543.33,453.8,375.0,10.0,1080.0
2007-01-24 14:00:00,94.778,8.952,14673.2,386.8,136.0,36.0,1098.0
2007-01-24 15:00:00,152.388,5.78,14605.32,624.8,535.0,10.0,1089.0
2007-01-24 16:00:00,163.116,6.728,14675.15,665.2,0.0,33.0,883.0
2007-01-24 17:00:00,101.306,4.9959999999999996,14481.71,418.2,0.0,0.0,0.0
2007-01-24 18:00:00,130.214,7.08,14180.26,549.6,0.0,24.0,0.0
2007-01-24 19:00:00,129.448,10.016,14218.94,552.0,0.0,0.0,0.0
2007-01-24 20:00:00,177.838,12.936,14278.369999999999,747.2,0.0,25.0,719.0
2007-01-24 21:00:00,93.066,10.95,14425.91,389.2,0.0,0.0,0.0
2007-01-24 22:00:00,55.446,12.968,14666.04,234.4,0.0,24.0,0.0
2007-01-24 23:00:00,68.102,7.118,14658.01,282.2,0.0,0.0,421.0
2007-01-25 00:00:00,35.754,8.693999999999999,14742.34,151.4,0.0,25.0,281.0
2007-01-25 01:00:00,15.19,3.27,14606.18,64.8,0.0,0.0,0.0
2007-01-25 02:00:00,18.444,8.104,14829.74,83.0,0.0,24.0,0.0
2007-01-25 03:00:00,15.624,3.404,14902.44,69.6,0.0,0.0,0.0
2007-01-25 04:00:00,18.942,8.66,14876.44,86.39999999999999,0.0,24.0,0.0
2007-01-25 05:00:00,15.608,3.808,14781.43,68.8,0.0,0.0,0.0
2007-01-25 06:00:00,30.684,7.574,14715.55,133.2,0.0,24.0,119.0
2007-01-25 07:00:00,157.27,3.116,14385.51,652.6,0.0,0.0,1057.0
2007-01-25 08:00:00,79.612,4.2459999999999996,14377.22,328.2,0.0,10.0,1056.0
2007-01-25 09:00:00,35.22,4.706,14515.29,146.0,0.0,13.0,315.0
2007-01-25 10:00:00,16.134,4.484,14543.11,68.0,0.0,0.0,0.0
2007-01-25 11:00:00,17.528,6.684,14551.539999999999,76.8,0.0,24.0,0.0
2007-01-25 12:00:00,17.296,3.434,14538.52,76.4,0.0,0.0,0.0
2007-01-25 13:00:00,21.606,8.446,14610.55,94.6,0.0,24.0,0.0
2007-01-25 14:00:00,72.154,4.35,14645.37,294.40000000000003,0.0,0.0,752.0
2007-01-25 15:00:00,103.128,13.396,14661.42,425.0,0.0,24.0,1098.0
2007-01-25 16:00:00,89.474,5.574,14864.5,358.2,0.0,0.0,1127.0
2007-01-25 17:00:00,105.896,6.288,14483.77,438.0,104.0,11.0,1072.0
2007-01-25 18:00:00,144.964,5.354,14363.89,605.1999999999999,476.0,12.0,978.0
2007-01-25 19:00:00,182.546,4.83,14194.26,776.2,578.0,0.0,1030.0
2007-01-25 20:00:00,121.776,5.952,14447.05,509.2,0.0,23.0,1066.0
2007-01-25 21:00:00,137.914,6.516,14565.95,570.4,0.0,0.0,643.0
2007-01-25 22:00:00,80.636,6.25,14589.51,330.4,0.0,24.0,0.0
2007-01-25 23:00:00,62.944,7.02,14739.5,259.4,0.0,0.0,645.0
2007-01-26 00:00:00,17.574,6.674,14699.64,79.8,0.0,24.0,0.0
2007-01-26 01:00:00,16.522,4.9079999999999995,14613.29,72.0,0.0,0.0,0.0
2007-01-26 02:00:00,16.004,4.102,14731.92,72.0,0.0,9.0,0.0
2007-01-26 03:00:00,17.054,5.584,14674.76,76.6,0.0,14.0,0.0
2007-01-26 04:00:00,16.132,4.284,14692.32,71.6,0.0,0.0,0.0
2007-01-26 05:00:00,17.366,5.928,14713.289999999999,79.4,0.0,24.0,0.0
2007-01-26 06:00:00,65.886,4.944,14662.73,275.6,0.0,0.0,508.0
2007-01-26 07:00:00,135.982,4.514,14357.24,565.6,0.0,24.0,933.0
2007-01-26 08:00:00,30.706,4.706,14540.03,132.0,0.0,0.0,0.0
2007-01-26 09:00:00,48.088,3.882,14428.56,208.2,0.0,11.0,0.0
2007-01-26 10:00:00,48.004,5.33,14476.57,211.6,0.0,12.0,70.0
2007-01-26 11:00:00,152.346,3.498,14313.31,636.2,0.0,0.0,1048.0
2007-01-26 12:00:00,102.892,9.268,14455.93,436.0,0.0,23.0,1067.0
2007-01-26 13:00:00,95.368,5.336,14583.51,395.2,0.0,0.0,1086.0
2007-01-26 14:00:00,92.19200000000001,6.21,14733.94,378.2,0.0,24.0,1108.0
2007-01-26 15:00:00,40.468,4.75,14850.84,166.0,0.0,0.0,399.0
2007-01-26 16:00:00,17.416,6.692,14884.2,78.0,0.0,18.0,0.0
2007-01-26 17:00:00,35.53,6.8740000000000006,14546.01,151.0,0.0,6.0,0.0
2007-01-26 18:00:00,54.370000000000005,7.372,14390.06,228.8,0.0,0.0,0.0
2007-01-26 19:00:00,104.202,7.312,14369.960000000001,435.2,0.0,24.0,0.0
2007-01-26 20:00:00,88.638,6.536,14373.65,368.6,0.0,0.0,81.0
2007-01-26 21:00:00,156.444,10.958,14356.47,652.8,0.0,23.0,1018.0
2007-01-26 22:00:00,143.712,6.966,14448.02,598.8,587.0,0.0,383.0
2007-01-26 23:00:00,105.07600000000001,6.274,14695.13,429.6,576.0,25.0,537.0
2007-01-27 00:00:00,30.886,4.464,14700.0,127.8,36.0,0.0,0.0
2007-01-27 01:00:00,25.726,6.0840000000000005,14591.73,111.0,0.0,20.0,0.0
2007-01-27 02:00:00,15.762,3.046,14666.91,70.4,0.0,3.0,0.0
2007-01-27 03:00:00,17.092,5.288,14727.72,75.6,0.0,1.0,0.0
2007-01-27 04:00:00,17.412,5.898,14734.23,77.2,0.0,22.0,0.0
2007-01-27 05:00:00,17.104,4.524,14754.09,74.6,0.0,0.0,0.0
2007-01-27 06:00:00,31.92,5.852,14707.98,137.4,0.0,24.0,241.0
2007-01-27 07:00:00,91.912,3.79,14484.64,385.2,0.0,0.0,390.0
2007-01-27 08:00:00,123.296,11.554,14416.29,518.2,0.0,231.0,148.0
2007-01-27 09:00:00,110.758,4.038,14284.45,463.2,0.0,409.0,1043.0
2007-01-27 10:00:00,109.966,12.224,14337.36,462.6,0.0,24.0,1050.0
2007-01-27 11:00:00,94.72,6.228,14251.77,397.2,0.0,0.0,1038.0
2007-01-27 12:00:00,84.166,4.654,14320.26,350.8,0.0,14.0,1048.0
2007-01-27 13:00:00,92.512,8.864,14539.49,381.6,0.0,11.0,1079.0
2007-01-27 14:00:00,194.51,7.798,14416.64,813.0,527.0,1006.0,1062.0
2007-01-27 15:00:00,125.326,7.818,14586.33,517.2,72.0,636.0,1086.0
2007-01-27 16:00:00,122.78,7.3,14607.2,504.8,535.0,63.0,1089.0
2007-01-27 17:00:00,86.07,3.184,14376.69,355.4,0.0,10.0,1055.0
2007-01-27 18:00:00,122.904,7.598,14223.78,516.4,0.0,35.0,726.0
2007-01-27 19:00:00,126.646,11.604000000000001,14250.03,538.2,0.0,440.0,0.0
2007-01-27 20:00:00,120.848,5.5280000000000005,14224.98,513.0,0.0,129.0,788.0
2007-01-27 21:00:00,62.786,2.852,14540.27,260.4,0.0,20.0,386.0
2007-01-27 22:00:00,33.766,4.2620000000000005,14619.92,142.8,0.0,25.0,0.0
2007-01-27 23:00:00,185.204,3.79,14565.1,773.8,0.0,773.0,145.0
2007-01-28 00:00:00,190.324,8.686,14561.34,795.4,0.0,1278.0,507.0
2007-01-28 01:00:00,86.316,4.192,14453.48,370.2,0.0,38.0,0.0
2007-01-28 02:00:00,83.152,4.496,14587.97,358.8,0.0,35.0,0.0
2007-01-28 03:00:00,86.52,5.184,14683.27,378.8,0.0,17.0,0.0
2007-01-28 04:00:00,86.93,3.9859999999999998,14727.65,374.6,0.0,28.0,0.0
2007-01-28 05:00:00,84.576,4.218,14681.31,368.0,0.0,20.0,0.0
2007-01-28 06:00:00,87.728,5.276,14634.35,380.0,0.0,26.0,0.0
2007-01-28 07:00:00,82.084,2.906,14550.12,357.0,0.0,14.0,0.0
2007-01-28 08:00:00,133.724,5.584,14483.86,575.8,0.0,19.0,496.0
2007-01-28 09:00:00,130.278,3.336,14461.18,551.8,0.0,2.0,451.0
2007-01-28 10:00:00,106.276,5.116,14363.01,455.0,0.0,22.0,0.0
2007-01-28 11:00:00,129.394,2.65,14252.75,546.8,99.0,0.0,814.0
2007-01-28 12:00:00,251.75,18.636,14073.23,1081.4,1139.0,1110.0,1013.0
2007-01-28 13:00:00,202.106,14.032,14228.3,856.2,366.0,1180.0,1034.0
2007-01-28 14:00:00,106.528,5.976,14482.85,440.6,247.0,37.0,1071.0
2007-01-28 15:00:00,137.832,7.034,14558.01,573.8,564.0,36.0,633.0
2007-01-28 16:00:00,121.582,3.072,14455.17,503.4,0.0,10.0,1068.0
2007-01-28 17:00:00,149.9749366252837,4.051728655462512,14156.938980764515,632.9747552254262,1.3324807586746552,34.670610311092425,1005.0
2007-01-28 18:00:00,197.57,4.582,14108.11,838.0,0.0,9.0,1018.0
2007-01-28 19:00:00,149.82,10.968,14098.93,637.8,2.0,34.0,1016.0
2007-01-28 20:00:00,227.472,3.976,14058.19,973.2,468.0,0.0,1011.0
2007-01-28 21:00:00,184.722,11.198,14253.43,779.8,581.0,25.0,908.0
2007-01-28 22:00:00,54.394,6.202,14499.42,228.0,0.0,0.0,0.0
2007-01-28 23:00:00,20.316,8.118,14624.93,91.0,0.0,24.0,0.0
2007-01-29 00:00:00,16.616,3.984,14633.04,71.0,0.0,0.0,0.0
2007-01-29 01:00:00,18.762,6.998,14596.52,84.0,0.0,24.0,0.0
2007-01-29 02:00:00,16.614,3.86,14701.6,71.8,0.0,0.0,0.0
2007-01-29 03:00:00,18.99,7.432,14810.7,84.6,0.0,25.0,0.0
2007-01-29 04:00:00,16.322,3.358,14739.039999999999,70.8,0.0,0.0,0.0
2007-01-29 05:00:00,63.854,6.786,14710.59,263.0,0.0,25.0,747.0
2007-01-29 06:00:00,29.666,4.414,14803.28,127.4,0.0,0.0,0.0
2007-01-29 07:00:00,74.92,7.136,14449.1,316.6,0.0,24.0,203.0
2007-01-29 08:00:00,94.358,4.692,14289.14,395.0,0.0,0.0,1044.0
2007-01-29 09:00:00,109.676,4.636,14217.3,464.0,0.0,24.0,1033.0
2007-01-29 10:00:00,91.018,4.076,14240.97,381.0,0.0,0.0,1036.0
2007-01-29 11:00:00,84.714,5.446,14294.28,352.6,0.0,25.0,1044.0
2007-01-29 12:00:00,95.372,5.878,14330.88,401.6,0.0,0.0,1049.0
2007-01-29 13:00:00,106.3,12.974,14302.13,450.8,0.0,25.0,1045.0
2007-01-29 14:00:00,89.11,5.514,14458.97,366.4,0.0,0.0,1068.0
2007-01-29 15:00:00,88.13,8.188,14657.32,358.2,0.0,24.0,1097.0
2007-01-29 16:00:00,106.006,13.834,14680.24,439.4,0.0,0.0,1099.0
2007-01-29 17:00:00,99.254,5.316,14316.87,414.0,0.0,25.0,1047.0
2007-01-29 18:00:00,143.62,9.018,14102.37,609.4,0.0,0.0,1017.0
2007-01-29 19:00:00,173.308,17.522,14066.16,741.4,0.0,24.0,1012.0
2007-01-29 20:00:00,205.22,4.322,14107.84,871.0,528.0,0.0,1018.0
2007-01-29 21:00:00,104.394,3.742,14328.0,436.0,396.0,24.0,35.0
2007-01-29 22:00:00,57.024,7.09,14439.41,240.0,199.0,0.0,0.0
2007-01-29 23:00:00,79.416,9.48,14662.87,326.0,0.0,25.0,660.0
2007-01-30 00:00:00,22.924,4.946,14571.7,99.6,0.0,0.0,85.0
2007-01-30 01:00:00,19.032,7.064,14501.25,86.8,0.0,24.0,0.0
2007-01-30 02:00:00,17.468,4.604,14702.0,76.2,0.0,0.0,0.0
2007-01-30 03:00:00,19.27,7.57,14783.08,85.0,0.0,25.0,0.0
2007-01-30 04:00:00,17.432,4.166,14722.93,75.2,0.0,0.0,0.0
2007-01-30 05:00:00,19.82,8.342,14668.22,91.0,0.0,24.0,0.0
2007-01-30 06:00:00,57.058,3.202,14613.1,235.6,0.0,0.0,550.0
2007-01-30 07:00:00,181.506,7.86,14281.53,762.6,0.0,22.0,1042.0
2007-01-30 08:00:00,90.474,4.192,14283.44,377.6,0.0,3.0,1043.0
2007-01-30 09:00:00,44.806,6.8740000000000006,14411.39,192.2,0.0,17.0,431.0
2007-01-30 10:00:00,17.022,4.188,14514.93,74.2,0.0,7.0,0.0
2007-01-30 11:00:00,29.637999999999998,8.676,14490.92,139.0,0.0,14.0,0.0
2007-01-30 12:00:00,38.616,13.306,14567.67,170.6,0.0,11.0,0.0
2007-01-30 13:00:00,33.634,5.806,14481.25,144.8,0.0,10.0,0.0
2007-01-30 14:00:00,38.124,6.816,14639.15,165.6,0.0,15.0,0.0
2007-01-30 15:00:00,49.216,6.756,14766.97,203.4,0.0,7.0,496.0
2007-01-30 16:00:00,89.838,7.066,14711.05,362.8,0.0,18.0,1105.0
2007-01-30 17:00:00,116.02799999999999,12.549999999999999,14414.21,489.4,0.0,5.0,1061.0
2007-01-30 18:00:00,192.868,22.46,14218.43,820.6,0.0,137.0,1033.0
2007-01-30 19:00:00,183.856,14.634,14265.11,777.4,0.0,472.0,667.0
2007-01-30 20:00:00,172.376,8.026,14301.92,727.4,283.0,20.0,477.0
2007-01-30 21:00:00,100.396,4.002,14320.22,424.0,297.0,7.0,159.0
2007-01-30 22:00:00,119.438,4.8,14384.86,502.0,543.0,526.0,0.0
2007-01-30 23:00:00,36.958,3.028,14635.53,157.6,0.0,60.0,0.0
2007-01-31 00:00:00,34.34,5.2459999999999996,14406.28,143.6,0.0,14.0,0.0
2007-01-31 01:00:00,18.322,5.384,14469.67,80.6,0.0,15.0,0.0
2007-01-31 02:00:00,36.21,6.346,14612.8,152.4,0.0,10.0,287.0
2007-01-31 03:00:00,32.87,5.272,14684.93,138.4,0.0,16.0,246.0
2007-01-31 04:00:00,18.762,5.968,14637.94,83.6,0.0,10.0,0.0
2007-01-31 05:00:00,18.33,5.564,14528.04,80.6,0.0,15.0,0.0
2007-01-31 06:00:00,25.406,5.044,14583.98,110.4,0.0,10.0,0.0
2007-01-31 07:00:00,81.98,7.344,14392.28,347.2,0.0,23.0,492.0
2007-01-31 08:00:00,143.156,5.59,14141.93,605.4,0.0,16.0,1023.0
2007-01-31 09:00:00,84.508,3.902,14202.33,352.8,0.0,0.0,1031.0
2007-01-31 10:00:00,82.59,6.402,14259.6,344.6,0.0,38.0,1039.0
2007-01-31 11:00:00,170.27,19.509999999999998,14252.67,727.8,0.0,810.0,1038.0
2007-01-31 12:00:00,237.59,26.594,14186.74,1015.2,0.0,1947.0,1028.0
2007-01-31 13:00:00,106.962,7.308,14338.13,446.59999999999997,0.0,33.0,1050.0
2007-01-31 14:00:00,111.242,5.006,14500.85,457.4,0.0,38.0,1074.0
2007-01-31 15:00:00,225.912,15.97,14357.73,946.0,0.0,2006.0,1052.0
2007-01-31 16:00:00,129.002,6.824,14559.9,537.2,0.0,775.0,1082.0
2007-01-31 17:00:00,102.28,6.104,14488.88,421.4,0.0,50.0,1071.0
2007-01-31 18:00:00,181.744,8.066,14062.55,774.0,0.0,48.0,1011.0
2007-01-31 19:00:00,151.554,4.222,14228.07,638.2,0.0,0.0,1034.0
2007-01-31 20:00:00,69.58,7.252,14282.45,300.4,0.0,38.0,321.0
2007-01-31 21:00:00,170.332,5.086,14237.84,717.0,0.0,0.0,551.0
2007-01-31 22:00:00,111.718,5.598,14429.66,466.2,0.0,15.0,622.0
2007-01-31 23:00:00,19.092,6.386,14641.18,83.0,0.0,23.0,0.0
2007-02-01 00:00:00,16.712,4.016,14555.73,72.0,0.0,0.0,0.0
2007-02-01 01:00:00,19.15,7.398,14509.53,83.2,0.0,37.0,0.0
2007-02-01 02:00:00,17.456,4.734,14606.77,77.2,0.0,0.0,0.0
2007-02-01 03:00:00,17.766000000000002,4.798,14611.28,77.4,0.0,19.0,0.0
2007-02-01 04:00:00,18.266000000000002,6.176,14554.56,81.6,0.0,18.0,0.0
2007-02-01 05:00:00,40.284,2.888,14425.73,168.2,0.0,0.0,401.0
2007-02-01 06:00:00,133.166,8.332,14484.16,554.2,0.0,37.0,925.0
2007-02-01 07:00:00,183.496,3.704,14311.28,769.0,0.0,0.0,1047.0
2007-02-01 08:00:00,197.84,9.368,14161.17,837.2,555.0,20.0,1025.0
2007-02-01 09:00:00,123.248,4.862,14249.9,518.0,483.0,16.0,1038.0
2007-02-01 10:00:00,88.46000000000001,4.646,14313.64,368.0,132.0,0.0,1046.0
2007-02-01 11:00:00,82.316,6.7139999999999995,14354.3,340.6,0.0,37.0,1052.0
2007-02-01 12:00:00,36.912,5.506,14453.62,157.0,0.0,0.0,314.0
2007-02-01 13:00:00,17.884,5.406,14408.05,80.2,0.0,20.0,0.0
2007-02-01 14:00:00,18.594,6.464,14483.59,84.0,0.0,17.0,0.0
2007-02-01 15:00:00,17.88,5.518,14564.68,79.6,0.0,0.0,0.0
2007-02-01 16:00:00,19.954,8.488,14574.5,90.8,0.0,38.0,0.0
2007-02-01 17:00:00,48.324,6.388,14451.01,201.8,0.0,0.0,0.0
2007-02-01 18:00:00,154.856,10.044,14243.52,651.0,0.0,45.0,1023.0
2007-02-01 19:00:00,178.516,8.958,14162.8,756.4,0.0,0.0,1026.0
2007-02-01 20:00:00,127.768,9.462,14227.99,538.0,0.0,41.0,1034.0
2007-02-01 21:00:00,93.246,3.2359999999999998,14332.76,387.4,0.0,0.0,1050.0
2007-02-01 22:00:00,89.96,9.096,14539.27,369.0,0.0,28.0,1079.0
2007-02-01 23:00:00,82.706,4.062,14584.84,337.0,0.0,13.0,1085.0
2007-02-02 00:00:00,46.032,5.386,14570.82,191.4,0.0,0.0,467.0
2007-02-02 01:00:00,18.474,6.852,14527.83,82.4,0.0,40.0,0.0
2007-02-02 02:00:00,17.408,4.926,14655.49,75.0,0.0,0.0,0.0
2007-02-02 03:00:00,18.872,7.37,14596.97,83.6,0.0,39.0,0.0
2007-02-02 04:00:00,17.43,4.494,14556.69,74.6,0.0,0.0,0.0
2007-02-02 05:00:00,15.928,2.918,14533.32,70.6,0.0,1.0,0.0
2007-02-02 06:00:00,75.246,9.19,14500.37,323.4,0.0,37.0,392.0
2007-02-02 07:00:00,136.564,2.972,14308.35,570.6,0.0,0.0,1046.0
2007-02-02 08:00:00,91.216,7.268,14372.27,377.59999999999997,0.0,39.0,1055.0
2007-02-02 09:00:00,89.816,2.992,14281.25,375.8,0.0,0.0,1042.0
2007-02-02 10:00:00,99.644,4.876,14210.74,422.4,0.0,0.0,988.0
2007-02-02 11:00:00,78.328,6.22,14288.56,325.8,0.0,38.0,993.0
2007-02-02 12:00:00,38.93,8.272,14346.81,166.0,0.0,0.0,9.0
2007-02-02 13:00:00,88.192,7.66,14272.53,367.8,0.0,31.0,1043.0
2007-02-02 14:00:00,49.699999999999996,5.938,14519.77,208.6,0.0,8.0,523.0
2007-02-02 15:00:00,18.588,4.534,14550.59,81.8,0.0,0.0,0.0
2007-02-02 16:00:00,22.476,10.62,14512.05,103.8,0.0,39.0,0.0
2007-02-02 17:00:00,30.994,4.236,14420.91,132.0,0.0,0.0,0.0
2007-02-02 18:00:00,137.346,5.87,14328.64,575.4,0.0,19.0,1019.0
2007-02-02 19:00:00,127.014,5.864,14204.67,533.6,0.0,19.0,1030.0
2007-02-02 20:00:00,65.972,4.382,14380.62,275.6,0.0,0.0,91.0
2007-02-02 21:00:00,35.302,8.472,14387.78,149.6,0.0,38.0,0.0
2007-02-02 22:00:00,140.934,3.5180000000000002,14370.45,584.8,0.0,0.0,583.0
2007-02-02 23:00:00,207.33,4.712,14384.04,861.8,0.0,8.0,1057.0
2007-02-03 00:00:00,222.882,4.832,14366.8,926.2,0.0,29.0,1054.0
2007-02-03 01:00:00,209.45,3.392,14085.89,887.0,0.0,0.0,1015.0
2007-02-03 02:00:00,209.89600000000002,5.62,14298.94,877.4,0.0,37.0,1031.0
2007-02-03 03:00:00,141.736,4.432,14412.11,584.6,0.0,0.0,0.0
2007-02-03 04:00:00,131.292,3.6,14375.19,547.8,0.0,0.0,0.0
2007-02-03 05:00:00,139.588,6.41,14340.27,592.4,0.0,37.0,0.0
2007-02-03 06:00:00,124.826,3.252,14352.58,527.2,0.0,0.0,0.0
2007-02-03 07:00:00,122.938,6.09,14449.84,520.2,0.0,21.0,0.0
2007-02-03 08:00:00,130.994,6.784,14493.74,554.4,0.0,16.0,0.0
2007-02-03 09:00:00,87.736,3.98,14532.3,371.0,0.0,0.0,388.0
2007-02-03 10:00:00,92.374,9.138,14399.0,384.6,0.0,37.0,1059.0
2007-02-03 11:00:00,98.934,6.64,14348.01,415.4,0.0,170.0,1052.0
2007-02-03 12:00:00,94.768,4.192,14329.74,396.2,0.0,8.0,1048.0
2007-02-03 13:00:00,100.19,11.826,14485.33,428.6,0.0,31.0,772.0
2007-02-03 14:00:00,235.634,15.18,14507.2,983.2,580.0,1287.0,1076.0
2007-02-03 15:00:00,140.318,18.4,14581.06,583.2,628.0,68.0,1085.0
2007-02-03 16:00:00,152.786,14.374,14408.83,637.8,7.0,574.0,1060.0
2007-02-03 17:00:00,146.60399999999998,19.744,14344.04,615.0,0.0,109.0,1051.0
2007-02-03 18:00:00,301.26800000000003,18.538,13957.24,1300.0,762.0,662.0,996.0
2007-02-03 19:00:00,348.88,34.516,13891.23,1520.0,1034.0,1368.0,987.0
2007-02-03 20:00:00,209.482,18.668,14071.88,898.6,527.0,48.0,1012.0
2007-02-03 21:00:00,222.044,10.262,14242.83,934.6,568.0,13.0,1036.0
2007-02-03 22:00:00,201.056,12.306000000000001,14312.93,847.0,640.0,48.0,1047.0
2007-02-03 23:00:00,164.046,3.648,14443.7,682.6,0.0,10.0,1065.0
2007-02-04 00:00:00,304.4,7.006,14351.27,1273.0,764.0,49.0,1052.0
2007-02-04 01:00:00,249.56,5.436,14127.89,1066.4,718.0,10.0,1021.0
2007-02-04 02:00:00,141.36599999999999,5.16,14445.98,607.6,0.0,24.0,393.0
2007-02-04 03:00:00,116.95,5.944,14514.1,504.8,0.0,24.0,0.0
2007-02-04 04:00:00,117.72,4.198,14470.64,509.0,0.0,0.0,0.0
2007-02-04 05:00:00,120.612,7.058,14478.63,520.0,0.0,38.0,0.0
2007-02-04 06:00:00,175.67,3.094,14470.46,734.6,0.0,0.0,0.0
2007-02-04 07:00:00,115.294,4.438,14426.03,489.6,0.0,12.0,0.0
2007-02-04 08:00:00,135.93,7.488,14586.75,575.6,0.0,26.0,0.0
2007-02-04 09:00:00,163.608,3.36,14537.3,687.8,0.0,0.0,412.0
2007-02-04 10:00:00,144.678,8.372,14358.85,606.4,0.0,557.0,1053.0
2007-02-04 11:00:00,70.824,3.93,14299.68,297.2,0.0,0.0,818.0
2007-02-04 12:00:00,128.764,9.288,14305.74,545.2,673.0,4.0,1046.0
2007-02-04 13:00:00,117.3,13.366,14340.37,496.2,333.0,34.0,1051.0
2007-02-04 14:00:00,89.192,5.878,14559.56,368.0,0.0,0.0,1082.0
2007-02-04 15:00:00,148.492,14.96,14543.24,619.2,903.0,38.0,1080.0
2007-02-04 16:00:00,213.986,21.518,14382.2,903.0,0.0,1573.0,1057.0
2007-02-04 17:00:00,137.98,10.862,14289.52,580.6,0.0,470.0,1043.0
2007-02-04 18:00:00,160.572,4.982,14113.19,683.0,0.0,290.0,1018.0
2007-02-04 19:00:00,187.576,13.73,14015.18,806.4,0.0,140.0,1004.0
2007-02-04 20:00:00,188.526,7.832,14140.99,801.6,0.0,39.0,1022.0
2007-02-04 21:00:00,143.88,4.178,14241.45,607.8,0.0,0.0,320.0
2007-02-04 22:00:00,94.874,6.804,14460.48,395.6,0.0,39.0,0.0
2007-02-04 23:00:00,128.186,7.612,14612.5,535.6,0.0,1230.0,0.0
2007-02-05 00:00:00,24.451999999999998,6.8740000000000006,14475.62,108.2,0.0,79.0,0.0
2007-02-05 01:00:00,20.71,3.438,14460.95,92.0,0.0,10.0,0.0
2007-02-05 02:00:00,22.024,5.292,14617.57,98.6,0.0,19.0,0.0
2007-02-05 03:00:00,22.54,6.228,14630.27,100.0,0.0,42.0,0.0
2007-02-05 04:00:00,20.908,3.446,14560.84,91.4,0.0,10.0,0.0
2007-02-05 05:00:00,69.148,5.548,14471.64,288.2,0.0,52.0,774.0
2007-02-05 06:00:00,36.656,4.5,14578.03,160.0,0.0,9.0,0.0
2007-02-05 07:00:00,99.572,4.006,14459.52,413.6,0.0,1.0,405.0
2007-02-05 08:00:00,179.12,8.648,14292.55,754.4,896.0,38.0,1044.0
2007-02-05 09:00:00,81.602,3.394,14305.41,338.4,0.0,0.0,1045.0
2007-02-05 10:00:00,81.52,6.867999999999999,14213.26,343.0,0.0,34.0,1006.0
2007-02-05 11:00:00,18.11,3.408,14281.68,77.0,0.0,3.0,0.0
2007-02-05 12:00:00,45.642,9.0,14331.48,201.4,0.0,0.0,0.0
2007-02-05 13:00:00,37.93,7.288,14334.41,163.4,0.0,38.0,0.0
2007-02-05 14:00:00,65.252,5.154,14523.26,269.0,0.0,0.0,646.0
2007-02-05 15:00:00,96.578,6.222,14569.539999999999,395.8,0.0,22.0,1084.0
2007-02-05 16:00:00,49.978,6.402,14569.55,207.0,0.0,17.0,218.0
2007-02-05 17:00:00,45.704,3.568,14532.85,187.20000000000002,0.0,0.0,0.0
2007-02-05 18:00:00,59.903999999999996,6.954,14287.99,252.20000000000002,0.0,40.0,0.0
2007-02-05 19:00:00,133.462,12.134,14248.34,568.0,0.0,450.0,0.0
2007-02-05 20:00:00,206.546,7.0280000000000005,14374.96,866.8,0.0,1179.0,787.0
2007-02-05 21:00:00,140.102,8.89,14448.12,586.0,0.0,440.0,840.0
2007-02-05 22:00:00,62.632,5.138,14569.02,264.2,0.0,38.0,0.0
2007-02-05 23:00:00,25.188,7.8,14629.99,115.6,0.0,43.0,0.0
2007-02-06 00:00:00,24.096,4.856,14510.9,104.8,0.0,28.0,93.0
2007-02-06 01:00:00,46.45,4.61,14460.7,195.0,0.0,9.0,475.0
2007-02-06 02:00:00,19.496,7.0680000000000005,14498.74,88.2,0.0,51.0,0.0
2007-02-06 03:00:00,17.768,4.402,14573.14,77.4,0.0,9.0,0.0
2007-02-06 04:00:00,16.266000000000002,2.872,14490.26,71.6,0.0,9.0,0.0
2007-02-06 05:00:00,19.13,7.324,14446.6,87.2,0.0,35.0,0.0
2007-02-06 06:00:00,35.798,3.64,14555.76,150.4,0.0,0.0,0.0
2007-02-06 07:00:00,83.294,8.736,14356.25,356.0,0.0,35.0,262.0
2007-02-06 08:00:00,111.366,3.568,14229.88,469.6,553.0,12.0,859.0
2007-02-06 09:00:00,54.466,5.5840000000000005,14337.68,232.0,612.0,0.0,0.0
2007-02-06 10:00:00,41.08,6.664,14309.29,182.8,20.0,39.0,0.0
2007-02-06 11:00:00,44.312,4.788,14458.92,197.79999999999998,0.0,0.0,0.0
2007-02-06 12:00:00,32.898,5.616,14646.9,155.8,0.0,4.0,0.0
2007-02-06 13:00:00,51.048,9.216,14585.99,221.2,0.0,37.0,0.0
2007-02-06 14:00:00,69.402,3.916,14605.28,290.0,0.0,0.0,404.0
2007-02-06 15:00:00,94.926,8.216,14660.76,390.4,0.0,31.0,866.0
2007-02-06 16:00:00,41.396,6.622,14639.91,177.2,0.0,18.0,0.0
2007-02-06 17:00:00,40.732,4.856,14452.47,173.4,0.0,0.0,0.0
2007-02-06 18:00:00,40.16,7.23,14399.29,169.8,0.0,36.0,0.0
2007-02-06 19:00:00,37.862,5.49,14321.44,160.6,0.0,4.0,0.0
2007-02-06 20:00:00,113.802,8.078,14287.71,479.0,0.0,0.0,73.0
2007-02-06 21:00:00,166.744,8.456,14321.2,699.0,0.0,40.0,1049.0
2007-02-06 22:00:00,53.334,5.5120000000000005,14506.79,223.6,0.0,0.0,436.0
2007-02-06 23:00:00,17.654,5.246,14764.53,78.8,0.0,8.0,0.0
2007-02-07 00:00:00,18.606,7.616,14629.53,84.6,0.0,32.0,0.0
2007-02-07 01:00:00,16.084,3.574,14627.25,70.39999999999999,0.0,0.0,0.0
2007-02-07 02:00:00,19.608,8.914,14744.08,88.8,0.0,32.0,0.0
2007-02-07 03:00:00,16.434,4.284,14686.0,72.4,0.0,10.0,0.0
2007-02-07 04:00:00,16.772000000000002,4.316,14584.76,73.2,0.0,0.0,0.0
2007-02-07 05:00:00,20.073999999999998,6.164,14561.05,90.0,0.0,39.0,36.0
2007-02-07 06:00:00,133.914,5.422,14567.87,552.6,0.0,0.0,1085.0
2007-02-07 07:00:00,166.19,3.946,14372.73,692.8,15.0,0.0,1055.0
2007-02-07 08:00:00,131.426,8.876,14376.82,550.2,568.0,38.0,1057.0
2007-02-07 09:00:00,113.598,2.682,14322.92,474.4,575.0,0.0,1048.0
2007-02-07 10:00:00,81.02,5.126,14313.66,337.2,0.0,1.0,1047.0
2007-02-07 11:00:00,136.91,15.104,14226.63,583.4,0.0,528.0,1035.0
2007-02-07 12:00:00,124.716,16.312,14351.11,526.2,0.0,43.0,1052.0
2007-02-07 13:00:00,100.042,6.936,14512.79,411.0,0.0,28.0,1076.0
2007-02-07 14:00:00,98.774,6.674,14604.28,403.0,0.0,13.0,1088.0
2007-02-07 15:00:00,157.13,8.182,14709.97,642.8,455.0,1215.0,406.0
2007-02-07 16:00:00,117.4,18.252,14651.1,501.0,72.0,1399.0,0.0
2007-02-07 17:00:00,73.272,5.71,14578.41,306.2,514.0,23.0,0.0
2007-02-07 18:00:00,106.324,4.02,14250.02,450.0,0.0,30.0,0.0
2007-02-07 19:00:00,147.02,13.076,14241.05,620.4,0.0,44.0,0.0
2007-02-07 20:00:00,107.112,6.566,14287.88,450.8,0.0,0.0,39.0
2007-02-07 21:00:00,223.974,4.442,14190.33,945.4,15.0,6.0,1031.0
2007-02-07 22:00:00,150.132,5.768,14252.93,634.2,517.0,32.0,931.0
2007-02-07 23:00:00,51.486,5.7459999999999996,14612.39,219.0,568.0,0.0,0.0
2007-02-08 00:00:00,18.216,6.724,14643.82,82.6,0.0,29.0,0.0
2007-02-08 01:00:00,17.562,5.55,14624.28,75.39999999999999,0.0,12.0,0.0
2007-02-08 02:00:00,16.028,3.242,14700.03,70.39999999999999,0.0,0.0,0.0
2007-02-08 03:00:00,20.454,8.546,14634.19,94.2,0.0,42.0,0.0
2007-02-08 04:00:00,19.682000000000002,4.108,14580.67,85.4,0.0,6.0,0.0
2007-02-08 05:00:00,44.666,3.368,14470.39,184.2,0.0,0.0,298.0
2007-02-08 06:00:00,70.19200000000001,6.812,14528.53,300.6,0.0,33.0,344.0
2007-02-08 07:00:00,114.936,4.922,14372.88,480.4,0.0,6.0,735.0
2007-02-08 08:00:00,104.326,3.59,14422.96,432.6,0.0,0.0,1062.0
2007-02-08 09:00:00,86.966,7.336,14386.42,359.8,0.0,45.0,1058.0
2007-02-08 10:00:00,80.33,4.058,14416.52,329.0,0.0,3.0,1062.0
2007-02-08 11:00:00,79.288,2.67,14416.31,324.6,0.0,0.0,1061.0
2007-02-08 12:00:00,83.29,7.466,14421.58,342.59999999999997,0.0,39.0,1063.0
2007-02-08 13:00:00,24.174,3.216,14587.9,103.2,0.0,1.0,138.0
2007-02-08 14:00:00,20.126,6.394,14759.03,91.0,0.0,0.0,0.0
2007-02-08 15:00:00,36.078,10.698,14768.78,153.2,0.0,47.0,0.0
2007-02-08 16:00:00,39.0,5.752,14723.72,158.4,0.0,0.0,0.0
2007-02-08 17:00:00,106.132,3.26,14479.46,434.8,0.0,0.0,1045.0
2007-02-08 18:00:00,106.33,6.45,14259.34,447.2,0.0,38.0,502.0
2007-02-08 19:00:00,201.752,13.626,14222.99,860.6,1089.0,0.0,0.0
2007-02-08 20:00:00,178.716,3.866,14265.4,750.2,23.0,5.0,899.0
2007-02-08 21:00:00,163.808,5.966,14347.39,689.6,528.0,35.0,258.0
2007-02-08 22:00:00,121.572,3.466,14477.24,506.0,586.0,0.0,192.0
2007-02-08 23:00:00,47.79,7.8100000000000005,14678.289999999999,201.6,0.0,25.0,440.0
2007-02-09 00:00:00,19.233999999999998,5.494,14599.45,85.4,0.0,15.0,0.0
2007-02-09 01:00:00,17.476,3.08,14556.13,74.0,0.0,0.0,0.0
2007-02-09 02:00:00,20.56,9.898,14737.42,94.2,0.0,43.0,0.0
2007-02-09 03:00:00,16.47,3.678,14661.51,70.8,0.0,2.0,0.0
2007-02-09 04:00:00,16.782,3.6839999999999997,14536.16,72.0,0.0,0.0,0.0
2007-02-09 05:00:00,18.278,6.566,14492.77,83.2,0.0,39.0,0.0
2007-02-09 06:00:00,65.18,3.09,14585.33,273.6,0.0,0.0,410.0
2007-02-09 07:00:00,142.936,5.768,14389.62,593.6,0.0,0.0,1059.0
2007-02-09 08:00:00,99.486,6.316,14321.02,414.2,0.0,38.0,1048.0
2007-02-09 09:00:00,80.336,4.214,14286.98,333.59999999999997,0.0,0.0,1043.0
2007-02-09 10:00:00,79.812,3.14,14365.29,330.2,0.0,0.0,1054.0
2007-02-09 11:00:00,83.244,8.24,14334.01,345.0,0.0,38.0,1050.0
2007-02-09 12:00:00,59.35,4.436,14464.67,250.20000000000002,0.0,0.0,689.0
2007-02-09 13:00:00,61.662,4.892,14534.6,256.6,0.0,17.0,568.0
2007-02-09 14:00:00,85.078,7.564,14625.91,346.8,0.0,21.0,1092.0
2007-02-09 15:00:00,41.082,4.828,14769.6,170.4,0.0,0.0,390.0
2007-02-09 16:00:00,21.082,10.724,14780.25,97.8,0.0,40.0,0.0
2007-02-09 17:00:00,19.528,4.088,14575.91,84.2,0.0,0.0,0.0
2007-02-09 18:00:00,32.748,4.268,14297.85,145.0,0.0,0.0,0.0
2007-02-09 19:00:00,94.354,9.432,14356.05,394.2,0.0,39.0,0.0
2007-02-09 20:00:00,143.072,10.38,14350.67,600.6,0.0,701.0,0.0
2007-02-09 21:00:00,135.062,16.344,14415.42,565.0,0.0,169.0,363.0
2007-02-09 22:00:00,230.146,7.0280000000000005,14373.38,966.8,0.0,1785.0,1004.0
2007-02-09 23:00:00,37.24,10.914,14696.24,159.8,0.0,98.0,0.0
2007-02-10 00:00:00,22.336,6.246,14587.82,98.4,0.0,46.0,0.0
2007-02-10 01:00:00,19.4,3.744,14574.13,85.2,0.0,10.0,0.0
2007-02-10 02:00:00,22.546,9.026,14638.63,102.2,0.0,61.0,0.0
2007-02-10 03:00:00,20.088,4.022,14665.92,88.0,0.0,10.0,0.0
2007-02-10 04:00:00,20.258,4.964,14580.13,90.0,0.0,14.0,0.0
2007-02-10 05:00:00,21.202,7.098,14534.0,95.4,0.0,57.0,0.0
2007-02-10 06:00:00,53.276,3.86,14532.95,222.4,0.0,2.0,564.0
2007-02-10 07:00:00,88.058,6.276,14468.460000000001,371.4,0.0,8.0,74.0
2007-02-10 08:00:00,100.026,7.334,14497.7,416.0,513.0,39.0,0.0
2007-02-10 09:00:00,107.824,5.606,14375.91,453.0,522.0,9.0,0.0
2007-02-10 10:00:00,136.122,10.486,14158.93,578.0,0.0,413.0,760.0
2007-02-10 11:00:00,153.142,9.536,14202.16,648.6,0.0,800.0,1031.0
2007-02-10 12:00:00,167.396,9.394,14239.22,709.6,0.0,1135.0,1036.0
2007-02-10 13:00:00,122.11,12.342,14502.5,510.6,257.0,74.0,1074.0
2007-02-10 14:00:00,124.182,5.786,14409.03,516.4,636.0,3.0,1061.0
2007-02-10 15:00:00,90.632,7.174,14511.96,371.0,0.0,38.0,1075.0
2007-02-10 16:00:00,90.016,6.76,14497.71,369.6,0.0,11.0,1073.0
2007-02-10 17:00:00,108.124,7.934,14350.05,454.8,0.0,0.0,1052.0
2007-02-10 18:00:00,210.958,11.904,14164.36,893.2,0.0,45.0,1026.0
2007-02-10 19:00:00,282.688,16.266,14016.93,1211.4,1192.0,0.0,1005.0
2007-02-10 20:00:00,244.184,16.584,14150.63,1043.4,1208.0,0.0,1024.0
2007-02-10 21:00:00,153.62800000000001,9.494,14266.15,643.2,4.0,39.0,1040.0
2007-02-10 22:00:00,281.43,4.52,14268.1,1186.6,739.0,0.0,1040.0
2007-02-10 23:00:00,189.702,6.618,14459.65,799.0,0.0,17.0,470.0
2007-02-11 00:00:00,139.48,5.94,14469.31,592.0,0.0,31.0,0.0
2007-02-11 01:00:00,120.012,4.184,14331.3,522.6,0.0,0.0,0.0
2007-02-11 02:00:00,118.11,6.998,14443.48,512.2,0.0,25.0,0.0
2007-02-11 03:00:00,117.092,4.802,14494.71,513.0,0.0,15.0,0.0
2007-02-11 04:00:00,124.55799999999999,4.114,14395.38,543.6,0.0,0.0,166.0
2007-02-11 05:00:00,163.946,7.624,14377.11,705.2,0.0,46.0,549.0
2007-02-11 06:00:00,150.806,4.402,14339.3,641.2,0.0,3.0,0.0
2007-02-11 07:00:00,144.502,4.558,14417.96,613.0,0.0,0.0,0.0
2007-02-11 08:00:00,159.248,7.7540000000000004,14409.59,671.0,0.0,43.0,0.0
2007-02-11 09:00:00,160.856,13.038,14257.45,685.4,0.0,0.0,639.0
2007-02-11 10:00:00,126.052,8.332,14191.85,540.8,0.0,0.0,465.0
2007-02-11 11:00:00,206.392,18.758,14480.460000000001,864.8,0.0,427.0,915.0
2007-02-11 12:00:00,227.476,18.558,14368.28,957.4,1151.0,127.0,1055.0
2007-02-11 13:00:00,178.428,16.944,14502.02,745.8,160.0,1008.0,1073.0
2007-02-11 14:00:00,205.868,13.693999999999999,14405.34,864.0,527.0,1417.0,1060.0
2007-02-11 15:00:00,176.068,9.196,14459.77,741.6,592.0,1424.0,402.0
2007-02-11 16:00:00,26.31,11.206,14562.33,118.60000000000001,0.0,90.0,0.0
2007-02-11 17:00:00,91.972,4.064,14290.89,391.6,0.0,11.0,535.0
2007-02-11 18:00:00,181.606,6.584,14091.78,771.2,0.0,7.0,1015.0
2007-02-11 19:00:00,209.088,12.83,14008.49,898.2,0.0,44.0,1004.0
2007-02-11 20:00:00,189.72,4.214,14269.96,798.2,0.0,0.0,1041.0
2007-02-11 21:00:00,157.966,7.0680000000000005,14364.61,659.6,0.0,24.0,1054.0
2007-02-11 22:00:00,110.57,5.542,14458.64,457.6,0.0,23.0,1068.0
2007-02-11 23:00:00,85.102,3.91,14498.84,350.0,0.0,0.0,1073.0
2007-02-12 00:00:00,86.162,7.164,14491.54,354.6,0.0,40.0,1072.0
2007-02-12 01:00:00,27.082,3.056,14475.97,119.2,0.0,7.0,150.0
2007-02-12 02:00:00,19.942,5.436,14569.88,92.0,0.0,0.0,0.0
2007-02-12 03:00:00,20.786,6.856,14494.58,94.6,0.0,46.0,0.0
2007-02-12 04:00:00,18.09,2.906,14379.51,82.8,0.0,0.0,0.0
2007-02-12 05:00:00,19.0,4.294,14386.55,89.0,0.0,0.0,0.0
2007-02-12 06:00:00,108.81,6.144,14471.27,457.2,0.0,42.0,711.0
2007-02-12 07:00:00,147.958,4.698,14366.9,615.2,8.0,0.0,1055.0
2007-02-12 08:00:00,130.32,5.724,14376.07,541.4,537.0,25.0,1055.0
2007-02-12 09:00:00,119.60000000000001,6.5040000000000004,14282.73,501.8,613.0,23.0,1043.0
2007-02-12 10:00:00,80.502,3.042,14231.93,337.2,0.0,0.0,1035.0
2007-02-12 11:00:00,82.538,5.432,14266.11,345.6,0.0,35.0,1040.0
2007-02-12 12:00:00,55.294,6.332,14504.69,233.0,0.0,7.0,580.0
2007-02-12 13:00:00,43.702,10.67,14524.66,201.4,0.0,0.0,0.0
2007-02-12 14:00:00,78.538,7.548,14643.87,326.6,0.0,48.0,831.0
2007-02-12 15:00:00,83.328,4.426,14503.96,341.8,0.0,0.0,1074.0
2007-02-12 16:00:00,46.232,2.896,14443.99,192.4,0.0,0.0,379.0
2007-02-12 17:00:00,43.306,6.306,14296.58,180.4,0.0,41.0,0.0
2007-02-12 18:00:00,61.402,4.458,14237.22,255.8,0.0,0.0,0.0
2007-02-12 19:00:00,135.338,10.306000000000001,14091.53,579.8,0.0,19.0,0.0
2007-02-12 20:00:00,216.334,4.784,14116.35,919.2,481.0,27.0,652.0
2007-02-12 21:00:00,141.248,3.248,14283.3,592.6,71.0,0.0,208.0
2007-02-12 22:00:00,56.9,9.92,14615.78,245.6,517.0,33.0,0.0
2007-02-12 23:00:00,55.198,4.554,14686.869999999999,225.8,0.0,6.0,632.0
2007-02-13 00:00:00,16.552,4.12,14647.99,72.39999999999999,0.0,0.0,0.0
2007-02-13 01:00:00,19.092,7.6979999999999995,14486.48,87.2,0.0,39.0,0.0
2007-02-13 02:00:00,17.332,3.8240000000000003,14616.33,75.2,0.0,0.0,0.0
2007-02-13 03:00:00,17.816,5.8,14611.37,78.8,0.0,15.0,0.0
2007-02-13 04:00:00,16.766,4.624,14513.68,74.2,0.0,24.0,0.0
2007-02-13 05:00:00,17.124,4.856,14528.36,76.39999999999999,0.0,0.0,0.0
2007-02-13 06:00:00,56.658,7.834,14559.14,243.0,0.0,38.0,0.0
2007-02-13 07:00:00,100.378,3.964,14368.78,418.2,0.0,0.0,779.0
2007-02-13 08:00:00,61.234,4.716,14410.57,256.0,0.0,5.0,426.0
2007-02-13 09:00:00,31.678,6.232,14414.1,132.0,0.0,34.0,0.0
2007-02-13 10:00:00,29.736,3.666,14328.72,126.0,0.0,0.0,0.0
2007-02-13 11:00:00,34.924,6.01,14418.710000000001,145.8,0.0,39.0,0.0
2007-02-13 12:00:00,31.84,5.128,14572.04,133.0,0.0,0.0,0.0
2007-02-13 13:00:00,19.332,3.9,14629.45,81.0,0.0,0.0,0.0
2007-02-13 14:00:00,46.066,7.168,14717.81,188.2,0.0,38.0,0.0
2007-02-13 15:00:00,26.412,4.918,14593.81,110.2,0.0,0.0,0.0
2007-02-13 16:00:00,74.566,5.53,14476.59,309.8,0.0,31.0,819.0
2007-02-13 17:00:00,89.756,4.27,14371.24,371.4,0.0,7.0,1055.0
2007-02-13 18:00:00,134.792,3.554,14197.59,567.2,0.0,0.0,1030.0
2007-02-13 19:00:00,147.578,12.62,14115.33,632.6,0.0,581.0,440.0
2007-02-13 20:00:00,86.396,3.556,14282.97,366.2,0.0,5.0,211.0
2007-02-13 21:00:00,212.718,8.096,14230.46,902.0,0.0,1832.0,553.0
2007-02-13 22:00:00,52.008,9.036,14542.9,219.4,0.0,102.0,14.0
2007-02-13 23:00:00,73.792,3.5580000000000003,14645.85,300.8,0.0,38.0,929.0
2007-02-14 00:00:00,20.848,10.38,14675.45,94.6,0.0,62.0,0.0
2007-02-14 01:00:00,17.036,4.378,14586.71,74.2,0.0,11.0,0.0
2007-02-14 02:00:00,17.404,4.886,14657.8,77.2,0.0,10.0,0.0
2007-02-14 03:00:00,19.216,7.859999999999999,14559.75,88.6,0.0,58.0,0.0
2007-02-14 04:00:00,17.196,4.298,14475.65,75.6,0.0,10.0,0.0
2007-02-14 05:00:00,17.35,5.264,14481.35,77.4,0.0,19.0,0.0
2007-02-14 06:00:00,98.108,6.896,14627.59,409.8,0.0,31.0,619.0
2007-02-14 07:00:00,162.99,5.702,14300.56,682.2,18.0,0.0,1045.0
2007-02-14 08:00:00,152.918,7.906,14273.88,643.0,559.0,32.0,1041.0
2007-02-14 09:00:00,114.36,5.486,14311.69,478.0,561.0,10.0,1047.0
2007-02-14 10:00:00,79.536,3.046,14356.83,327.6,0.0,0.0,1053.0
2007-02-14 11:00:00,114.604,17.372,14477.81,480.8,0.0,178.0,1070.0
2007-02-14 12:00:00,207.076,17.96,14483.52,865.6,980.0,196.0,1071.0
2007-02-14 13:00:00,149.382,8.964,14470.54,619.8,111.0,0.0,1069.0
2007-02-14 14:00:00,145.814,9.266,14569.41,597.6,0.0,47.0,1084.0
2007-02-14 15:00:00,261.848,7.524,14396.08,1091.8,0.0,1897.0,1058.0
2007-02-14 16:00:00,130.862,12.798,14443.49,554.8,0.0,1065.0,93.0
2007-02-14 17:00:00,58.714,6.71,14445.26,244.4,0.0,22.0,0.0
2007-02-14 18:00:00,144.99,7.862,14086.82,616.0,0.0,7.0,0.0
2007-02-14 19:00:00,139.784,18.444,14133.289999999999,599.8,0.0,69.0,0.0
2007-02-14 20:00:00,109.19,6.728,14146.92,468.4,22.0,0.0,389.0
2007-02-14 21:00:00,203.842,4.104,14039.29,871.0,511.0,0.0,940.0
2007-02-14 22:00:00,95.2,11.076,14513.83,404.6,533.0,43.0,0.0
2007-02-14 23:00:00,20.404,7.596,14627.04,91.0,0.0,26.0,0.0
2007-02-15 00:00:00,25.202,4.066,14476.33,106.6,0.0,0.0,0.0
2007-02-15 01:00:00,24.262,4.802,14449.6,104.60000000000001,0.0,0.0,0.0
2007-02-15 02:00:00,21.882,9.934,14612.11,99.6,0.0,64.0,0.0
2007-02-15 03:00:00,18.868,4.53,14609.26,84.6,0.0,0.0,0.0
2007-02-15 04:00:00,17.546,2.758,14501.66,76.6,0.0,0.0,0.0
2007-02-15 05:00:00,64.068,7.882,14465.54,268.8,0.0,37.0,712.0
2007-02-15 06:00:00,101.194,5.414,14538.46,423.2,0.0,24.0,619.0
2007-02-15 07:00:00,139.79,5.4879999999999995,14334.6,583.4,0.0,0.0,1050.0
2007-02-15 08:00:00,87.024,4.606,14345.82,360.0,0.0,0.0,1052.0
2007-02-15 09:00:00,86.068,9.834,14404.84,358.0,0.0,60.0,1060.0
2007-02-15 10:00:00,82.182,3.948,14372.35,338.8,0.0,0.0,1055.0
2007-02-15 11:00:00,82.986,4.522,14420.2,341.8,0.0,0.0,1062.0
2007-02-15 12:00:00,85.418,7.838,14457.58,351.6,0.0,37.0,1068.0
2007-02-15 13:00:00,64.03,6.098,14479.04,266.8,0.0,25.0,737.0
2007-02-15 14:00:00,19.606,5.3260000000000005,14675.6,88.2,0.0,0.0,0.0
2007-02-15 15:00:00,19.266000000000002,4.87,14617.18,85.8,0.0,0.0,0.0
2007-02-15 16:00:00,27.632,11.328,14480.06,129.2,0.0,62.0,0.0
2007-02-15 17:00:00,24.928,3.0100000000000002,14405.97,120.2,0.0,0.0,0.0
2007-02-15 18:00:00,106.652,6.832,14159.46,459.0,0.0,419.0,351.0
2007-02-15 19:00:00,246.648,19.868,14151.05,1050.0,0.0,1096.0,1024.0
2007-02-15 20:00:00,217.066,15.146,14201.76,920.4,0.0,433.0,1031.0
2007-02-15 21:00:00,177.738,3.296,14227.12,749.1999999999999,0.0,36.0,1034.0
2007-02-15 22:00:00,145.448,4.206,14537.0,602.0,0.0,4.0,1079.0
2007-02-15 23:00:00,99.842,10.362,14641.09,412.8,0.0,66.0,1094.0
2007-02-16 00:00:00,93.732,3.562,14504.43,388.2,0.0,0.0,1075.0
2007-02-16 01:00:00,49.552,3.578,14630.44,215.79999999999998,0.0,0.0,349.0
2007-02-16 02:00:00,31.864,8.758000000000001,14791.0,148.4,0.0,38.0,0.0
2007-02-16 03:00:00,30.038,6.3100000000000005,14787.07,140.8,0.0,28.0,0.0
2007-02-16 04:00:00,29.422,4.7540000000000004,14572.38,137.4,0.0,0.0,0.0
2007-02-16 05:00:00,34.934,2.678,14512.25,158.6,0.0,0.0,42.0
2007-02-16 06:00:00,199.588,10.568,14490.37,830.4,586.0,63.0,1073.0
2007-02-16 07:00:00,145.192,4.808,14560.97,598.4,562.0,0.0,70.0
2007-02-16 08:00:00,20.1,4.352,14396.91,89.4,0.0,0.0,0.0
2007-02-16 09:00:00,20.637999999999998,6.744,14301.59,95.2,0.0,21.0,0.0
2007-02-16 10:00:00,21.318,8.426,14375.36,96.4,0.0,42.0,0.0
2007-02-16 11:00:00,59.362,3.798,14315.52,250.20000000000002,0.0,0.0,676.0
2007-02-16 12:00:00,19.964,5.05,14393.2,89.2,0.0,0.0,9.0
2007-02-16 13:00:00,21.896,9.28,14397.14,101.8,0.0,50.0,0.0
2007-02-16 14:00:00,19.746000000000002,5.836,14572.22,88.0,0.0,14.0,0.0
2007-02-16 15:00:00,19.514,5.144,14610.5,89.2,0.0,0.0,0.0
2007-02-16 16:00:00,20.556,6.03,14525.42,93.0,0.0,10.0,0.0
2007-02-16 17:00:00,24.766,10.518,14471.03,114.4,0.0,56.0,0.0
2007-02-16 18:00:00,84.608,5.65,14201.68,365.8,0.0,0.0,188.0
2007-02-16 19:00:00,187.784,6.412,14120.21,795.2,0.0,42.0,1019.0
2007-02-16 20:00:00,169.584,10.298,14121.56,721.6,0.0,467.0,1020.0
2007-02-16 21:00:00,167.708,9.718,14245.04,704.0,0.0,21.0,1037.0
2007-02-16 22:00:00,122.198,3.95,14387.87,508.4,0.0,0.0,1058.0
2007-02-16 23:00:00,108.464,5.464,14498.0,447.2,0.0,7.0,1073.0
2007-02-17 00:00:00,90.818,9.81,14442.89,374.4,0.0,60.0,1065.0
2007-02-17 01:00:00,67.122,3.676,14442.75,277.4,0.0,0.0,837.0
2007-02-17 02:00:00,17.232,4.576,14574.789999999999,74.6,0.0,0.0,0.0
2007-02-17 03:00:00,19.428,8.342,14524.33,89.2,0.0,44.0,0.0
2007-02-17 04:00:00,18.86,7.466,14431.46,87.0,0.0,23.0,0.0
2007-02-17 05:00:00,28.792,2.786,14427.51,120.4,0.0,0.0,0.0
2007-02-17 06:00:00,29.228,5.194,14621.66,121.60000000000001,0.0,0.0,0.0
2007-02-17 07:00:00,58.402,10.82,14601.59,251.0,0.0,67.0,0.0
2007-02-17 08:00:00,156.62,8.598,14437.92,652.2,0.0,927.0,961.0
2007-02-17 09:00:00,123.926,5.484,14344.13,521.2,0.0,686.0,1051.0
2007-02-17 10:00:00,48.812,9.092,14241.61,210.0,0.0,89.0,451.0
2007-02-17 11:00:00,17.168,4.092,14250.37,76.0,0.0,9.0,0.0
2007-02-17 12:00:00,26.838,10.926,14314.11,121.2,0.0,10.0,0.0
2007-02-17 13:00:00,136.214,22.12,14349.05,580.8,542.0,80.0,743.0
2007-02-17 14:00:00,97.008,10.772,14439.57,407.6,558.0,18.0,190.0
2007-02-17 15:00:00,108.13,22.052,14306.52,465.0,0.0,9.0,682.0
2007-02-17 16:00:00,34.14,15.816,14435.46,156.6,0.0,42.0,60.0
2007-02-17 17:00:00,26.196,11.582,14358.41,122.0,0.0,50.0,0.0
2007-02-17 18:00:00,65.824,5.75,14221.14,282.0,0.0,0.0,101.0
2007-02-17 19:00:00,161.666,16.637999999999998,14094.04,687.4,0.0,4.0,1016.0
2007-02-17 20:00:00,112.444,18.116,14260.32,475.6,0.0,63.0,0.0
2007-02-17 21:00:00,165.034,14.436,14177.619999999999,701.4,665.0,0.0,0.0
2007-02-17 22:00:00,230.896,3.94,14145.89,974.4,0.0,0.0,0.0
2007-02-17 23:00:00,236.114,6.884,14171.95,997.0,0.0,45.0,0.0
2007-02-18 00:00:00,267.9,9.734,14345.97,1119.6,635.0,22.0,773.0
2007-02-18 01:00:00,233.302,6.238,14353.19,973.0,631.0,0.0,898.0
2007-02-18 02:00:00,144.84,6.73,14536.39,594.4,1.0,9.0,0.0
2007-02-18 03:00:00,82.522,11.154,14572.74,347.8,0.0,56.0,0.0
2007-02-18 04:00:00,18.286,6.7,14586.51,82.0,0.0,0.0,0.0
2007-02-18 05:00:00,50.56,5.83,14549.82,218.0,0.0,0.0,0.0
2007-02-18 06:00:00,215.416,8.796,14373.75,897.6,0.0,49.0,550.0
2007-02-18 07:00:00,145.436,6.756,14394.57,603.2,0.0,16.0,9.0
2007-02-18 08:00:00,203.758,4.104,14320.55,851.2,0.0,0.0,493.0
2007-02-18 09:00:00,205.356,5.748,14295.18,857.6,0.0,19.0,1044.0
2007-02-18 10:00:00,252.034,7.452,14192.93,1063.6,299.0,435.0,1030.0
2007-02-18 11:00:00,147.384,6.26,14346.03,618.6,671.0,0.0,1051.0
2007-02-18 12:00:00,219.656,7.064,14214.99,931.0,0.0,2197.0,1033.0
2007-02-18 13:00:00,200.216,16.994,14319.43,854.8,0.0,1478.0,1047.0
2007-02-18 14:00:00,212.756,16.6,14455.94,893.8,0.0,1886.0,1067.0
2007-02-18 15:00:00,98.838,7.89,14443.3,412.6,0.0,92.0,1064.0
2007-02-18 16:00:00,129.682,10.42,14402.7,552.2,0.0,1347.0,240.0
2007-02-18 17:00:00,128.56,19.106,14154.56,557.0,559.0,87.0,696.0
2007-02-18 18:00:00,204.082,23.722,14022.82,890.2,1223.0,45.0,149.0
2007-02-18 19:00:00,236.762,17.474,14169.67,1009.8,1119.0,9.0,766.0
2007-02-18 20:00:00,204.052,13.632,14148.380000000001,870.6,451.0,46.0,1023.0
2007-02-18 21:00:00,157.7,11.034,14204.55,671.0,518.0,71.0,196.0
2007-02-18 22:00:00,47.454,12.998000000000001,14467.89,205.4,0.0,70.0,0.0
2007-02-18 23:00:00,23.21,13.086,14534.1,109.0,0.0,69.0,0.0
2007-02-19 00:00:00,22.0,11.828,14592.87,101.8,0.0,68.0,0.0
2007-02-19 01:00:00,50.492,7.894,14448.57,214.0,0.0,31.0,505.0
2007-02-19 02:00:00,18.226,4.722,14600.64,79.0,0.0,0.0,0.0
2007-02-19 03:00:00,21.15,9.192,14581.34,97.0,0.0,38.0,0.0
2007-02-19 04:00:00,19.99,8.234,14496.84,90.8,0.0,48.0,0.0
2007-02-19 05:00:00,18.738,5.406,14437.62,83.0,0.0,0.0,0.0
2007-02-19 06:00:00,83.514,4.73,14562.960000000001,349.0,0.0,3.0,639.0
2007-02-19 07:00:00,116.868,11.558,14273.81,490.0,0.0,71.0,1041.0
2007-02-19 08:00:00,97.434,7.09,14272.16,407.0,0.0,0.0,1041.0
2007-02-19 09:00:00,81.282,3.61,14237.39,338.8,0.0,0.0,1036.0
2007-02-19 10:00:00,85.546,7.936,14164.83,360.6,0.0,48.0,1025.0
2007-02-19 11:00:00,83.974,4.628,14306.47,348.4,0.0,24.0,1046.0
2007-02-19 12:00:00,108.43,6.522,14334.36,452.8,0.0,0.0,1049.0
2007-02-19 13:00:00,59.278,5.128,14437.06,248.0,0.0,10.0,672.0
2007-02-19 14:00:00,20.74,11.462,14585.83,95.4,0.0,64.0,0.0
2007-02-19 15:00:00,17.792,5.852,14665.47,77.0,0.0,0.0,0.0
2007-02-19 16:00:00,19.701999999999998,4.292,14636.84,86.2,0.0,0.0,0.0
2007-02-19 17:00:00,34.756,8.084,14489.04,147.6,0.0,41.0,99.0
2007-02-19 18:00:00,204.64,7.86,14027.21,876.0,0.0,646.0,1007.0
2007-02-19 19:00:00,255.814,13.438,13871.68,1111.2,473.0,540.0,985.0
2007-02-19 20:00:00,238.404,11.61,14070.210000000001,1019.8,13.0,1153.0,1012.0
2007-02-19 21:00:00,219.472,4.188,14215.94,928.6,875.0,75.0,1033.0
2007-02-19 22:00:00,158.3,1.262,14417.69,658.0,273.0,10.0,895.0
2007-02-19 23:00:00,150.072,10.058,14570.17,616.8,0.0,30.0,0.0
2007-02-20 00:00:00,149.324,9.676,14500.67,614.8,0.0,61.0,0.0
2007-02-20 01:00:00,143.788,4.118,14464.13,591.6,0.0,10.0,0.0
2007-02-20 02:00:00,146.674,3.536,14574.35,599.8,0.0,10.0,0.0
2007-02-20 03:00:00,170.84,11.056,14440.16,706.2,0.0,78.0,371.0
2007-02-20 04:00:00,159.976,2.58,14360.16,665.0,0.0,0.0,329.0
2007-02-20 05:00:00,141.808,4.016,14363.7,588.0,0.0,0.0,0.0
2007-02-20 06:00:00,171.522,7.722,14444.7,711.8,0.0,42.0,95.0
2007-02-20 07:00:00,264.996,5.754,14206.96,1116.6,0.0,23.0,1032.0
2007-02-20 08:00:00,208.936,4.284,14249.72,876.0,0.0,0.0,1037.0
2007-02-20 09:00:00,160.18,4.658,14229.18,673.2,0.0,13.0,1015.0
2007-02-20 10:00:00,106.012,9.982,14285.85,444.4,0.0,52.0,1043.0
2007-02-20 11:00:00,101.118,3.6100000000000003,14447.2,416.8,0.0,0.0,1066.0
2007-02-20 12:00:00,98.288,9.778,14494.69,410.8,1.0,0.0,1072.0
2007-02-20 13:00:00,116.932,10.138,14325.65,490.0,502.0,58.0,1049.0
2007-02-20 14:00:00,93.836,4.87,14488.32,390.6,581.0,8.0,641.0
2007-02-20 15:00:00,22.87,7.632,14585.39,103.8,0.0,0.0,0.0
2007-02-20 16:00:00,25.582,8.272,14574.05,117.4,0.0,41.0,0.0
2007-02-20 17:00:00,25.992,7.894,14522.51,115.8,0.0,0.0,0.0
2007-02-20 18:00:00,60.078,8.328,14283.27,256.0,0.0,116.0,0.0
2007-02-20 19:00:00,121.872,12.22,14172.02,516.8,0.0,528.0,0.0
2007-02-20 20:00:00,264.282,11.5,14108.74,1129.0,22.0,1808.0,855.0
2007-02-20 21:00:00,168.236,14.728,14233.03,719.2,454.0,700.0,108.0
2007-02-20 22:00:00,119.634,9.372,14481.37,498.6,498.0,149.0,0.0
2007-02-20 23:00:00,107.152,11.434,14570.42,450.4,0.0,1494.0,0.0
2007-02-21 00:00:00,19.174,6.3,14621.96,84.39999999999999,0.0,37.0,0.0
2007-02-21 01:00:00,18.26,5.196,14445.49,79.0,0.0,30.0,0.0
2007-02-21 02:00:00,56.11,5.58,14600.58,232.2,0.0,42.0,632.0
2007-02-21 03:00:00,18.446,6.08,14601.04,83.4,0.0,10.0,0.0
2007-02-21 04:00:00,18.506,6.506,14510.66,83.6,0.0,49.0,0.0
2007-02-21 05:00:00,16.592,3.568,14441.39,71.6,0.0,10.0,0.0
2007-02-21 06:00:00,36.916,7.632,14449.37,164.2,0.0,47.0,83.0
2007-02-21 07:00:00,125.744,3.964,14329.28,525.6,0.0,2.0,1049.0
2007-02-21 08:00:00,85.944,5.554,14308.55,355.4,0.0,11.0,1046.0
2007-02-21 09:00:00,80.29,5.304,14271.07,334.2,0.0,25.0,1041.0
2007-02-21 10:00:00,85.326,5.89,14332.55,352.8,0.0,0.0,1049.0
2007-02-21 11:00:00,41.86,6.012,14371.68,175.2,0.0,36.0,290.0
2007-02-21 12:00:00,48.262,10.63,14438.56,217.0,0.0,0.0,0.0
2007-02-21 13:00:00,26.142,9.002,14541.4,116.8,0.0,36.0,0.0
2007-02-21 14:00:00,20.19,4.438,14656.19,88.8,0.0,1.0,4.0
2007-02-21 15:00:00,102.038,7.336,14537.09,420.2,0.0,9.0,1081.0
2007-02-21 16:00:00,109.698,10.342,14501.08,452.4,0.0,28.0,1073.0
2007-02-21 17:00:00,122.30199999999999,7.444,14394.33,510.2,357.0,13.0,1058.0
2007-02-21 18:00:00,171.554,10.118,14237.22,727.8,496.0,496.0,319.0
2007-02-21 19:00:00,181.25,14.516,14205.72,772.2,0.0,656.0,0.0
2007-02-21 20:00:00,240.968,26.918,14159.43,1040.2,1175.0,716.0,166.0
2007-02-21 21:00:00,126.788,5.54,14274.99,538.0,619.0,37.0,540.0
2007-02-21 22:00:00,159.688,7.102,14451.32,661.0,415.0,24.0,1031.0
2007-02-21 23:00:00,160.826,8.898,14582.84,661.0,465.0,17.0,1086.0
2007-02-22 00:00:00,119.266,3.554,14410.34,497.6,120.0,0.0,98.0
2007-02-22 01:00:00,140.704,5.694,14328.15,585.4,0.0,35.0,0.0
2007-02-22 02:00:00,140.904,2.97,14443.98,579.8000000000001,0.0,0.0,0.0
2007-02-22 03:00:00,142.424,6.654,14403.58,589.2,0.0,36.0,0.0
2007-02-22 04:00:00,137.932,4.09,14343.84,573.4,0.0,0.0,0.0
2007-02-22 05:00:00,140.902,7.178,14343.02,586.4,0.0,15.0,0.0
2007-02-22 06:00:00,213.054,3.632,14332.24,891.2,0.0,20.0,676.0
2007-02-22 07:00:00,237.812,3.77,14184.01,1003.2,0.0,0.0,1028.0
2007-02-22 08:00:00,210.68,6.188,14303.1,878.8,0.0,35.0,1046.0
2007-02-22 09:00:00,98.1,3.598,14346.15,406.8,0.0,0.0,1051.0
2007-02-22 10:00:00,87.764,5.964,14309.27,365.0,0.0,27.0,1046.0
2007-02-22 11:00:00,91.59,3.154,14339.03,378.2,0.0,8.0,1051.0
2007-02-22 12:00:00,100.508,5.7379999999999995,14385.14,418.2,0.0,0.0,1028.0
2007-02-22 13:00:00,20.488,6.49,14475.86,88.2,0.0,36.0,0.0
2007-02-22 14:00:00,36.496,4.396,14477.04,152.2,0.0,0.0,0.0
2007-02-22 15:00:00,29.274,7.708,14544.69,125.4,0.0,36.0,0.0
2007-02-22 16:00:00,42.46,3.718,14608.33,175.79999999999998,0.0,0.0,0.0
2007-02-22 17:00:00,42.158,4.508,14504.54,173.0,0.0,12.0,0.0
2007-02-22 18:00:00,96.844,10.148,14154.18,411.4,0.0,24.0,195.0
2007-02-22 19:00:00,269.402,12.71,13914.9,1162.6,0.0,400.0,991.0
2007-02-22 20:00:00,207.65,9.424,14070.17,886.0,11.0,84.0,1013.0
2007-02-22 21:00:00,381.832,5.206,13826.59,1662.2,689.0,1964.0,979.0
2007-02-22 22:00:00,206.23187325056742,5.7694573109250245,14181.44796152903,870.3495104508523,591.6649615173493,54.34122062218485,992.0
2007-02-22 23:00:00,177.332,5.94,14389.47,743.8,0.0,1346.0,1057.0
2007-02-23 00:00:00,61.016,6.402,14418.98,251.6,0.0,74.0,676.0
2007-02-23 01:00:00,17.778,3.616,14422.38,74.39999999999999,0.0,10.0,0.0
2007-02-23 02:00:00,18.698,6.018,14561.44,82.0,0.0,50.0,0.0
2007-02-23 03:00:00,16.74,3.458,14542.52,71.0,0.0,10.0,0.0
2007-02-23 04:00:00,19.458,6.828,14458.49,86.8,0.0,46.0,0.0
2007-02-23 05:00:00,15.764,2.688,14422.07,67.6,0.0,13.0,0.0
2007-02-23 06:00:00,17.208,3.738,14483.22,73.8,0.0,19.0,0.0
2007-02-23 07:00:00,140.362,7.084,14216.26,596.8,0.0,29.0,545.0
2007-02-23 08:00:00,120.348,9.602,14260.13,508.2,0.0,0.0,1039.0
2007-02-23 09:00:00,100.022,15.344000000000001,14391.62,420.6,0.0,36.0,1058.0
2007-02-23 10:00:00,91.486,10.034,14390.28,382.8,0.0,0.0,1005.0
2007-02-23 11:00:00,75.408,9.512,14421.77,320.6,0.0,36.0,704.0
2007-02-23 12:00:00,87.224,5.5600000000000005,14485.21,357.4,0.0,0.0,1071.0
2007-02-23 13:00:00,90.99,4.84,14439.27,374.4,0.0,8.0,1065.0
2007-02-23 14:00:00,84.19,6.422,14433.32,349.4,0.0,28.0,1064.0
2007-02-23 15:00:00,83.918,5.244,14556.65,343.8,0.0,0.0,1081.0
2007-02-23 16:00:00,83.37,6.0520000000000005,14461.01,345.0,0.0,36.0,1068.0
2007-02-23 17:00:00,42.946,4.2459999999999996,14516.17,178.4,0.0,0.0,410.0
2007-02-23 18:00:00,20.248,7.62,14489.6,92.4,0.0,31.0,0.0
2007-02-23 19:00:00,16.89,2.912,14339.87,72.0,0.0,5.0,0.0
2007-02-23 20:00:00,18.596,4.486,14339.85,79.0,0.0,3.0,0.0
2007-02-23 21:00:00,19.61,6.3100000000000005,14385.52,86.39999999999999,0.0,33.0,0.0
2007-02-23 22:00:00,20.638,3.422,14537.15,87.39999999999999,0.0,0.0,0.0
2007-02-23 23:00:00,50.572,7.906,14615.01,206.8,0.0,36.0,0.0
2007-02-24 00:00:00,22.924,3.84,14479.36,95.39999999999999,0.0,0.0,0.0
2007-02-24 01:00:00,18.206,6.532,14452.6,79.4,0.0,26.0,0.0
2007-02-24 02:00:00,17.076,5.336,14536.47,71.6,0.0,10.0,0.0
2007-02-24 03:00:00,68.56,3.314,14462.9,279.2,0.0,0.0,871.0
2007-02-24 04:00:00,23.6,8.21,14520.15,102.2,0.0,36.0,73.0
2007-02-24 05:00:00,15.866,3.454,14488.73,65.2,0.0,0.0,0.0
2007-02-24 06:00:00,18.414,6.954,14552.4,81.0,0.0,37.0,0.0
2007-02-24 07:00:00,30.308,5.4559999999999995,14467.88,128.0,0.0,0.0,120.0
2007-02-24 08:00:00,121.398,4.808,14386.96,504.0,0.0,20.0,1058.0
2007-02-24 09:00:00,107.192,5.036,14420.15,443.4,0.0,17.0,855.0
2007-02-24 10:00:00,17.616,5.978,14376.33,76.8,0.0,0.0,0.0
2007-02-24 11:00:00,17.564,6.0600000000000005,14373.91,74.6,0.0,36.0,0.0
2007-02-24 12:00:00,15.852,3.47,14387.83,66.0,0.0,0.0,0.0
2007-02-24 13:00:00,18.848,7.76,14450.64,81.8,0.0,37.0,0.0
2007-02-24 14:00:00,15.862,3.484,14462.79,65.4,0.0,0.0,0.0
2007-02-24 15:00:00,17.074,5.03,14411.68,72.4,0.0,13.0,0.0
2007-02-24 16:00:00,17.126,5.398,14372.119999999999,73.2,0.0,23.0,0.0
2007-02-24 17:00:00,43.156,3.31,14343.95,181.0,0.0,0.0,453.0
2007-02-24 18:00:00,26.144,6.392,14098.86,113.39999999999999,0.0,36.0,132.0
2007-02-24 19:00:00,14.927999999999999,2.558,14106.04,62.0,0.0,0.0,0.0
2007-02-24 20:00:00,16.887999999999998,4.86,14240.5,71.8,0.0,29.0,0.0
2007-02-24 21:00:00,17.402,5.734,14245.38,77.2,0.0,7.0,0.0
2007-02-24 22:00:00,14.962,2.676,14272.26,61.4,0.0,0.0,0.0
2007-02-24 23:00:00,17.956,6.552,14492.98,77.2,0.0,36.0,0.0
2007-02-25 00:00:00,16.782,4.602,14507.07,70.4,0.0,0.0,0.0
2007-02-25 01:00:00,17.686,6.348,14372.63,75.4,0.0,36.0,0.0
2007-02-25 02:00:00,16.04,3.614,14506.8,65.4,0.0,0.0,0.0
2007-02-25 03:00:00,44.654,3.906,14417.05,184.2,0.0,6.0,467.0
2007-02-25 04:00:00,35.016,5.382,14439.12,145.0,0.0,30.0,295.0
2007-02-25 05:00:00,16.47,4.136,14481.72,68.2,0.0,0.0,0.0
2007-02-25 06:00:00,18.134,6.858,14499.2,78.4,0.0,36.0,0.0
2007-02-25 07:00:00,15.192,2.67,14461.65,60.800000000000004,0.0,0.0,0.0
2007-02-25 08:00:00,17.108,5.2700000000000005,14498.83,73.8,0.0,10.0,0.0
2007-02-25 09:00:00,17.73,6.32,14458.35,76.2,0.0,25.0,0.0
2007-02-25 10:00:00,15.28,2.572,14508.9,63.4,0.0,0.0,0.0
2007-02-25 11:00:00,18.816,7.890000000000001,14682.62,84.2,0.0,36.0,0.0
2007-02-25 12:00:00,15.802,3.442,14580.86,65.2,0.0,0.0,0.0
2007-02-25 13:00:00,16.236,3.984,14598.64,68.2,0.0,11.0,0.0
2007-02-25 14:00:00,72.168,6.666,14492.46,297.6,0.0,24.0,898.0
2007-02-25 15:00:00,15.972,3.704,14597.96,67.2,0.0,0.0,0.0
2007-02-25 16:00:00,17.352,5.978,14488.8,75.0,0.0,35.0,0.0
2007-02-25 17:00:00,15.894,3.448,14436.24,66.4,0.0,0.0,0.0
2007-02-25 18:00:00,16.394,3.936,14369.35,68.8,0.0,11.0,0.0
2007-02-25 19:00:00,16.9,5.106,14422.48,72.0,0.0,24.0,0.0
2007-02-25 20:00:00,16.092,3.734,14542.05,67.6,0.0,0.0,0.0
2007-02-25 21:00:00,18.056,6.74,14485.56,78.8,0.0,35.0,0.0
2007-02-25 22:00:00,15.236,2.806,14536.98,60.800000000000004,0.0,0.0,0.0
2007-02-25 23:00:00,16.73,4.6240000000000006,14636.11,72.6,0.0,10.0,0.0
2007-02-26 00:00:00,32.314,6.138,14539.66,138.4,0.0,24.0,238.0
2007-02-26 01:00:00,56.844,2.76,14386.84,233.79999999999998,0.0,0.0,691.0
2007-02-26 02:00:00,17.79,6.232,14523.83,75.0,0.0,35.0,0.0
2007-02-26 03:00:00,16.112,3.7239999999999998,14465.76,66.8,0.0,0.0,0.0
2007-02-26 04:00:00,15.714,3.138,14412.94,64.2,0.0,8.0,0.0
2007-02-26 05:00:00,16.772,4.93,14378.4,71.8,0.0,26.0,0.0
2007-02-26 06:00:00,17.062,5.19,14491.23,71.8,0.0,0.0,0.0
2007-02-26 07:00:00,17.276,5.922,14493.99,74.8,0.0,34.0,0.0
2007-02-26 08:00:00,14.927999999999999,2.332,14356.11,60.4,0.0,0.0,0.0
2007-02-26 09:00:00,16.598,4.106,14282.52,71.4,0.0,5.0,0.0
2007-02-26 10:00:00,16.626,4.63,14285.58,70.2,0.0,29.0,0.0
2007-02-26 11:00:00,46.364000000000004,3.14,14437.79,191.0,0.0,0.0,508.0
2007-02-26 12:00:00,45.406,7.38,14595.59,192.4,0.0,35.0,446.0
2007-02-26 13:00:00,15.756,3.368,14671.56,67.8,0.0,0.0,0.0
2007-02-26 14:00:00,15.798,3.21,14694.3,69.4,0.0,2.0,0.0
2007-02-26 15:00:00,18.166,7.042,14629.1,80.2,0.0,32.0,0.0
2007-02-26 16:00:00,16.436,4.314,14533.48,68.0,0.0,0.0,0.0
2007-02-26 17:00:00,17.4,5.8580000000000005,14584.14,75.0,0.0,34.0,0.0
2007-02-26 18:00:00,15.89,3.448,14526.01,65.2,0.0,0.0,0.0
2007-02-26 19:00:00,15.766,3.168,14316.18,66.8,0.0,0.0,0.0
2007-02-26 20:00:00,16.862,5.078,14309.75,71.6,0.0,34.0,0.0
2007-02-26 21:00:00,16.038,3.756,14407.96,66.6,0.0,0.0,0.0
2007-02-26 22:00:00,54.4,6.6419999999999995,14454.65,224.2,0.0,33.0,602.0
2007-02-26 23:00:00,36.166000000000004,2.774,14656.6,152.0,0.0,0.0,345.0
2007-02-27 00:00:00,15.544,2.978,14533.32,64.8,0.0,0.0,0.0
2007-02-27 01:00:00,18.668,7.544,14504.97,82.0,0.0,34.0,0.0
2007-02-27 02:00:00,15.652,3.156,14538.68,63.4,0.0,0.0,0.0
2007-02-27 03:00:00,17.38,5.628,14530.56,73.6,0.0,34.0,0.0
2007-02-27 04:00:00,16.596,4.082,14466.72,70.8,0.0,0.0,0.0
2007-02-27 05:00:00,15.006,2.41,14438.27,61.0,0.0,0.0,0.0
2007-02-27 06:00:00,17.536,6.222,14521.51,75.60000000000001,0.0,33.0,0.0
2007-02-27 07:00:00,16.782,4.438,14468.8,72.0,0.0,0.0,0.0
2007-02-27 08:00:00,17.06,5.37,14407.86,73.8,0.0,29.0,0.0
2007-02-27 09:00:00,66.728,2.82,14447.35,272.2,0.0,5.0,853.0
2007-02-27 10:00:00,22.502,4.0600000000000005,14648.43,96.0,0.0,0.0,101.0
2007-02-27 11:00:00,18.012,6.534,14594.92,78.2,0.0,34.0,0.0
2007-02-27 12:00:00,16.222,3.832,14735.13,69.2,0.0,0.0,0.0
2007-02-27 13:00:00,17.602,6.026,14724.37,79.0,0.0,20.0,0.0
2007-02-27 14:00:00,17.108,5.422,14743.01,75.8,0.0,14.0,0.0
2007-02-27 15:00:00,15.462,2.806,14666.23,67.0,0.0,0.0,0.0
2007-02-27 16:00:00,18.422,6.98,14664.42,83.2,0.0,35.0,0.0
2007-02-27 17:00:00,16.97,5.116,14676.76,73.6,0.0,0.0,0.0
2007-02-27 18:00:00,16.074,3.702,14532.57,68.6,0.0,12.0,0.0
2007-02-27 19:00:00,18.642,4.73,14492.38,77.0,0.0,22.0,30.0
2007-02-27 20:00:00,72.954,3.896,14520.89,297.8,0.0,0.0,940.0
2007-02-27 21:00:00,17.672,6.042,14576.61,77.0,0.0,35.0,0.0
2007-02-27 22:00:00,16.054,3.712,14660.69,67.2,0.0,0.0,0.0
2007-02-27 23:00:00,17.464,5.698,14745.3,76.6,0.0,7.0,0.0
2007-02-28 00:00:00,17.462,5.972,14725.64,76.8,0.0,27.0,0.0
2007-02-28 01:00:00,15.552,2.954,14671.48,68.8,0.0,0.0,0.0
2007-02-28 02:00:00,19.19,8.192,14717.34,85.39999999999999,0.0,35.0,0.0
2007-02-28 03:00:00,16.284,4.0,14640.36,70.6,0.0,0.0,0.0
2007-02-28 04:00:00,15.704,3.142,14583.15,65.8,0.0,3.0,0.0
2007-02-28 05:00:00,17.874,6.398,14506.1,75.2,0.0,32.0,0.0
2007-02-28 06:00:00,20.808,3.5780000000000003,14555.31,88.0,0.0,0.0,76.0
2007-02-28 07:00:00,72.33,5.614,14489.65,297.4,0.0,34.0,910.0
2007-02-28 08:00:00,15.804,3.262,14418.56,65.2,0.0,0.0,0.0
2007-02-28 09:00:00,16.252,4.048,14443.82,67.8,0.0,0.0,0.0
2007-02-28 10:00:00,17.4,5.676,14501.06,72.8,0.0,35.0,0.0
2007-02-28 11:00:00,15.156,2.652,14467.59,61.0,0.0,0.0,0.0
2007-02-28 12:00:00,19.008,7.838,14490.27,83.4,0.0,35.0,0.0
2007-02-28 13:00:00,15.756,3.5,14480.02,66.2,0.0,0.0,0.0
2007-02-28 14:00:00,15.15,2.632,14464.45,61.0,0.0,0.0,0.0
2007-02-28 15:00:00,18.05,6.68,14491.75,77.4,0.0,35.0,0.0
2007-02-28 16:00:00,16.118,3.7840000000000003,14549.75,67.0,0.0,0.0,0.0
2007-02-28 17:00:00,18.222,7.024,14661.43,82.4,0.0,33.0,0.0
2007-02-28 18:00:00,75.002,2.65,14386.84,308.4,0.0,2.0,987.0
2007-02-28 19:00:00,16.11,3.624,14373.37,68.2,0.0,0.0,0.0
2007-02-28 20:00:00,17.158,5.686,14394.8,73.0,0.0,34.0,0.0
2007-02-28 21:00:00,15.43,2.944,14425.87,62.8,0.0,0.0,0.0
2007-02-28 22:00:00,18.902,7.93,14606.36,85.8,0.0,31.0,0.0
2007-02-28 23:00:00,16.052,3.592,14664.84,70.6,0.0,4.0,0.0
2007-03-01 00:00:00,15.43,2.854,14574.43,63.6,0.0,0.0,0.0
2007-03-01 01:00:00,18.484,7.404,14629.94,83.0,0.0,35.0,0.0
2007-03-01 02:00:00,16.624,4.456,14612.11,71.0,0.0,0.0,0.0
2007-03-01 03:00:00,17.196,5.48,14567.24,73.6,0.0,28.0,0.0
2007-03-01 04:00:00,16.338,3.832,14567.35,69.0,0.0,7.0,0.0
2007-03-01 05:00:00,70.14,3.584,14441.27,288.4,0.0,0.0,893.0
2007-03-01 06:00:00,21.908,5.822,14463.56,93.8,0.0,35.0,77.0
2007-03-01 07:00:00,15.79,3.302,14470.08,65.0,0.0,0.0,0.0
2007-03-01 08:00:00,17.472,5.54,14399.32,74.8,0.0,21.0,0.0
2007-03-01 09:00:00,16.492,4.444,14466.6,69.6,0.0,14.0,0.0
2007-03-01 10:00:00,15.104,2.628,14421.1,61.800000000000004,0.0,0.0,0.0
2007-03-01 11:00:00,17.894,6.384,14352.52,77.2,0.0,35.0,0.0
2007-03-01 12:00:00,16.522,4.466,14481.56,68.6,0.0,0.0,0.0
2007-03-01 13:00:00,16.182,3.944,14517.28,66.4,0.0,14.0,0.0
2007-03-01 14:00:00,16.772,4.756,14512.73,71.2,0.0,21.0,0.0
2007-03-01 15:00:00,16.544,4.368,14541.95,68.6,0.0,0.0,0.0
2007-03-01 16:00:00,74.624,5.384,14397.81,307.8,0.0,34.0,950.0
2007-03-01 17:00:00,19.132,3.076,14445.44,78.39999999999999,0.0,0.0,60.0
2007-03-01 18:00:00,16.71,4.526,14306.59,71.0,0.0,9.0,0.0
2007-03-01 19:00:00,16.71,4.552,14288.37,71.0,0.0,26.0,0.0
2007-03-01 20:00:00,15.008,2.6,14400.29,60.6,0.0,0.0,0.0
2007-03-01 21:00:00,18.59,7.164,14396.65,80.4,0.0,35.0,0.0
2007-03-01 22:00:00,16.072,3.78,14571.69,68.0,0.0,0.0,0.0
2007-03-01 23:00:00,15.826,3.282,14676.94,70.0,0.0,2.0,0.0
2007-03-02 00:00:00,17.166,5.412,14441.66,74.8,0.0,32.0,0.0
2007-03-02 01:00:00,17.02,5.018,14458.92,71.8,0.0,0.0,0.0
2007-03-02 02:00:00,17.462,6.07,14480.24,75.2,0.0,34.0,0.0
2007-03-02 03:00:00,51.182,2.304,14402.13,210.0,0.0,0.0,599.0
2007-03-02 04:00:00,38.856,3.2119999999999997,14357.93,161.4,0.0,0.0,378.0
2007-03-02 05:00:00,17.566,5.83,14356.94,76.6,0.0,34.0,0.0
2007-03-02 06:00:00,15.734,3.2920000000000003,14530.02,64.4,0.0,0.0,0.0
2007-03-02 07:00:00,17.694,5.942,14567.91,77.2,0.0,30.0,0.0
2007-03-02 08:00:00,16.162,3.856,14340.89,68.8,0.0,4.0,0.0
2007-03-02 09:00:00,15.014,2.496,14434.64,60.8,0.0,0.0,0.0
2007-03-02 10:00:00,17.836,6.35,14467.97,75.8,0.0,34.0,0.0
2007-03-02 11:00:00,16.43,4.142,14424.37,68.8,0.0,0.0,0.0
2007-03-02 12:00:00,16.424,4.244,14448.32,68.0,0.0,19.0,0.0
2007-03-02 13:00:00,15.9,3.82,14412.39,65.6,0.0,15.0,0.0
2007-03-02 14:00:00,55.982,4.082,14453.5,231.6,0.0,0.0,657.0
2007-03-02 15:00:00,38.35,7.0,14518.69,160.6,0.0,34.0,335.0
2007-03-02 16:00:00,15.118,2.55,14434.98,61.6,0.0,0.0,0.0
2007-03-02 17:00:00,16.355999999999998,4.074,14341.57,69.2,0.0,11.0,0.0
2007-03-02 18:00:00,16.944,5.24,14250.24,73.2,0.0,23.0,0.0
2007-03-02 19:00:00,15.398,2.954,14258.73,64.2,0.0,0.0,0.0
2007-03-02 20:00:00,17.486,5.818,14384.62,74.6,0.0,35.0,0.0
2007-03-02 21:00:00,16.304,3.814,14391.18,70.39999999999999,0.0,0.0,0.0
2007-03-02 22:00:00,15.54,3.072,14588.28,63.8,0.0,2.0,0.0
2007-03-02 23:00:00,17.764,6.416,14705.78,81.4,0.0,33.0,0.0
2007-03-03 00:00:00,17.508,5.2700000000000005,14697.05,76.8,0.0,0.0,0.0
2007-03-03 01:00:00,52.772,6.45,14560.31,218.0,0.0,35.0,575.0
2007-03-03 02:00:00,40.138,3.112,14582.03,164.6,0.0,0.0,410.0
2007-03-03 03:00:00,16.88,4.62,14554.64,72.2,0.0,0.0,0.0
2007-03-03 04:00:00,18.766000000000002,7.63,14556.6,81.6,0.0,35.0,0.0
2007-03-03 05:00:00,15.436,2.966,14570.34,63.6,0.0,0.0,0.0
2007-03-03 06:00:00,18.68,7.182,14590.28,83.39999999999999,0.0,35.0,0.0
2007-03-03 07:00:00,17.336,5.282,14607.68,75.4,0.0,0.0,0.0
2007-03-03 08:00:00,15.75,3.132,14596.15,67.4,0.0,0.0,0.0
2007-03-03 09:00:00,18.418,7.232,14457.87,80.8,0.0,35.0,0.0
2007-03-03 10:00:00,16.95,4.58,14422.55,73.0,0.0,0.0,0.0
2007-03-03 11:00:00,17.8,6.17,14285.83,76.8,0.0,34.0,0.0
2007-03-03 12:00:00,38.624,3.908,14423.52,161.0,0.0,0.0,370.0
2007-03-03 13:00:00,54.122,4.852,14557.23,223.4,0.0,3.0,615.0
2007-03-03 14:00:00,18.406,7.32,14559.14,81.8,0.0,32.0,0.0
2007-03-03 15:00:00,16.102,3.816,14451.24,67.6,0.0,0.0,0.0
2007-03-03 16:00:00,18.95,7.63,14510.52,83.2,0.0,35.0,0.0
2007-03-03 17:00:00,16.682,4.616,14465.98,71.2,0.0,0.0,0.0
2007-03-03 18:00:00,22.252,5.216,14340.28,94.6,0.0,19.0,0.0
2007-03-03 19:00:00,92.31400000000001,10.0,14144.54,391.0,0.0,17.0,0.0
2007-03-03 20:00:00,108.814,6.368,14249.22,456.2,0.0,0.0,880.0
2007-03-03 21:00:00,89.042,5.536,14353.9,369.2,0.0,34.0,1053.0
2007-03-03 22:00:00,58.09,3.8040000000000003,14426.3,239.6,0.0,0.0,694.0
2007-03-03 23:00:00,19.29,8.3,14491.64,85.2,0.0,33.0,0.0
2007-03-04 00:00:00,15.602,3.182,14440.66,63.6,0.0,2.0,0.0
2007-03-04 01:00:00,15.996,3.484,14355.94,66.6,0.0,0.0,0.0
2007-03-04 02:00:00,19.152,7.878,14412.95,84.8,0.0,35.0,0.0
2007-03-04 03:00:00,15.314,2.736,14444.0,61.800000000000004,0.0,0.0,0.0
2007-03-04 04:00:00,18.16,6.258,14480.31,76.8,0.0,34.0,0.0
2007-03-04 05:00:00,17.094,4.89,14540.15,73.2,0.0,0.0,0.0
2007-03-04 06:00:00,40.68,3.156,14561.45,169.2,0.0,5.0,404.0
2007-03-04 07:00:00,40.096,5.876,14589.02,165.6,0.0,29.0,368.0
2007-03-04 08:00:00,17.016,4.4959999999999996,14475.27,73.2,0.0,0.0,0.0
2007-03-04 09:00:00,18.32,6.672000000000001,14457.5,80.0,0.0,35.0,0.0
2007-03-04 10:00:00,16.056,3.286,14400.21,67.4,0.0,0.0,0.0
2007-03-04 11:00:00,17.701999999999998,5.53,14311.49,76.8,0.0,13.0,0.0
2007-03-04 12:00:00,17.648,5.806,14488.27,75.4,0.0,22.0,0.0
2007-03-04 13:00:00,80.572,6.196,14493.26,338.0,0.0,0.0,789.0
2007-03-04 14:00:00,27.428,9.33,14560.82,120.6,0.0,35.0,28.0
2007-03-04 15:00:00,114.208,8.36,14487.75,474.4,0.0,362.0,1073.0
2007-03-04 16:00:00,200.682,12.844,14396.130000000001,842.0,0.0,1622.0,1058.0
2007-03-04 17:00:00,245.23,21.01,14275.52,1038.8,885.0,954.0,1041.0
2007-03-04 18:00:00,246.368,11.25,14140.77,1051.2,4.0,1362.0,1021.0
2007-03-04 19:00:00,325.928,14.374,14057.49,1398.8,585.0,1682.0,1011.0
2007-03-04 20:00:00,245.772,9.132,14138.5,1043.4,2.0,805.0,1021.0
2007-03-04 21:00:00,236.502,8.484,14177.86,1008.2,0.0,1495.0,788.0
2007-03-04 22:00:00,80.1,7.344,14370.43,335.0,0.0,182.0,802.0
2007-03-04 23:00:00,19.074,4.108,14587.16,83.0,0.0,37.0,4.0
2007-03-05 00:00:00,20.796,8.274000000000001,14499.45,94.8,0.0,44.0,0.0
2007-03-05 01:00:00,16.918,3.0420000000000003,14468.17,73.4,0.0,18.0,0.0
2007-03-05 02:00:00,18.262,4.642,14590.03,79.4,0.0,29.0,0.0
2007-03-05 03:00:00,18.516000000000002,5.406,14552.06,82.0,0.0,31.0,0.0
2007-03-05 04:00:00,16.798,2.762,14503.72,72.39999999999999,0.0,11.0,0.0
2007-03-05 05:00:00,19.016,6.15,14450.63,84.0,0.0,41.0,0.0
2007-03-05 06:00:00,92.196,2.544,14491.710000000001,381.0,0.0,0.0,823.0
2007-03-05 07:00:00,235.568,11.876,14224.86,1006.0,0.0,1868.0,1034.0
2007-03-05 08:00:00,114.264,5.038,14253.82,478.6,540.0,14.0,1038.0
2007-03-05 09:00:00,113.506,4.2059999999999995,14299.73,475.0,524.0,57.0,1045.0
2007-03-05 10:00:00,83.046,6.058,14402.4,343.8,0.0,29.0,1059.0
2007-03-05 11:00:00,81.972,3.768,14472.48,337.0,0.0,15.0,1069.0
2007-03-05 12:00:00,43.292,5.618,14522.67,186.0,0.0,44.0,350.0
2007-03-05 13:00:00,66.326,6.284,14497.06,285.6,0.0,10.0,520.0
2007-03-05 14:00:00,155.838,6.8,14446.18,651.8,0.0,1355.0,759.0
2007-03-05 15:00:00,99.81,9.584,14539.289999999999,432.6,0.0,1341.0,0.0
2007-03-05 16:00:00,150.482,19.616,14381.59,647.2,1192.0,649.0,0.0
2007-03-05 17:00:00,162.678,9.33,14355.75,684.2,3.0,2329.0,0.0
2007-03-05 18:00:00,201.392,19.772,14216.6,861.2,407.0,773.0,504.0
2007-03-05 19:00:00,338.694,21.54,14097.24,1447.0,1415.0,1536.0,140.0
2007-03-05 20:00:00,252.326,25.856,14209.75,1078.2,628.0,1709.0,0.0
2007-03-05 21:00:00,210.69,6.09,14234.630000000001,889.8,473.0,163.0,734.0
2007-03-05 22:00:00,130.774,6.908,14355.46,546.6,545.0,23.0,951.0
2007-03-05 23:00:00,17.172,4.792,14579.23,72.4,0.0,20.0,0.0
2007-03-06 00:00:00,17.374,4.596,14614.7,73.4,0.0,11.0,0.0
2007-03-06 01:00:00,16.61,4.57,14628.75,69.4,0.0,28.0,0.0
2007-03-06 02:00:00,17.178,5.0200000000000005,14590.58,75.0,0.0,0.0,0.0
2007-03-06 03:00:00,16.99,4.694,14530.82,71.8,0.0,38.0,0.0
2007-03-06 04:00:00,16.201999999999998,3.182,14542.18,66.0,0.0,0.0,0.0
2007-03-06 05:00:00,17.16,5.714,14472.25,74.8,0.0,38.0,0.0
2007-03-06 06:00:00,96.258,5.69,14556.79,402.6,0.0,0.0,577.0
2007-03-06 07:00:00,151.41,6.46,14354.75,631.0,0.0,48.0,1052.0
2007-03-06 08:00:00,74.19800000000001,12.258,14458.32,314.4,0.0,90.0,680.0
2007-03-06 09:00:00,51.9,11.568,14396.41,228.0,0.0,87.0,0.0
2007-03-06 10:00:00,51.382,11.526,14361.87,225.79999999999998,0.0,85.0,0.0
2007-03-06 11:00:00,41.95,8.82,14430.48,191.2,0.0,86.0,0.0
2007-03-06 12:00:00,27.57,13.246,14518.15,130.0,0.0,85.0,0.0
2007-03-06 13:00:00,59.264,9.646,14474.54,252.4,0.0,85.0,566.0
2007-03-06 14:00:00,24.02,11.974,14491.8,107.4,0.0,84.0,0.0
2007-03-06 15:00:00,22.824,10.548,14496.38,101.6,0.0,84.0,0.0
2007-03-06 16:00:00,24.624000000000002,12.856,14491.8,113.2,0.0,84.0,0.0
2007-03-06 17:00:00,23.978,3.734,14537.1,100.8,0.0,23.0,0.0
2007-03-06 18:00:00,43.224,10.998,14266.96,185.6,0.0,89.0,0.0
2007-03-06 19:00:00,114.832,9.794,14136.02,487.0,0.0,81.0,549.0
2007-03-06 20:00:00,160.594,6.042,14215.23,680.8,0.0,474.0,523.0
2007-03-06 21:00:00,104.53,4.364,14361.76,437.6,0.0,116.0,441.0
2007-03-06 22:00:00,29.382,5.782,14513.61,125.0,0.0,24.0,0.0
2007-03-06 23:00:00,43.046,3.066,14581.57,177.0,0.0,0.0,312.0
2007-03-07 00:00:00,40.022,5.984,14549.35,167.4,0.0,38.0,277.0
2007-03-07 01:00:00,15.719999999999999,2.796,14525.49,65.4,0.0,0.0,0.0
2007-03-07 02:00:00,18.406,5.852,14479.17,80.0,0.0,39.0,0.0
2007-03-07 03:00:00,16.058,3.182,14511.44,66.8,0.0,0.0,0.0
2007-03-07 04:00:00,16.194,3.382,14485.3,66.4,0.0,20.0,0.0
2007-03-07 05:00:00,17.95,6.886,14396.13,79.60000000000001,0.0,17.0,0.0
2007-03-07 06:00:00,106.876,3.622,14537.86,443.2,0.0,0.0,753.0
2007-03-07 07:00:00,106.756,7.646,14376.02,444.6,0.0,38.0,1056.0
2007-03-07 08:00:00,130.09199999999998,2.23,14221.24,548.2,532.0,0.0,1034.0
2007-03-07 09:00:00,128.694,6.93,14210.210000000001,542.8,544.0,37.0,1032.0
2007-03-07 10:00:00,84.83,4.956,14325.78,352.40000000000003,0.0,0.0,1048.0
2007-03-07 11:00:00,101.66,9.702,14444.11,424.2,0.0,9.0,1066.0
2007-03-07 12:00:00,106.398,13.858,14417.14,449.8,0.0,27.0,1062.0
2007-03-07 13:00:00,85.19,4.0,14482.8,351.8,0.0,0.0,1071.0
2007-03-07 14:00:00,85.35199999999999,8.022,14594.49,349.0,0.0,36.0,1087.0
2007-03-07 15:00:00,81.56,3.308,14541.55,333.2,0.0,0.0,1079.0
2007-03-07 16:00:00,84.316,6.932,14645.67,350.8,0.0,592.0,460.0
2007-03-07 17:00:00,21.272,3.766,14576.38,90.0,0.0,57.0,0.0
2007-03-07 18:00:00,152.544,7.992,14297.44,648.8,0.0,1226.0,129.0
2007-03-07 19:00:00,291.154,12.862,14051.5,1244.4,0.0,1920.0,1010.0
2007-03-07 20:00:00,261.906,20.44,14109.34,1121.4,0.0,447.0,1018.0
2007-03-07 21:00:00,194.132,10.24,14266.41,817.2,0.0,89.0,1039.0
2007-03-07 22:00:00,167.508,6.366,14391.62,694.0,0.0,84.0,1058.0
2007-03-07 23:00:00,60.616,10.246,14629.49,255.0,0.0,85.0,234.0
2007-03-08 00:00:00,21.726,8.17,14584.85,96.8,0.0,84.0,0.0
2007-03-08 01:00:00,21.744,8.312,14434.81,92.6,0.0,83.0,0.0
2007-03-08 02:00:00,42.44,6.162,14487.25,178.2,0.0,56.0,365.0
2007-03-08 03:00:00,37.632,4.128,14514.0,157.0,0.0,46.0,317.0
2007-03-08 04:00:00,22.872,9.252,14484.8,103.39999999999999,0.0,89.0,0.0
2007-03-08 05:00:00,21.318,7.512,14425.0,94.2,0.0,86.0,0.0
2007-03-08 06:00:00,38.842,7.592,14598.92,165.2,0.0,85.0,0.0
2007-03-08 07:00:00,143.42,10.74,14388.91,600.1999999999999,6.0,84.0,1026.0
2007-03-08 08:00:00,132.748,8.538,14294.57,557.6,798.0,81.0,1044.0
2007-03-08 09:00:00,61.05,3.404,14425.69,258.0,269.0,22.0,458.0
2007-03-08 10:00:00,22.786,9.414,14435.56,102.4,0.0,93.0,0.0
2007-03-08 11:00:00,21.514,8.17,14414.78,97.6,0.0,86.0,0.0
2007-03-08 12:00:00,22.412,9.56,14477.03,101.4,0.0,86.0,0.0
2007-03-08 13:00:00,21.362,8.187999999999999,14452.48,97.39999999999999,0.0,84.0,0.0
2007-03-08 14:00:00,21.478,8.146,14518.63,98.39999999999999,0.0,83.0,0.0
2007-03-08 15:00:00,23.404,8.96,14553.17,109.8,0.0,26.0,0.0
2007-03-08 16:00:00,27.634,4.784,14575.54,116.8,0.0,0.0,139.0
2007-03-08 17:00:00,51.172,6.16,14529.39,216.0,0.0,37.0,512.0
2007-03-08 18:00:00,36.464,4.232,14404.11,162.4,80.0,5.0,0.0
2007-03-08 19:00:00,211.566,22.94,14176.2,911.8,1025.0,548.0,0.0
2007-03-08 20:00:00,200.92,4.17,14192.58,852.4,2.0,1086.0,531.0
2007-03-08 21:00:00,194.036,7.9239999999999995,14264.15,818.0,0.0,463.0,1040.0
2007-03-08 22:00:00,138.146,3.798,14320.38,576.6,0.0,35.0,1047.0
2007-03-08 23:00:00,35.446,7.148000000000001,14605.41,153.6,0.0,37.0,176.0
2007-03-09 00:00:00,16.63,2.7,14471.37,71.6,0.0,0.0,0.0
2007-03-09 01:00:00,18.822,5.706,14533.19,81.39999999999999,0.0,35.0,0.0
2007-03-09 02:00:00,17.816,4.276,14603.76,76.0,0.0,0.0,0.0
2007-03-09 03:00:00,17.456,3.936,14539.29,77.0,0.0,20.0,0.0
2007-03-09 04:00:00,18.11,4.5040000000000004,14487.6,78.0,0.0,15.0,0.0
2007-03-09 05:00:00,16.006,2.016,14451.96,68.8,0.0,0.0,0.0
2007-03-09 06:00:00,48.726,6.9,14459.69,215.6,0.0,35.0,166.0
2007-03-09 07:00:00,116.55,3.784,14310.67,490.2,1.0,0.0,939.0
2007-03-09 08:00:00,121.014,6.862,14275.38,509.4,583.0,34.0,1041.0
2007-03-09 09:00:00,129.978,2.89,14297.45,546.4,509.0,0.0,1044.0
2007-03-09 10:00:00,112.578,6.556,14265.79,476.0,0.0,27.0,1040.0
2007-03-09 11:00:00,105.89,3.176,14298.16,444.2,0.0,8.0,1044.0
2007-03-09 12:00:00,84.414,4.852,14401.54,349.4,0.0,2.0,1060.0
2007-03-09 13:00:00,85.548,5.586,14432.32,354.2,0.0,32.0,1063.0
2007-03-09 14:00:00,51.692,4.042,14482.28,214.2,0.0,0.0,552.0
2007-03-09 15:00:00,23.552,8.362,14585.5,105.4,0.0,35.0,0.0
2007-03-09 16:00:00,21.97,3.972,14553.67,98.2,0.0,0.0,0.0
2007-03-09 17:00:00,19.512,6.538,14464.960000000001,86.0,0.0,34.0,0.0
2007-03-09 18:00:00,20.1,3.134,14429.01,88.2,0.0,0.0,0.0
2007-03-09 19:00:00,58.948,6.034,14426.46,249.4,0.0,12.0,0.0
2007-03-09 20:00:00,22.006,4.274,14469.32,92.4,0.0,22.0,0.0
2007-03-09 21:00:00,27.216,3.904,14467.87,113.2,0.0,0.0,48.0
2007-03-09 22:00:00,61.396,5.742,14598.37,250.8,0.0,34.0,634.0
2007-03-09 23:00:00,56.682,9.492,14573.78,237.0,0.0,0.0,0.0
2007-03-10 00:00:00,20.008,8.55,14583.26,89.6,0.0,34.0,0.0
2007-03-10 01:00:00,18.028,5.584,14581.26,78.6,0.0,0.0,0.0
2007-03-10 02:00:00,17.676,5.076,14534.5,78.6,0.0,20.0,0.0
2007-03-10 03:00:00,59.378,5.144,14476.92,247.6,0.0,13.0,691.0
2007-03-10 04:00:00,16.638,3.282,14515.49,72.2,0.0,0.0,0.0
2007-03-10 05:00:00,18.838,6.154,14494.88,82.2,0.0,33.0,0.0
2007-03-10 06:00:00,16.942,3.6,14605.36,72.0,0.0,0.0,0.0
2007-03-10 07:00:00,38.03,6.386,14626.59,166.8,0.0,33.0,0.0
2007-03-10 08:00:00,72.258,3.742,14424.12,308.0,4.0,281.0,499.0
2007-03-10 09:00:00,128.812,3.606,14327.87,539.4,704.0,48.0,1049.0
2007-03-10 10:00:00,186.736,13.18,14189.89,795.0,1446.0,152.0,1029.0
2007-03-10 11:00:00,141.806,24.244,14316.36,608.0,522.0,148.0,1047.0
2007-03-10 12:00:00,108.968,30.279999999999998,14387.04,467.0,28.0,35.0,1058.0
2007-03-10 13:00:00,103.316,23.286,14467.8,435.6,11.0,0.0,1069.0
2007-03-10 14:00:00,130.498,19.246,14441.63,549.0,0.0,578.0,1065.0
2007-03-10 15:00:00,184.402,12.51,14298.54,787.6,0.0,1266.0,1045.0
2007-03-10 16:00:00,133.348,19.146,14332.17,575.0,0.0,991.0,178.0
2007-03-10 17:00:00,132.516,9.136,14381.85,566.0,0.0,1495.0,0.0
2007-03-10 18:00:00,59.844,8.274,14359.11,257.4,0.0,223.0,0.0
2007-03-10 19:00:00,186.072,9.234,14010.5,804.2,0.0,2.0,439.0
2007-03-10 20:00:00,130.288,13.161999999999999,14273.28,548.6,4.0,35.0,399.0
2007-03-10 21:00:00,200.21,5.932,14312.38,841.4,835.0,0.0,723.0
2007-03-10 22:00:00,205.048,2.4579999999999997,14154.87,866.8,576.0,35.0,155.0
2007-03-10 23:00:00,175.052,2.316,14220.41,735.8,0.0,0.0,533.0
2007-03-11 00:00:00,146.876,6.358,14226.11,616.0,0.0,34.0,0.0
2007-03-11 01:00:00,143.038,5.742,14313.01,595.8,0.0,0.0,0.0
2007-03-11 02:00:00,144.34,5.168,14445.69,594.6,0.0,29.0,0.0
2007-03-11 03:00:00,145.89000000000001,3.934,14555.87,597.6,0.0,4.0,0.0
2007-03-11 04:00:00,144.982,4.448,14510.96,594.0,0.0,8.0,0.0
2007-03-11 05:00:00,145.904,6.194,14494.91,600.0,0.0,25.0,0.0
2007-03-11 06:00:00,182.052,4.5120000000000005,14447.29,753.2,0.0,0.0,0.0
2007-03-11 07:00:00,202.056,4.65,14422.16,839.2,0.0,34.0,556.0
2007-03-11 08:00:00,144.508,3.134,14377.91,598.4,0.0,0.0,0.0
2007-03-11 09:00:00,155.164,4.63,14277.55,647.6,0.0,33.0,0.0
2007-03-11 10:00:00,82.19,2.902,14467.38,347.2,0.0,0.0,365.0
2007-03-11 11:00:00,46.42,5.0,14415.04,202.6,0.0,18.0,242.0
2007-03-11 12:00:00,104.488,6.998,14324.99,450.6,752.0,16.0,269.0
2007-03-11 13:00:00,198.46,15.386,14215.76,850.4,885.0,326.0,1033.0
2007-03-11 14:00:00,92.994,9.476,14556.72,385.0,0.0,36.0,1081.0
2007-03-11 15:00:00,151.378,5.5,14475.37,633.6,441.0,872.0,789.0
2007-03-11 16:00:00,98.178,9.438,14467.08,419.0,578.0,533.0,0.0
2007-03-11 17:00:00,115.02199999999999,5.94,14495.62,488.6,0.0,1024.0,195.0
2007-03-11 18:00:00,170.362,9.536,14370.54,714.2,185.0,324.0,1055.0
2007-03-11 19:00:00,277.89,19.112,14163.61,1183.6,1412.0,33.0,1025.0
2007-03-11 20:00:00,207.078,19.422,14231.25,877.8,557.0,36.0,1035.0
2007-03-11 21:00:00,170.998,4.346,14314.1,713.6,0.0,0.0,1047.0
2007-03-11 22:00:00,151.24,6.288,14409.18,628.0,0.0,35.0,808.0
2007-03-11 23:00:00,59.128,5.26,14632.4,244.4,0.0,0.0,0.0
2007-03-12 00:00:00,18.464,6.232,14736.23,81.8,0.0,35.0,0.0
2007-03-12 01:00:00,17.490000000000002,4.79,14654.52,77.8,0.0,0.0,0.0
2007-03-12 02:00:00,18.494,5.91,14754.8,80.6,0.0,30.0,0.0
2007-03-12 03:00:00,17.154,3.952,14698.03,73.8,0.0,4.0,0.0
2007-03-12 04:00:00,17.39,4.264,14646.38,75.39999999999999,0.0,9.0,0.0
2007-03-12 05:00:00,17.12,4.122,14562.75,73.8,0.0,25.0,0.0
2007-03-12 06:00:00,50.397999999999996,4.04,14522.77,208.4,0.0,0.0,545.0
2007-03-12 07:00:00,109.34,6.4,14445.02,458.8,6.0,33.0,788.0
2007-03-12 08:00:00,132.962,5.836,14265.66,560.0,833.0,0.0,1040.0
2007-03-12 09:00:00,130.61599999999999,5.826,14138.5,554.4,563.0,33.0,1022.0
2007-03-12 10:00:00,113.212,4.986,14215.08,480.8,1.0,0.0,1033.0
2007-03-12 11:00:00,115.828,5.351999999999999,14258.81,493.0,0.0,15.0,1039.0
2007-03-12 12:00:00,98.81,5.386,14268.61,422.0,0.0,19.0,791.0
2007-03-12 13:00:00,59.870000000000005,6.276,14256.21,272.0,0.0,0.0,0.0
2007-03-12 14:00:00,70.406,6.192,14381.27,301.8,0.0,35.0,0.0
2007-03-12 15:00:00,58.922000000000004,4.276,14477.36,247.6,0.0,0.0,0.0
2007-03-12 16:00:00,75.694,5.784,14509.47,310.2,0.0,34.0,772.0
2007-03-12 17:00:00,89.472,3.662,14436.4,368.0,0.0,0.0,1064.0
2007-03-12 18:00:00,83.79,4.498,14333.03,347.8,0.0,30.0,1049.0
2007-03-12 19:00:00,198.686,12.394,14067.710000000001,848.4,0.0,548.0,1012.0
2007-03-12 20:00:00,139.894,4.562,14393.88,582.4,0.0,23.0,895.0
2007-03-12 21:00:00,159.824,7.066,14325.77,671.0,0.0,1292.0,163.0
2007-03-12 22:00:00,132.714,8.106,14399.28,556.2,0.0,637.0,1059.0
2007-03-12 23:00:00,24.118,4.51,14657.01,103.0,0.0,39.0,81.0
2007-03-13 00:00:00,18.492,5.308,14520.65,80.2,0.0,47.0,0.0
2007-03-13 01:00:00,18.15,4.984,14451.7,79.8,0.0,10.0,0.0
2007-03-13 02:00:00,17.814,4.584,14606.15,76.8,0.0,38.0,0.0
2007-03-13 03:00:00,18.0,4.47,14521.8,79.0,0.0,20.0,0.0
2007-03-13 04:00:00,17.318,3.454,14503.13,75.39999999999999,0.0,20.0,0.0
2007-03-13 05:00:00,18.364,5.302,14406.86,80.2,0.0,32.0,0.0
2007-03-13 06:00:00,71.17399999999999,2.96,14477.41,301.2,0.0,0.0,296.0
2007-03-13 07:00:00,93.786,7.62,14457.39,389.2,0.0,35.0,1068.0
2007-03-13 08:00:00,80.634,3.562,14381.34,332.4,0.0,0.0,1056.0
2007-03-13 09:00:00,43.134,6.304,14398.4,182.2,0.0,35.0,404.0
2007-03-13 10:00:00,16.94,3.57,14475.35,72.6,0.0,0.0,0.0
2007-03-13 11:00:00,19.032,6.316,14384.42,84.0,0.0,29.0,0.0
2007-03-13 12:00:00,17.498,4.566,14505.85,76.6,0.0,6.0,0.0
2007-03-13 13:00:00,16.81,3.676,14481.24,74.6,0.0,8.0,0.0
2007-03-13 14:00:00,19.966,7.958,14503.66,89.6,0.0,27.0,0.0
2007-03-13 15:00:00,16.372,2.91,14588.29,69.8,0.0,0.0,0.0
2007-03-13 16:00:00,20.05,7.668,14542.19,89.2,0.0,35.0,0.0
2007-03-13 17:00:00,58.263999999999996,2.694,14473.31,243.4,0.0,0.0,668.0
2007-03-13 18:00:00,104.3,7.904,14389.07,436.4,123.0,63.0,1058.0
2007-03-13 19:00:00,207.31,4.744,14044.7,895.4,648.0,1568.0,49.0
2007-03-13 20:00:00,126.952,6.814,14327.19,542.2,579.0,813.0,0.0
2007-03-13 21:00:00,38.852,5.22,14531.31,165.0,0.0,38.0,0.0
2007-03-13 22:00:00,119.262,8.294,14370.84,499.6,0.0,488.0,0.0
2007-03-13 23:00:00,111.67,5.836,14550.82,465.4,0.0,547.0,724.0
2007-03-14 00:00:00,25.124,7.576,14581.98,112.0,0.0,76.0,0.0
2007-03-14 01:00:00,21.26,4.416,14476.48,93.6,0.0,9.0,0.0
2007-03-14 02:00:00,22.972,7.112,14672.02,102.4,0.0,48.0,0.0
2007-03-14 03:00:00,22.16,4.792,14631.15,97.2,0.0,10.0,0.0
2007-03-14 04:00:00,22.358,6.248,14571.97,100.2,0.0,47.0,0.0
2007-03-14 05:00:00,20.84,3.924,14512.07,93.6,0.0,10.0,0.0
2007-03-14 06:00:00,110.892,6.5840000000000005,14430.52,465.0,0.0,26.0,653.0
2007-03-14 07:00:00,95.884,5.1659999999999995,14449.85,396.2,0.0,15.0,1066.0
2007-03-14 08:00:00,83.63,4.334,14390.56,346.0,0.0,4.0,1058.0
2007-03-14 09:00:00,80.45400000000001,4.942,14282.64,333.8,0.0,30.0,1042.0
2007-03-14 10:00:00,54.294,6.132,14423.89,229.8,0.0,0.0,530.0
2007-03-14 11:00:00,58.786,6.25,14433.46,246.0,0.0,34.0,633.0
2007-03-14 12:00:00,114.9,11.94,14487.06,481.4,0.0,0.0,1072.0
2007-03-14 13:00:00,89.9,8.044,14544.23,369.4,15.0,34.0,1080.0
2007-03-14 14:00:00,56.094,5.2620000000000005,14558.53,233.8,538.0,0.0,77.0
2007-03-14 15:00:00,52.04,7.594,14571.48,219.8,546.0,32.0,0.0
2007-03-14 16:00:00,18.096,5.206,14621.49,76.39999999999999,0.0,3.0,0.0
2007-03-14 17:00:00,23.886,4.49,14489.06,104.0,0.0,14.0,0.0
2007-03-14 18:00:00,36.81,6.534,14317.5,158.4,0.0,20.0,0.0
2007-03-14 19:00:00,222.388,13.012,13971.32,955.8,870.0,0.0,0.0
2007-03-14 20:00:00,169.876,12.068,14176.92,724.8000000000001,463.0,34.0,137.0
2007-03-14 21:00:00,217.468,3.73,14112.04,924.8,460.0,0.0,1019.0
2007-03-14 22:00:00,98.712,6.964,14425.02,413.2,297.0,34.0,240.0
2007-03-14 23:00:00,74.54,5.202,14588.06,307.6,296.0,0.0,0.0
2007-03-15 00:00:00,34.972,6.6080000000000005,14528.78,147.8,0.0,34.0,0.0
2007-03-15 01:00:00,16.352,3.484,14564.09,68.8,0.0,0.0,0.0
2007-03-15 02:00:00,18.234,5.938,14523.76,78.2,0.0,22.0,0.0
2007-03-15 03:00:00,17.156,3.758,14501.83,72.6,0.0,12.0,0.0
2007-03-15 04:00:00,46.114000000000004,3.7239999999999998,14446.17,191.6,0.0,0.0,483.0
2007-03-15 05:00:00,20.828,4.976,14455.53,88.4,0.0,34.0,58.0
2007-03-15 06:00:00,103.892,3.698,14455.58,430.8,0.0,0.0,647.0
2007-03-15 07:00:00,126.15,9.142,14362.37,528.8,0.0,35.0,1054.0
2007-03-15 08:00:00,80.952,2.982,14324.48,335.40000000000003,0.0,0.0,1048.0
2007-03-15 09:00:00,73.446,7.474,14287.19,308.2,0.0,34.0,757.0
2007-03-15 10:00:00,107.438,3.672,14265.98,452.6,0.0,428.0,1040.0
2007-03-15 11:00:00,88.338,6.07,14266.56,371.6,0.0,24.0,1040.0
2007-03-15 12:00:00,27.94,6.068,14384.22,128.6,0.0,11.0,17.0
2007-03-15 13:00:00,24.542,3.98,14494.61,111.0,0.0,5.0,0.0
2007-03-15 14:00:00,47.896,8.756,14599.34,212.4,0.0,363.0,0.0
2007-03-15 15:00:00,159.956,8.984,14469.37,669.2,0.0,1797.0,456.0
2007-03-15 16:00:00,53.062,10.372,14635.02,230.0,0.0,282.0,235.0
2007-03-15 17:00:00,33.958,7.164,14485.960000000001,150.4,0.0,37.0,13.0
2007-03-15 18:00:00,125.816,16.676,14295.34,531.2,0.0,48.0,1046.0
2007-03-15 19:00:00,214.576,12.746,14025.03,916.2,0.0,10.0,1006.0
2007-03-15 20:00:00,200.898,7.192,14277.11,841.8,0.0,47.0,1042.0
2007-03-15 21:00:00,144.684,5.484,14348.99,603.6,0.0,4.0,709.0
2007-03-15 22:00:00,72.58200000000001,6.974,14501.45,301.8,0.0,36.0,385.0
2007-03-15 23:00:00,45.032,3.404,14505.15,182.4,0.0,0.0,0.0
2007-03-16 00:00:00,47.217999999999996,6.5120000000000005,14403.26,195.0,0.0,26.0,0.0
2007-03-16 01:00:00,43.796,3.642,14329.99,179.6,0.0,8.0,0.0
2007-03-16 02:00:00,46.33,4.262,14530.08,187.8,0.0,8.0,0.0
2007-03-16 03:00:00,46.316,4.572,14516.72,189.0,0.0,27.0,0.0
2007-03-16 04:00:00,44.912,2.746,14472.11,182.4,0.0,0.0,0.0
2007-03-16 05:00:00,46.298,5.1819999999999995,14398.24,190.20000000000002,0.0,34.0,0.0
2007-03-16 06:00:00,78.26,2.71,14431.7,322.0,0.0,0.0,542.0
2007-03-16 07:00:00,58.196,8.518,14433.99,245.8,0.0,34.0,26.0
2007-03-16 08:00:00,117.276,3.484,14271.96,494.4,511.0,0.0,1043.0
2007-03-16 09:00:00,120.914,7.178,14169.37,512.6,70.0,599.0,1026.0
2007-03-16 10:00:00,83.372,4.976,14362.3,352.4,525.0,29.0,551.0
2007-03-16 11:00:00,16.732,3.528,14455.31,73.2,0.0,6.0,0.0
2007-03-16 12:00:00,19.394000000000002,7.26,14514.02,88.2,0.0,30.0,0.0
2007-03-16 13:00:00,16.848,3.574,14461.54,71.0,0.0,0.0,0.0
2007-03-16 14:00:00,19.662,7.736,14611.21,87.8,0.0,36.0,0.0
2007-03-16 15:00:00,16.832,3.51,14587.63,71.8,0.0,0.0,0.0
2007-03-16 16:00:00,19.498,6.938,14491.62,85.2,0.0,36.0,0.0
2007-03-16 17:00:00,51.188,4.192,14364.58,213.8,0.0,0.0,0.0
2007-03-16 18:00:00,206.078,5.89,14028.06,883.0,0.0,921.0,609.0
2007-03-16 19:00:00,226.894,11.342,13906.3,977.6,0.0,1969.0,0.0
2007-03-16 20:00:00,104.322,5.114,14222.29,449.0,0.0,762.0,0.0
2007-03-16 21:00:00,91.642,6.892,14218.87,385.6,0.0,44.0,569.0
2007-03-16 22:00:00,113.992,3.278,14271.55,477.4,0.0,0.0,1004.0
2007-03-16 23:00:00,66.084,7.172,14466.37,274.2,0.0,35.0,0.0
2007-03-17 00:00:00,30.84,3.4899999999999998,14390.68,130.2,0.0,0.0,0.0
2007-03-17 01:00:00,18.006,5.376,14341.49,77.2,0.0,36.0,0.0
2007-03-17 02:00:00,16.572,3.19,14405.81,71.39999999999999,0.0,0.0,0.0
2007-03-17 03:00:00,17.358,4.362,14421.18,75.8,0.0,30.0,0.0
2007-03-17 04:00:00,16.25,2.924,14379.8,71.0,0.0,5.0,0.0
2007-03-17 05:00:00,16.958,3.89,14353.74,72.2,0.0,12.0,0.0
2007-03-17 06:00:00,38.04,4.438,14358.23,159.8,0.0,22.0,339.0
2007-03-17 07:00:00,76.20400000000001,3.64,14350.25,317.6,0.0,0.0,259.0
2007-03-17 08:00:00,106.984,5.816,14242.63,448.6,0.0,35.0,306.0
2007-03-17 09:00:00,83.836,2.992,14123.42,354.2,0.0,0.0,1020.0
2007-03-17 10:00:00,102.19,7.118,14098.49,433.6,0.0,34.0,1016.0
2007-03-17 11:00:00,82.958,2.686,14235.06,347.6,0.0,0.0,1036.0
2007-03-17 12:00:00,91.644,9.276,14255.34,389.6,0.0,35.0,873.0
2007-03-17 13:00:00,105.016,4.848,14351.97,441.2,497.0,0.0,677.0
2007-03-17 14:00:00,89.51,5.372,14370.05,371.8,70.0,15.0,1055.0
2007-03-17 15:00:00,115.66,7.018,14221.36,486.2,549.0,20.0,1034.0
2007-03-17 16:00:00,51.088,5.232,14340.09,214.6,0.0,0.0,311.0
2007-03-17 17:00:00,158.23,10.078,14271.94,672.8,1065.0,34.0,583.0
2007-03-17 18:00:00,126.458,3.438,14167.34,532.6,27.0,0.0,1026.0
2007-03-17 19:00:00,149.026,11.11,14009.23,636.6,0.0,35.0,223.0
2007-03-17 20:00:00,247.79,4.26,14103.14,1051.8,0.0,0.0,652.0
2007-03-17 21:00:00,202.858,7.23,14241.31,852.2,0.0,31.0,1037.0
2007-03-17 22:00:00,66.882,3.958,14409.2,277.4,0.0,4.0,828.0
2007-03-17 23:00:00,17.732,5.326,14601.75,76.39999999999999,0.0,11.0,0.0
2007-03-18 00:00:00,18.92,7.016,14473.13,82.8,0.0,24.0,0.0
2007-03-18 01:00:00,16.556,3.62,14606.69,70.8,0.0,0.0,0.0
2007-03-18 02:00:00,19.868,8.528,14684.65,89.0,0.0,35.0,0.0
2007-03-18 03:00:00,17.968,5.512,14775.75,76.8,0.0,0.0,0.0
2007-03-18 04:00:00,19.054,7.394,14755.42,86.2,0.0,36.0,0.0
2007-03-18 05:00:00,30.580000000000002,7.24,14727.68,132.6,0.0,0.0,0.0
2007-03-18 06:00:00,101.934,16.964,14637.95,423.2,0.0,23.0,578.0
2007-03-18 07:00:00,180.168,8.408,14467.39,757.8,833.0,506.0,0.0
2007-03-18 08:00:00,185.902,15.132,14410.89,785.0,597.0,1062.0,45.0
2007-03-18 09:00:00,197.552,12.61,14440.34,830.4,0.0,1709.0,1065.0
2007-03-18 10:00:00,214.902,18.712,14201.1,919.0,1492.0,714.0,756.0
2007-03-18 11:00:00,140.16,24.116,14256.03,611.2,275.0,1301.0,213.0
2007-03-18 12:00:00,115.48,8.48,14283.8,486.4,33.0,24.0,1042.0
2007-03-18 13:00:00,71.474,8.782,14506.02,304.8,536.0,53.0,28.0
2007-03-18 14:00:00,58.594,6.928,14690.29,251.2,549.0,21.0,0.0
2007-03-18 15:00:00,25.79,5.54,14553.53,116.60000000000001,0.0,24.0,0.0
2007-03-18 16:00:00,24.478,6.774,14510.58,106.2,0.0,36.0,0.0
2007-03-18 17:00:00,27.598,4.2139999999999995,14445.32,121.2,0.0,10.0,0.0
2007-03-18 18:00:00,147.264,12.846,14257.88,631.4,305.0,427.0,694.0
2007-03-18 19:00:00,247.488,17.008,14090.84,1061.8,909.0,596.0,654.0
2007-03-18 20:00:00,193.058,19.532,14200.64,828.4,574.0,626.0,0.0
2007-03-18 21:00:00,168.552,6.028,14275.22,704.6,2.0,58.0,781.0
2007-03-18 22:00:00,80.96000000000001,6.892,14321.05,337.2,0.0,75.0,0.0
2007-03-18 23:00:00,66.746,3.174,14536.67,276.8,459.0,9.0,0.0
2007-03-19 00:00:00,53.352,6.8,14391.69,228.4,560.0,49.0,0.0
2007-03-19 01:00:00,47.698,2.846,14400.93,200.4,0.0,10.0,526.0
2007-03-19 02:00:00,20.65,7.716,14617.83,92.0,0.0,49.0,0.0
2007-03-19 03:00:00,16.508,2.624,14608.08,71.2,0.0,9.0,0.0
2007-03-19 04:00:00,17.4,3.752,14554.06,74.39999999999999,0.0,19.0,0.0
2007-03-19 05:00:00,17.424,4.302,14458.48,76.39999999999999,0.0,21.0,0.0
2007-03-19 06:00:00,70.752,2.864,14625.19,297.6,0.0,0.0,302.0
2007-03-19 07:00:00,118.774,6.82,14411.63,493.2,0.0,37.0,1061.0
2007-03-19 08:00:00,113.36,2.856,14333.4,476.8,0.0,0.0,1050.0
2007-03-19 09:00:00,104.492,7.226,14255.38,441.4,0.0,37.0,1038.0
2007-03-19 10:00:00,97.414,2.916,14394.73,408.8,0.0,0.0,1058.0
2007-03-19 11:00:00,68.084,4.144,14394.41,291.2,0.0,7.0,351.0
2007-03-19 12:00:00,28.61,7.15,14423.75,125.8,0.0,30.0,0.0
2007-03-19 13:00:00,28.624,4.08,14494.55,121.60000000000001,0.0,0.0,107.0
2007-03-19 14:00:00,110.55,10.636,14402.6,461.0,0.0,36.0,1061.0
2007-03-19 15:00:00,93.114,2.782,14516.4,383.0,0.0,0.0,1076.0
2007-03-19 16:00:00,91.868,6.054,14560.07,375.8,0.0,25.0,1082.0
2007-03-19 17:00:00,84.028,5.244,14462.7,345.0,0.0,11.0,1068.0
2007-03-19 18:00:00,87.82000000000001,3.212,14319.12,365.59999999999997,0.0,0.0,1048.0
2007-03-19 19:00:00,204.394,18.076,14124.91,870.8,0.0,500.0,1020.0
2007-03-19 20:00:00,246.124,12.448,14209.4,1040.6,331.0,782.0,1032.0
2007-03-19 21:00:00,237.238,11.312,14271.22,998.6,237.0,1013.0,1041.0
2007-03-19 22:00:00,125.28,3.888,14341.5,524.0,520.0,36.0,197.0
2007-03-19 23:00:00,68.96,5.016,14743.78,282.4,0.0,15.0,0.0
2007-03-20 00:00:00,18.742,6.522,14642.16,81.0,0.0,25.0,0.0
2007-03-20 01:00:00,38.302,2.812,14571.15,158.8,0.0,0.0,371.0
2007-03-20 02:00:00,36.484,6.638,14752.76,151.79999999999998,0.0,35.0,294.0
2007-03-20 03:00:00,17.23,4.332,14749.14,74.39999999999999,0.0,0.0,0.0
2007-03-20 04:00:00,17.798,5.44,14682.12,76.2,0.0,34.0,0.0
2007-03-20 05:00:00,16.404,3.034,14617.03,68.6,0.0,1.0,0.0
2007-03-20 06:00:00,62.088,5.4159999999999995,14710.66,260.8,0.0,0.0,318.0
2007-03-20 07:00:00,118.418,5.4639999999999995,14379.460000000001,490.2,0.0,34.0,1057.0
2007-03-20 08:00:00,151.274,3.424,14150.09,638.6,0.0,0.0,1024.0
2007-03-20 09:00:00,121.974,6.526,14231.46,515.2,0.0,35.0,1035.0
2007-03-20 10:00:00,140.054,3.788,14236.09,596.0,672.0,0.0,1036.0
2007-03-20 11:00:00,122.718,9.256,14277.8,527.8,427.0,8.0,1042.0
2007-03-20 12:00:00,98.476,6.1,14462.8,410.2,0.0,26.0,1068.0
2007-03-20 13:00:00,50.282,3.9979999999999998,14514.11,208.0,0.0,0.0,550.0
2007-03-20 14:00:00,19.494,7.674,14649.31,88.6,0.0,35.0,0.0
2007-03-20 15:00:00,16.992,3.878,14639.05,73.2,0.0,0.0,0.0
2007-03-20 16:00:00,23.852,7.632,14604.73,106.0,0.0,15.0,0.0
2007-03-20 17:00:00,18.396,4.722,14461.83,80.6,0.0,19.0,0.0
2007-03-20 18:00:00,60.276,6.794,14336.95,257.40000000000003,328.0,0.0,0.0
2007-03-20 19:00:00,191.108,23.622,14155.88,832.0,1142.0,548.0,0.0
2007-03-20 20:00:00,137.566,12.718,14202.48,583.6,40.0,33.0,346.0
2007-03-20 21:00:00,317.562,12.084,14091.04,1353.0,546.0,1154.0,1015.0
2007-03-20 22:00:00,205.292,9.348,14180.78,874.8,590.0,798.0,1029.0
2007-03-20 23:00:00,85.446,3.648,14475.64,351.0,0.0,37.0,1070.0
2007-03-21 00:00:00,83.77799999999999,5.45,14503.46,343.8,0.0,43.0,1074.0
2007-03-21 01:00:00,81.642,3.596,14443.36,335.8,0.0,13.0,1065.0
2007-03-21 02:00:00,28.154,3.874,14666.9,118.8,0.0,16.0,182.0
2007-03-21 03:00:00,18.902,6.1259999999999994,14691.36,83.2,0.0,40.0,0.0
2007-03-21 04:00:00,17.038,3.38,14769.43,72.8,0.0,10.0,0.0
2007-03-21 05:00:00,18.94,6.286,14713.02,82.0,0.0,43.0,0.0
2007-03-21 06:00:00,37.502,3.496,14544.1,162.4,0.0,0.0,0.0
2007-03-21 07:00:00,76.48,4.528,14371.08,320.8,0.0,19.0,449.0
2007-03-21 08:00:00,93.606,4.266,14258.45,391.8,0.0,16.0,1039.0
2007-03-21 09:00:00,79.962,3.02,14349.87,329.4,0.0,0.0,1053.0
2007-03-21 10:00:00,85.19200000000001,6.802,14264.59,356.2,0.0,33.0,1039.0
2007-03-21 11:00:00,112.102,10.096,14207.69,474.4,0.0,0.0,1032.0
2007-03-21 12:00:00,145.642,10.53,14288.9,613.8,835.0,26.0,1044.0
2007-03-21 13:00:00,104.774,7.672,14400.119999999999,438.0,175.0,7.0,1059.0
2007-03-21 14:00:00,84.446,3.176,14672.16,341.2,0.0,0.0,1099.0
2007-03-21 15:00:00,72.48,9.968,14652.31,301.59999999999997,0.0,361.0,432.0
2007-03-21 16:00:00,51.66,4.928,14644.09,213.6,0.0,89.0,0.0
2007-03-21 17:00:00,112.78,8.008,14484.99,469.8,0.0,1076.0,0.0
2007-03-21 18:00:00,61.594,6.446,14403.77,266.6,0.0,610.0,0.0
2007-03-21 19:00:00,182.548,6.486,14080.94,778.2,0.0,56.0,635.0
2007-03-21 20:00:00,151.894,7.438,14271.64,644.8,0.0,25.0,156.0
2007-03-21 21:00:00,114.564,4.01,14333.79,483.6,0.0,104.0,0.0
2007-03-21 22:00:00,174.732,7.076,14404.21,729.4,565.0,408.0,624.0
2007-03-21 23:00:00,151.68,6.172,14600.54,629.6,290.0,1138.0,353.0
2007-03-22 00:00:00,124.262,7.992,14551.84,513.6,353.0,338.0,1081.0
2007-03-22 01:00:00,34.336,3.982,14576.8,142.4,0.0,37.0,255.0
2007-03-22 02:00:00,18.168,5.668,14784.55,78.0,0.0,47.0,0.0
2007-03-22 03:00:00,17.178,3.672,14803.74,72.2,0.0,10.0,0.0
2007-03-22 04:00:00,17.072,3.638,14727.75,72.0,0.0,24.0,0.0
2007-03-22 05:00:00,17.856,4.708,14721.55,76.39999999999999,0.0,32.0,0.0
2007-03-22 06:00:00,78.278,3.334,14608.22,327.2,0.0,10.0,247.0
2007-03-22 07:00:00,137.006,6.116,14360.57,571.4,0.0,39.0,1053.0
2007-03-22 08:00:00,96.54,5.118,14462.75,397.4,0.0,0.0,1069.0
2007-03-22 09:00:00,82.476,6.268,14425.98,340.8,0.0,31.0,1063.0
2007-03-22 10:00:00,79.828,4.614,14336.630000000001,328.8,0.0,2.0,1050.0
2007-03-22 11:00:00,76.138,3.584,14348.08,316.6,0.0,0.0,975.0
2007-03-22 12:00:00,17.558,4.846,14542.83,74.8,0.0,33.0,0.0
2007-03-22 13:00:00,17.572,3.484,14597.11,74.2,0.0,0.0,0.0
2007-03-22 14:00:00,27.22,5.354,14695.5,118.0,0.0,34.0,0.0
2007-03-22 15:00:00,20.898,4.7700000000000005,14622.8,87.6,0.0,0.0,0.0
2007-03-22 16:00:00,27.522,5.8260000000000005,14632.22,118.2,0.0,14.0,0.0
2007-03-22 17:00:00,55.016,4.414,14560.89,225.8,0.0,19.0,630.0
2007-03-22 18:00:00,34.35,4.75,14552.94,143.8,0.0,0.0,130.0
2007-03-22 19:00:00,92.956,5.634,14133.4,395.2,0.0,33.0,0.0
2007-03-22 20:00:00,22.928,3.646,14188.77,100.8,0.0,0.0,0.0
2007-03-22 21:00:00,155.478,4.376,14142.07,659.8,0.0,30.0,795.0
2007-03-22 22:00:00,120.226,3.7319999999999998,14234.18,503.6,0.0,3.0,1036.0
2007-03-22 23:00:00,84.116,4.3,14528.31,342.6,0.0,0.0,1078.0
2007-03-23 00:00:00,83.548,5.002,14579.28,338.6,0.0,33.0,1085.0
2007-03-23 01:00:00,58.7,3.47,14573.380000000001,238.0,0.0,0.0,708.0
2007-03-23 02:00:00,17.406,5.49,14721.63,73.6,0.0,34.0,0.0
2007-03-23 03:00:00,15.972,3.362,14733.16,66.4,0.0,0.0,0.0
2007-03-23 04:00:00,16.056,3.532,14659.47,65.8,0.0,4.0,0.0
2007-03-23 05:00:00,16.588,4.394,14608.6,68.6,0.0,29.0,0.0
2007-03-23 06:00:00,73.336,4.416,14608.36,301.2,0.0,0.0,676.0
2007-03-23 07:00:00,118.164,7.814,14430.81,493.4,0.0,33.0,1064.0
2007-03-23 08:00:00,78.348,2.344,14333.29,323.0,0.0,0.0,1050.0
2007-03-23 09:00:00,80.22200000000001,4.894,14235.0,334.8,0.0,16.0,1036.0
2007-03-23 10:00:00,34.748,4.2,14317.91,145.2,0.0,17.0,302.0
2007-03-23 11:00:00,16.3,3.832,14563.75,68.39999999999999,0.0,0.0,0.0
2007-03-23 12:00:00,18.982,7.58,14605.28,82.0,0.0,34.0,0.0
2007-03-23 13:00:00,15.532,3.134,14605.22,62.8,0.0,0.0,0.0
2007-03-23 14:00:00,18.646,7.092,14610.94,81.4,0.0,24.0,0.0
2007-03-23 15:00:00,17.41,5.854,14713.77,75.8,0.0,10.0,0.0
2007-03-23 16:00:00,32.566,3.37,14722.7,129.8,0.0,0.0,0.0
2007-03-23 17:00:00,44.868,7.64,14602.13,187.0,0.0,34.0,103.0
2007-03-23 18:00:00,84.036,7.416,14335.08,350.2,0.0,0.0,571.0
2007-03-23 19:00:00,96.56,11.502,14124.82,416.4,0.0,30.0,0.0
2007-03-23 20:00:00,130.42,3.132,14160.32,554.0,531.0,4.0,796.0
2007-03-23 21:00:00,91.392,2.862,14261.0,387.8,71.0,0.0,695.0
2007-03-23 22:00:00,104.462,3.698,14318.45,446.8,525.0,191.0,283.0
2007-03-23 23:00:00,44.746,3.458,14545.14,186.4,0.0,284.0,0.0
2007-03-24 00:00:00,16.704,4.402,14529.43,70.6,0.0,35.0,0.0
2007-03-24 01:00:00,45.318,4.406,14477.74,187.2,0.0,0.0,482.0
2007-03-24 02:00:00,24.374,3.198,14726.48,100.4,0.0,0.0,149.0
2007-03-24 03:00:00,16.91,5.086,14735.64,70.6,0.0,34.0,0.0
2007-03-24 04:00:00,16.192,3.804,14634.87,68.4,0.0,0.0,0.0
2007-03-24 05:00:00,17.65,6.03,14615.61,76.0,0.0,35.0,0.0
2007-03-24 06:00:00,14.714,1.88,14543.39,59.0,0.0,0.0,0.0
2007-03-24 07:00:00,58.524,3.508,14385.39,250.4,0.0,0.0,389.0
2007-03-24 08:00:00,92.422,5.256,14300.710000000001,393.0,0.0,557.0,513.0
2007-03-24 09:00:00,151.052,5.73,14273.45,636.4,0.0,794.0,1042.0
2007-03-24 10:00:00,118.922,13.744,14345.52,497.4,0.0,65.0,1051.0
2007-03-24 11:00:00,99.124,8.456,14339.01,413.59999999999997,0.0,10.0,1051.0
2007-03-24 12:00:00,127.708,17.45,14260.49,541.8,0.0,505.0,1039.0
2007-03-24 13:00:00,117.766,8.058,14376.31,490.8,0.0,226.0,1056.0
2007-03-24 14:00:00,157.542,7.444,14498.7,657.4,655.0,329.0,1074.0
2007-03-24 15:00:00,194.714,10.052,14453.87,814.6,611.0,878.0,1067.0
2007-03-24 16:00:00,148.89600000000002,7.7459999999999996,14501.32,618.4,0.0,426.0,1074.0
2007-03-24 17:00:00,144.558,5.336,14366.52,603.6,0.0,51.0,1055.0
2007-03-24 18:00:00,181.392,7.604,14293.68,766.8,0.0,286.0,1044.0
2007-03-24 19:00:00,300.952,12.72,13885.2,1301.8,47.0,1425.0,986.0
2007-03-24 20:00:00,233.268,18.412,14011.13,1003.6,860.0,66.0,1005.0
2007-03-24 21:00:00,194.418,11.134,14079.58,827.8,351.0,18.0,1013.0
2007-03-24 22:00:00,247.072,14.354,14207.31,1046.8,571.0,47.0,242.0
2007-03-24 23:00:00,248.238,5.214,14333.09,1036.4,612.0,10.0,1050.0
2007-03-25 00:00:00,142.59199999999998,5.282,14332.15,592.6,0.0,35.0,30.0
2007-03-25 01:00:00,139.358,5.83,14234.13,583.4,0.0,21.0,0.0
2007-03-25 02:00:00,141.584,4.464,14450.31,583.6,0.0,10.0,0.0
2007-03-25 03:00:00,141.5,4.352,14455.86,583.0,0.0,10.0,0.0
2007-03-25 04:00:00,143.526,5.8340000000000005,14485.04,589.4,0.0,36.0,0.0
2007-03-25 05:00:00,150.078,3.864,14442.86,619.6,0.0,0.0,0.0
2007-03-25 06:00:00,174.07,4.916,14430.55,718.8,0.0,35.0,0.0
2007-03-25 07:00:00,139.328,3.15,14339.79,578.4,0.0,0.0,0.0
2007-03-25 08:00:00,172.674,3.92,14415.85,714.2,0.0,13.0,526.0
2007-03-25 09:00:00,160.908,10.176,14344.57,672.0,0.0,21.0,0.0
2007-03-25 10:00:00,123.408,6.536,14214.6,518.0,0.0,0.0,510.0
2007-03-25 11:00:00,40.588,8.216,14393.35,180.0,0.0,34.0,250.0
2007-03-25 12:00:00,112.056,20.83,14433.83,484.0,1098.0,0.0,0.0
2007-03-25 13:00:00,106.69,21.186,14639.15,449.8,360.0,29.0,801.0
2007-03-25 14:00:00,149.732,18.576,14662.69,622.4,505.0,318.0,936.0
2007-03-25 15:00:00,109.306,16.608,14636.04,454.0,110.0,164.0,878.0
2007-03-25 16:00:00,135.082,17.682,14542.07,571.0,512.0,1096.0,0.0
2007-03-25 17:00:00,21.846936625283703,5.993728655462512,14578.538980764513,94.3747552254262,1.3324807586746552,2.6706103110924246,0.0
2007-03-25 18:00:00,75.18,15.154,14414.62,327.6,0.0,284.0,244.0
2007-03-25 19:00:00,224.7,15.024,14141.56,962.2,1000.0,183.0,1023.0
2007-03-25 20:00:00,266.806,12.186,14129.789999999999,1138.0,450.0,910.0,1021.0
2007-03-25 21:00:00,211.232,8.91,14259.69,889.8,310.0,329.0,1039.0
2007-03-25 22:00:00,169.084,10.724,14177.960000000001,716.2,285.0,71.0,1028.0
2007-03-25 23:00:00,85.96,6.682,14491.35,353.0,0.0,0.0,1072.0
2007-03-26 00:00:00,75.858,7.332,14473.81,313.4,0.0,35.0,949.0
2007-03-26 01:00:00,17.864,6.034,14586.17,78.39999999999999,0.0,0.0,0.0
2007-03-26 02:00:00,19.626,9.032,14829.15,89.4,0.0,30.0,0.0
2007-03-26 03:00:00,16.416,4.122,14732.74,73.4,0.0,5.0,0.0
2007-03-26 04:00:00,16.706,4.308,14651.61,71.39999999999999,0.0,0.0,0.0
2007-03-26 05:00:00,19.414,8.348,14512.63,90.6,0.0,34.0,0.0
2007-03-26 06:00:00,35.072,4.052,14595.24,153.6,0.0,0.0,57.0
2007-03-26 07:00:00,153.456,8.254,14419.78,637.2,0.0,33.0,1063.0
2007-03-26 08:00:00,94.582,4.32,14362.12,392.6,0.0,0.0,1054.0
2007-03-26 09:00:00,111.912,7.654,14347.17,470.8,0.0,11.0,1052.0
2007-03-26 10:00:00,95.95,5.606,14364.05,406.8,0.0,23.0,1054.0
2007-03-26 11:00:00,93.934,3.4819999999999998,14320.55,397.8,0.0,0.0,1047.0
2007-03-26 12:00:00,60.228,7.374,14349.8,266.0,0.0,34.0,378.0
2007-03-26 13:00:00,76.194,10.128,14450.74,320.8,0.0,0.0,751.0
2007-03-26 14:00:00,53.052,7.284,14644.81,224.20000000000002,0.0,27.0,568.0
2007-03-26 15:00:00,17.624,5.498,14640.22,78.39999999999999,0.0,8.0,0.0
2007-03-26 16:00:00,18.508,6.8740000000000006,14690.380000000001,83.4,0.0,0.0,0.0
2007-03-26 17:00:00,19.262,8.104,14507.89,85.6,0.0,35.0,0.0
2007-03-26 18:00:00,22.528,6.744,14382.39,101.2,0.0,0.0,0.0
2007-03-26 19:00:00,55.352,16.368,14263.06,241.6,0.0,35.0,0.0
2007-03-26 20:00:00,129.944,5.586,14122.16,553.0,418.0,0.0,575.0
2007-03-26 21:00:00,106.23,4.76,14207.65,450.6,148.0,20.0,548.0
2007-03-26 22:00:00,83.068,4.31,14477.23,345.8,522.0,14.0,0.0
2007-03-26 23:00:00,23.302,5.392,14593.66,97.6,0.0,0.0,0.0
2007-03-27 00:00:00,18.53,6.054,14378.29,82.2,0.0,35.0,0.0
2007-03-27 01:00:00,15.862,2.8,14279.68,70.2,0.0,0.0,0.0
2007-03-27 02:00:00,28.108,6.886,14517.4,122.0,0.0,34.0,150.0
2007-03-27 03:00:00,44.036,3.44,14490.17,185.0,0.0,0.0,458.0
2007-03-27 04:00:00,17.53,4.87,14491.03,78.0,0.0,14.0,0.0
2007-03-27 05:00:00,17.092,4.35,14412.25,74.39999999999999,0.0,20.0,0.0
2007-03-27 06:00:00,35.672,4.58,14505.3,157.6,0.0,0.0,0.0
2007-03-27 07:00:00,77.096,7.908,14444.23,322.2,0.0,34.0,452.0
2007-03-27 08:00:00,79.754,2.984,14334.14,328.6,0.0,0.0,1049.0
2007-03-27 09:00:00,29.364,5.602,14329.57,126.2,0.0,31.0,188.0
2007-03-27 10:00:00,16.772,4.01,14384.08,74.6,0.0,3.0,0.0
2007-03-27 11:00:00,17.028,4.414,14389.54,75.8,0.0,2.0,0.0
2007-03-27 12:00:00,17.934,5.73,14511.03,77.6,0.0,32.0,0.0
2007-03-27 13:00:00,16.34,3.61,14648.56,71.0,0.0,0.0,0.0
2007-03-27 14:00:00,19.812,8.568,14740.19,87.8,0.0,35.0,0.0
2007-03-27 15:00:00,17.582,5.236,14680.99,76.39999999999999,0.0,0.0,0.0
2007-03-27 16:00:00,24.326,5.562,14546.35,107.0,0.0,28.0,106.0
2007-03-27 17:00:00,48.622,3.674,14466.38,202.79999999999998,0.0,7.0,531.0
2007-03-27 18:00:00,28.844,8.926,14360.68,127.6,0.0,2.0,0.0
2007-03-27 19:00:00,94.896,19.736,14285.02,410.6,0.0,611.0,0.0
2007-03-27 20:00:00,172.48,6.39,14047.13,746.0,0.0,757.0,479.0
2007-03-27 21:00:00,174.2,9.724,14175.44,745.2,0.0,1305.0,284.0
2007-03-27 22:00:00,73.096,8.738,14482.59,305.2,0.0,37.0,0.0
2007-03-27 23:00:00,20.164,7.934,14566.81,93.0,0.0,32.0,0.0
2007-03-28 00:00:00,17.568,5.2,14586.23,78.2,0.0,27.0,0.0
2007-03-28 01:00:00,55.444,3.818,14437.89,232.6,0.0,14.0,642.0
2007-03-28 02:00:00,20.701999999999998,9.722,14603.61,96.8,0.0,43.0,0.0
2007-03-28 03:00:00,17.058,3.786,14637.43,75.6,0.0,10.0,0.0
2007-03-28 04:00:00,18.722,6.668,14562.86,85.8,0.0,47.0,0.0
2007-03-28 05:00:00,17.074,4.904,14526.08,76.8,0.0,0.0,0.0
2007-03-28 06:00:00,72.916,8.144,14458.1,303.6,0.0,36.0,583.0
2007-03-28 07:00:00,144.516,4.57,14361.44,607.2,18.0,0.0,1054.0
2007-03-28 08:00:00,126.486,6.244,14348.73,529.2,530.0,20.0,1052.0
2007-03-28 09:00:00,116.05,7.852,14270.2,488.8,574.0,15.0,1041.0
2007-03-28 10:00:00,81.43,3.422,14273.27,338.6,0.0,0.0,1040.0
2007-03-28 11:00:00,114.206,7.034,14293.56,480.0,0.0,531.0,1044.0
2007-03-28 12:00:00,84.674,5.71,14417.66,349.6,0.0,22.0,1062.0
2007-03-28 13:00:00,142.564,8.774,14463.58,594.6,0.0,924.0,1068.0
2007-03-28 14:00:00,199.692,8.08,14556.66,828.4,0.0,1940.0,1081.0
2007-03-28 15:00:00,132.212,12.316,14534.36,550.6,0.0,566.0,1078.0
2007-03-28 16:00:00,187.59199999999998,9.364,14422.74,785.6,0.0,1848.0,947.0
2007-03-28 17:00:00,51.664,11.278,14539.74,230.0,0.0,556.0,0.0
2007-03-28 18:00:00,23.142,5.75,14462.34,103.8,0.0,4.0,0.0
2007-03-28 19:00:00,160.692,21.618,14110.47,694.2,0.0,485.0,273.0
2007-03-28 20:00:00,165.178,14.012,14025.74,709.2,0.0,0.0,493.0
2007-03-28 21:00:00,245.376,11.112,14168.8,1041.4,0.0,1048.0,828.0
2007-03-28 22:00:00,115.37,5.77,14501.15,483.0,0.0,312.0,602.0
2007-03-28 23:00:00,23.57,11.370000000000001,14677.6,107.0,0.0,79.0,0.0
2007-03-29 00:00:00,18.82,6.474,14625.6,82.39999999999999,0.0,10.0,0.0
2007-03-29 01:00:00,20.54,9.218,14608.55,94.2,0.0,49.0,0.0
2007-03-29 02:00:00,18.504,6.164,14701.25,81.4,0.0,10.0,0.0
2007-03-29 03:00:00,20.596,9.278,14645.24,93.6,0.0,49.0,0.0
2007-03-29 04:00:00,18.368,5.708,14574.38,80.8,0.0,10.0,0.0
2007-03-29 05:00:00,53.582,6.042,14475.6,223.2,0.0,37.0,583.0
2007-03-29 06:00:00,93.578,7.726,14455.68,395.2,0.0,5.0,615.0
2007-03-29 07:00:00,132.664,6.974,14245.98,556.2,0.0,14.0,1037.0
2007-03-29 08:00:00,83.114,8.532,14280.47,347.6,0.0,24.0,1041.0
2007-03-29 09:00:00,80.366,4.22,14347.71,332.6,0.0,0.0,1052.0
2007-03-29 10:00:00,43.464,8.984,14336.74,187.4,0.0,35.0,387.0
2007-03-29 11:00:00,17.378,5.196,14291.53,76.2,0.0,0.0,0.0
2007-03-29 12:00:00,19.564,8.384,14488.96,91.0,0.0,36.0,0.0
2007-03-29 13:00:00,17.708000000000002,5.654,14562.22,77.2,0.0,0.0,0.0
2007-03-29 14:00:00,19.522,8.264,14510.48,88.6,0.0,29.0,0.0
2007-03-29 15:00:00,18.008,5.452,14330.37,78.0,0.0,7.0,0.0
2007-03-29 16:00:00,18.16,5.466,14533.5,79.39999999999999,0.0,7.0,0.0
2007-03-29 17:00:00,39.336,7.976,14426.52,170.2,0.0,29.0,229.0
2007-03-29 18:00:00,107.884,11.905999999999999,14318.09,452.2,0.0,0.0,1048.0
2007-03-29 19:00:00,156.4,17.832,14326.2,656.4,0.0,36.0,1048.0
2007-03-29 20:00:00,181.162,16.080000000000002,14214.42,764.4,19.0,0.0,1032.0
2007-03-29 21:00:00,202.316,14.272,14255.11,850.8,541.0,53.0,1038.0
2007-03-29 22:00:00,157.904,7.868,14304.54,661.8,602.0,20.0,1046.0
2007-03-29 23:00:00,51.467999999999996,5.026,14513.69,213.8,0.0,0.0,568.0
2007-03-30 00:00:00,20.904,10.744,14557.49,95.0,0.0,52.0,0.0
2007-03-30 01:00:00,18.704,7.192,14606.67,82.8,0.0,10.0,0.0
2007-03-30 02:00:00,18.152,6.374,14658.08,80.2,0.0,0.0,0.0
2007-03-30 03:00:00,20.992,11.066,14628.95,98.0,0.0,49.0,0.0
2007-03-30 04:00:00,17.82,6.02,14573.58,78.2,0.0,16.0,0.0
2007-03-30 05:00:00,17.748,5.556,14498.02,79.0,0.0,0.0,0.0
2007-03-30 06:00:00,67.678,8.156,14519.9,288.4,0.0,27.0,282.0
2007-03-30 07:00:00,150.798,12.086,14248.0,634.4,0.0,34.0,1038.0
2007-03-30 08:00:00,120.434,6.51,14302.25,502.2,0.0,0.0,1045.0
2007-03-30 09:00:00,84.292,5.28,14237.17,354.4,0.0,2.0,1036.0
2007-03-30 10:00:00,88.81,10.678,14264.05,380.8,0.0,55.0,685.0
2007-03-30 11:00:00,33.248000000000005,5.608,14371.78,159.2,0.0,0.0,0.0
2007-03-30 12:00:00,55.79,5.244,14462.96,243.0,0.0,0.0,324.0
2007-03-30 13:00:00,92.164,10.384,14444.61,384.2,0.0,57.0,1065.0
2007-03-30 14:00:00,56.354,6.782,14611.42,232.0,0.0,5.0,621.0
2007-03-30 15:00:00,17.768,5.918,14667.7,78.6,0.0,0.0,0.0
2007-03-30 16:00:00,18.934,7.582,14606.65,84.6,0.0,28.0,0.0
2007-03-30 17:00:00,27.962,10.178,14611.46,129.8,0.0,32.0,0.0
2007-03-30 18:00:00,20.868,4.6259999999999994,14632.58,93.4,0.0,0.0,0.0
2007-03-30 19:00:00,60.556,7.68,14397.460000000001,260.0,0.0,0.0,0.0
2007-03-30 20:00:00,132.824,8.792,14136.45,569.8,501.0,60.0,732.0
2007-03-30 21:00:00,130.986,3.354,14174.53,558.4,71.0,0.0,1027.0
2007-03-30 22:00:00,95.174,3.79,14290.05,414.4,522.0,0.0,362.0
2007-03-30 23:00:00,33.434,11.528,14594.68,152.2,0.0,41.0,0.0
2007-03-31 00:00:00,22.48,6.3420000000000005,14643.77,102.6,0.0,19.0,0.0
2007-03-31 01:00:00,21.892,4.906000000000001,14600.82,99.2,0.0,0.0,0.0
2007-03-31 02:00:00,96.44,6.952,14568.63,403.6,0.0,7.0,555.0
2007-03-31 03:00:00,147.38400000000001,7.626,14401.67,611.6,0.0,51.0,0.0
2007-03-31 04:00:00,144.554,2.896,14409.25,598.8000000000001,0.0,0.0,0.0
2007-03-31 05:00:00,145.02,4.91,14343.09,605.4,0.0,0.0,0.0
2007-03-31 06:00:00,148.892,8.06,14457.91,615.6,0.0,47.0,0.0
2007-03-31 07:00:00,179.67,4.608,14333.51,754.4,0.0,10.0,593.0
2007-03-31 08:00:00,140.838,7.284,14243.83,600.4,0.0,504.0,855.0
2007-03-31 09:00:00,121.92,5.932,14174.48,520.2,0.0,109.0,1027.0
2007-03-31 10:00:00,309.664,31.19,14049.74,1334.6,1505.0,1578.0,1009.0
2007-03-31 11:00:00,111.372,10.398,14314.92,469.4,2.0,249.0,1048.0
2007-03-31 12:00:00,90.66,4.63,14369.86,377.0,0.0,37.0,1055.0
2007-03-31 13:00:00,103.2,11.81,14352.9,433.0,0.0,40.0,1052.0
2007-03-31 14:00:00,137.168,9.93,14438.29,575.2,497.0,43.0,1065.0
2007-03-31 15:00:00,154.074,8.256,14381.1,647.6,165.0,550.0,1057.0
2007-03-31 16:00:00,132.63,7.246,14340.16,556.4,440.0,115.0,1050.0
2007-03-31 17:00:00,122.844,10.382,14349.6,516.4,0.0,412.0,1052.0
2007-03-31 18:00:00,243.67000000000002,5.736,14251.89,1025.6,0.0,1496.0,1038.0
2007-03-31 19:00:00,208.396,17.312,14265.9,879.8,0.0,661.0,1040.0
2007-03-31 20:00:00,285.962,24.73,14129.74,1218.8,0.0,1624.0,1021.0
2007-03-31 21:00:00,153.58,17.14,14262.71,646.8,0.0,64.0,1039.0
2007-03-31 22:00:00,138.604,5.184,14388.23,574.0,0.0,36.0,1058.0
2007-03-31 23:00:00,148.596,8.044,14463.51,614.8,11.0,55.0,1068.0
2007-04-01 00:00:00,139.47,7.684,14426.83,578.6,507.0,31.0,1063.0
2007-04-01 01:00:00,118.386,3.624,14373.25,492.6,580.0,0.0,1055.0
2007-04-01 02:00:00,106.388,6.468,14561.59,438.0,0.0,42.0,1083.0
2007-04-01 03:00:00,69.566,5.178,14593.23,287.0,0.0,21.0,777.0
2007-04-01 04:00:00,17.580000000000002,3.4259999999999997,14602.03,75.2,0.0,0.0,0.0
2007-04-01 05:00:00,18.21,5.1579999999999995,14548.68,76.8,0.0,37.0,0.0
2007-04-01 06:00:00,19.372,6.976,14616.89,85.4,0.0,24.0,0.0
2007-04-01 07:00:00,55.174,3.17,14642.06,230.4,0.0,0.0,330.0
2007-04-01 08:00:00,142.744,7.506,14476.47,594.2,0.0,27.0,1070.0
2007-04-01 09:00:00,99.002,6.546,14377.789999999999,411.8,0.0,30.0,1056.0
2007-04-01 10:00:00,113.526,3.21,14367.72,475.59999999999997,0.0,0.0,1055.0
2007-04-01 11:00:00,109.322,4.78,14283.42,462.79999999999995,0.0,14.0,1042.0
2007-04-01 12:00:00,93.992,8.914,14321.84,397.40000000000003,0.0,43.0,924.0
2007-04-01 13:00:00,83.52,3.496,14419.46,345.4,0.0,0.0,1062.0
2007-04-01 14:00:00,87.348,3.62,14565.72,359.2,0.0,0.0,1083.0
2007-04-01 15:00:00,87.934,7.5120000000000005,14513.53,362.0,0.0,58.0,1076.0
2007-04-01 16:00:00,20.986,4.702,14385.039999999999,88.8,0.0,0.0,4.0
2007-04-01 17:00:00,231.606,14.472,14066.17,996.2,1841.0,850.0,604.0
2007-04-01 18:00:00,215.856,21.72,14132.55,930.2,623.0,1205.0,1021.0
2007-04-01 19:00:00,198.776,19.474,14066.99,856.6,0.0,1235.0,1012.0
2007-04-01 20:00:00,132.59,11.488,14193.68,565.6,0.0,79.0,1029.0
2007-04-01 21:00:00,236.842,16.874,14267.39,999.6,5.0,461.0,1040.0
2007-04-01 22:00:00,254.462,14.774,14324.64,1073.6,509.0,1148.0,1049.0
2007-04-01 23:00:00,133.3,11.78,14508.29,552.2,564.0,96.0,1074.0
2007-04-02 00:00:00,82.662,4.876,14524.72,339.0,0.0,10.0,1077.0
2007-04-02 01:00:00,81.91,3.798,14512.45,335.2,0.0,18.0,1075.0
2007-04-02 02:00:00,47.11,10.158,14653.22,198.0,0.0,68.0,435.0
2007-04-02 03:00:00,17.608,4.934,14641.92,75.39999999999999,0.0,10.0,0.0
2007-04-02 04:00:00,16.92,3.9,14652.08,73.0,0.0,13.0,0.0
2007-04-02 05:00:00,20.138,9.33,14572.86,90.6,0.0,68.0,0.0
2007-04-02 06:00:00,38.724000000000004,3.608,14637.23,166.4,0.0,0.0,0.0
2007-04-02 07:00:00,123.706,6.68,14529.09,512.4,0.0,0.0,895.0
2007-04-02 08:00:00,111.094,9.948,14286.6,469.4,0.0,57.0,1043.0
2007-04-02 09:00:00,88.96000000000001,4.96,14212.61,373.0,0.0,0.0,1032.0
2007-04-02 10:00:00,78.596,5.3919999999999995,14228.21,330.2,0.0,0.0,1035.0
2007-04-02 11:00:00,82.458,8.542,14248.58,345.4,0.0,59.0,1037.0
2007-04-02 12:00:00,79.43,3.378,14331.26,328.4,0.0,0.0,1049.0
2007-04-02 13:00:00,85.928,6.152,14370.68,357.6,0.0,0.0,1055.0
2007-04-02 14:00:00,84.95400000000001,9.53,14530.75,349.8,0.0,54.0,1077.0
2007-04-02 15:00:00,34.452,4.426,14546.48,143.2,0.0,6.0,305.0
2007-04-02 16:00:00,17.355999999999998,5.558,14536.26,75.8,0.0,0.0,0.0
2007-04-02 17:00:00,19.576,8.612,14428.539999999999,86.0,0.0,46.0,0.0
2007-04-02 18:00:00,38.998,4.848,14420.91,163.8,0.0,13.0,316.0
2007-04-02 19:00:00,145.132,11.698,14311.22,610.6,753.0,0.0,1047.0
2007-04-02 20:00:00,154.212,18.418,14172.94,656.2,0.0,52.0,1026.0
2007-04-02 21:00:00,188.578,10.536,14091.72,800.6,8.0,168.0,1016.0
2007-04-02 22:00:00,201.786,6.084,14334.37,848.0,455.0,282.0,1049.0
2007-04-02 23:00:00,120.49,8.97,14487.87,498.2,539.0,46.0,1072.0
2007-04-03 00:00:00,19.832,4.696,14425.81,84.2,0.0,19.0,39.0
2007-04-03 01:00:00,17.624,5.248,14494.69,79.6,0.0,0.0,0.0
2007-04-03 02:00:00,18.926,7.588,14634.37,86.4,0.0,35.0,0.0
2007-04-03 03:00:00,17.812,5.812,14556.03,76.2,0.0,29.0,0.0
2007-04-03 04:00:00,17.31,4.704,14516.96,76.6,0.0,0.0,0.0
2007-04-03 05:00:00,18.004,5.732,14471.01,81.0,0.0,19.0,0.0
2007-04-03 06:00:00,40.388,6.5760000000000005,14400.03,172.4,0.0,44.0,171.0
2007-04-03 07:00:00,188.774,8.71,14248.43,796.2,0.0,0.0,1038.0
2007-04-03 08:00:00,84.662,4.946,14343.58,350.0,0.0,12.0,1051.0
2007-04-03 09:00:00,82.902,7.22,14255.34,346.6,0.0,50.0,1038.0
2007-04-03 10:00:00,82.6,4.178,14373.73,339.59999999999997,0.0,0.0,1055.0
2007-04-03 11:00:00,74.03,3.502,14380.41,304.8,0.0,0.0,954.0
2007-04-03 12:00:00,21.152,10.84,14495.74,97.4,0.0,62.0,0.0
2007-04-03 13:00:00,16.942,4.3180000000000005,14500.18,72.8,0.0,0.0,0.0
2007-04-03 14:00:00,16.936,4.182,14570.12,72.39999999999999,0.0,0.0,0.0
2007-04-03 15:00:00,21.3,10.94,14581.26,96.6,0.0,53.0,0.0
2007-04-03 16:00:00,17.026,4.626,14527.25,74.4,0.0,8.0,0.0
2007-04-03 17:00:00,17.814,4.404,14563.18,78.4,0.0,0.0,0.0
2007-04-03 18:00:00,88.778,12.826,14439.15,382.0,872.0,37.0,136.0
2007-04-03 19:00:00,273.938,14.072,14063.49,1180.8,1419.0,537.0,639.0
2007-04-03 20:00:00,110.042,8.77,14126.65,470.4,181.0,74.0,0.0
2007-04-03 21:00:00,138.442,6.97,14260.46,583.0,21.0,8.0,313.0
2007-04-03 22:00:00,190.132,11.766,14414.26,793.2,537.0,55.0,1062.0
2007-04-03 23:00:00,67.454,6.134,14685.01,283.6,600.0,0.0,141.0
2007-04-04 00:00:00,17.62,5.316,14637.68,79.0,0.0,0.0,0.0
2007-04-04 01:00:00,20.022,9.198,14492.67,89.0,0.0,63.0,0.0
2007-04-04 02:00:00,17.556,4.568,14585.07,76.8,0.0,0.0,0.0
2007-04-04 03:00:00,16.142,3.212,14523.76,70.2,0.0,0.0,0.0
2007-04-04 04:00:00,19.254,7.464,14478.96,86.4,0.0,39.0,0.0
2007-04-04 05:00:00,16.956,4.714,14436.01,72.0,0.0,23.0,0.0
2007-04-04 06:00:00,81.018,5.602,14360.08,340.2,0.0,0.0,672.0
2007-04-04 07:00:00,114.122,4.174,14355.01,476.0,0.0,9.0,1052.0
2007-04-04 08:00:00,118.164,11.488,14369.89,496.8,0.0,53.0,1056.0
2007-04-04 09:00:00,88.21600000000001,3.84,14414.77,366.2,0.0,0.0,1061.0
2007-04-04 10:00:00,78.682,3.134,14239.93,325.6,0.0,0.0,1036.0
2007-04-04 11:00:00,87.472,9.276,14346.09,363.4,0.0,51.0,1052.0
2007-04-04 12:00:00,97.998,9.692,14397.56,409.0,0.0,7.0,1059.0
2007-04-04 13:00:00,86.07,5.804,14376.36,357.8,0.0,0.0,1056.0
2007-04-04 14:00:00,125.27,9.038,14398.89,523.2,648.0,24.0,1059.0
2007-04-04 15:00:00,164.666,14.456,14397.58,696.2,1199.0,35.0,1059.0
2007-04-04 16:00:00,131.382,8.16,14482.86,544.6,544.0,0.0,1071.0
2007-04-04 17:00:00,21.176,5.274,14527.12,92.2,0.0,0.0,7.0
2007-04-04 18:00:00,87.566,9.65,14396.03,366.4,0.0,58.0,712.0
2007-04-04 19:00:00,117.784,5.128,14262.11,500.6,0.0,0.0,846.0
2007-04-04 20:00:00,89.816,7.624,14243.02,390.40000000000003,0.0,0.0,153.0
2007-04-04 21:00:00,227.752,7.01,14189.73,963.0,468.0,48.0,1029.0
2007-04-04 22:00:00,145.76,14.126,14505.48,603.8,390.0,10.0,90.0
2007-04-04 23:00:00,81.404,4.37,14661.11,331.4,185.0,0.0,678.0
2007-04-05 00:00:00,19.182,7.266,14626.1,83.0,0.0,27.0,0.0
2007-04-05 01:00:00,18.29,6.66,14652.12,78.0,0.0,32.0,0.0
2007-04-05 02:00:00,16.578,3.9259999999999997,14656.59,71.2,0.0,0.0,0.0
2007-04-05 03:00:00,16.009999999999998,3.178,14488.04,67.2,0.0,0.0,0.0
2007-04-05 04:00:00,19.53,8.174,14475.21,85.4,0.0,57.0,0.0
2007-04-05 05:00:00,16.518,3.932,14508.01,70.6,0.0,0.0,0.0
2007-04-05 06:00:00,35.522,2.996,14567.41,151.2,0.0,0.0,241.0
2007-04-05 07:00:00,170.238,9.234,14315.57,717.0,0.0,50.0,1047.0
2007-04-05 08:00:00,114.602,6.18,14333.82,482.0,0.0,337.0,1050.0
2007-04-05 09:00:00,92.89,4.994,14438.67,383.8,0.0,80.0,1065.0
2007-04-05 10:00:00,102.982,7.196,14357.34,430.8,0.0,278.0,1053.0
2007-04-05 11:00:00,89.118,13.488,14325.3,376.4,0.0,56.0,1048.0
2007-04-05 12:00:00,28.604,17.19,14458.05,138.4,0.0,0.0,67.0
2007-04-05 13:00:00,22.398,14.064,14482.29,110.4,0.0,2.0,0.0
2007-04-05 14:00:00,27.23,21.434,14583.78,140.2,0.0,57.0,0.0
2007-04-05 15:00:00,30.91,18.482,14534.43,150.0,0.0,0.0,0.0
2007-04-05 16:00:00,27.562,15.798,14587.42,128.20000000000002,0.0,0.0,0.0
2007-04-05 17:00:00,30.75,21.236,14539.48,151.8,0.0,58.0,0.0
2007-04-05 18:00:00,27.966,12.622,14565.93,130.6,0.0,5.0,0.0
2007-04-05 19:00:00,161.332,11.316,14395.97,688.4,0.0,512.0,745.0
2007-04-05 20:00:00,243.332,14.032,14257.6,1036.2,168.0,848.0,1039.0
2007-04-05 21:00:00,285.158,10.884,14160.6,1212.6,382.0,1793.0,1025.0
2007-04-05 22:00:00,161.126,5.774,14446.26,670.2,536.0,85.0,1066.0
2007-04-05 23:00:00,86.25,4.482,14533.28,354.2,0.0,0.0,1077.0
2007-04-06 00:00:00,78.652,5.608,14577.26,321.4,0.0,43.0,955.0
2007-04-06 01:00:00,21.708000000000002,6.976,14558.16,99.2,0.0,21.0,0.0
2007-04-06 02:00:00,19.014,3.298,14574.56,85.4,0.0,0.0,0.0
2007-04-06 03:00:00,20.605999999999998,4.714,14516.57,91.6,0.0,31.0,0.0
2007-04-06 04:00:00,21.696,6.588,14515.37,96.6,0.0,29.0,0.0
2007-04-06 05:00:00,18.882,2.5100000000000002,14494.76,82.2,0.0,0.0,0.0
2007-04-06 06:00:00,35.06,4.498,14502.7,153.2,0.0,18.0,0.0
2007-04-06 07:00:00,114.834,7.138,14417.95,479.6,0.0,41.0,594.0
2007-04-06 08:00:00,114.294,2.7399999999999998,14336.6,479.6,0.0,573.0,1050.0
2007-04-06 09:00:00,82.44200000000001,5.8,14398.3,340.4,0.0,23.0,1058.0
2007-04-06 10:00:00,81.398,5.482,14365.94,334.59999999999997,0.0,37.0,1054.0
2007-04-06 11:00:00,80.412,3.838,14344.73,331.0,0.0,0.0,1051.0
2007-04-06 12:00:00,18.848,6.4,14557.4,86.6,0.0,23.0,7.0
2007-04-06 13:00:00,18.366,6.692,14565.42,82.8,0.0,39.0,0.0
2007-04-06 14:00:00,18.222,5.78,14694.07,80.0,0.0,0.0,0.0
2007-04-06 15:00:00,18.224,6.018,14617.0,81.4,0.0,21.0,0.0
2007-04-06 16:00:00,28.514,6.806,14537.12,122.6,0.0,39.0,112.0
2007-04-06 17:00:00,85.52199999999999,4.516,14446.35,351.4,0.0,0.0,1066.0
2007-04-06 18:00:00,191.674,7.138,14310.13,806.8,0.0,1780.0,1045.0
2007-04-06 19:00:00,133.252,14.138,14336.65,571.4,0.0,1197.0,528.0
2007-04-06 20:00:00,38.2,5.412,14444.8,162.0,0.0,51.0,0.0
2007-04-06 21:00:00,140.086,2.668,14316.57,586.0,0.0,323.0,646.0
2007-04-06 22:00:00,144.436,12.044,14352.36,610.4,0.0,1123.0,0.0
2007-04-06 23:00:00,76.798,6.412,14524.84,315.4,0.0,54.0,0.0
2007-04-07 00:00:00,59.478,3.482,14590.1,242.2,0.0,10.0,0.0
2007-04-07 01:00:00,27.206,9.568,14457.9,120.0,0.0,70.0,0.0
2007-04-07 02:00:00,17.628,3.892,14504.85,76.0,0.0,15.0,0.0
2007-04-07 03:00:00,18.024,4.28,14484.01,78.0,0.0,9.0,0.0
2007-04-07 04:00:00,21.348,9.316,14487.92,95.8,0.0,72.0,0.0
2007-04-07 05:00:00,53.886,2.94,14420.45,224.4,0.0,10.0,609.0
2007-04-07 06:00:00,17.568,4.296,14398.1,77.0,0.0,0.0,0.0
2007-04-07 07:00:00,42.974,7.844,14437.07,192.2,0.0,61.0,0.0
2007-04-07 08:00:00,41.464,4.188,14450.6,172.6,0.0,0.0,0.0
2007-04-07 09:00:00,106.164,3.452,14349.05,447.2,10.0,464.0,702.0
2007-04-07 10:00:00,125.92999999999999,9.696,14434.73,526.4,526.0,144.0,1063.0
2007-04-07 11:00:00,163.752,8.264,14332.63,691.8,591.0,1732.0,93.0
2007-04-07 12:00:00,30.148,10.186,14475.15,136.6,0.0,226.0,0.0
2007-04-07 13:00:00,19.678,6.094,14553.28,85.6,0.0,50.0,0.0
2007-04-07 14:00:00,17.830000000000002,4.984,14652.79,77.8,0.0,9.0,0.0
2007-04-07 15:00:00,29.384,7.328,14570.86,127.2,0.0,75.0,0.0
2007-04-07 16:00:00,34.532000000000004,3.208,14468.53,147.8,0.0,10.0,0.0
2007-04-07 17:00:00,22.136,3.322,14381.0,93.6,0.0,10.0,0.0
2007-04-07 18:00:00,58.147999999999996,9.292,14361.75,247.0,0.0,72.0,538.0
2007-04-07 19:00:00,25.224,3.838,14320.47,105.60000000000001,0.0,3.0,62.0
2007-04-07 20:00:00,20.648,3.274,14308.56,86.4,0.0,5.0,0.0
2007-04-07 21:00:00,197.822,8.17,14127.12,840.6,0.0,56.0,770.0
2007-04-07 22:00:00,200.28,4.072,14232.53,839.0,0.0,0.0,1035.0
2007-04-07 23:00:00,202.672,3.7439999999999998,14345.72,842.2,0.0,8.0,1051.0
2007-04-08 00:00:00,167.446,9.238,14436.39,694.0,0.0,54.0,371.0
2007-04-08 01:00:00,137.94,2.342,14323.9,573.4,0.0,0.0,0.0
2007-04-08 02:00:00,140.69,3.9,14392.84,581.4,0.0,7.0,0.0
2007-04-08 03:00:00,143.754,7.706,14435.2,594.4,0.0,54.0,0.0
2007-04-08 04:00:00,139.746,2.632,14397.77,577.2,0.0,0.0,0.0
2007-04-08 05:00:00,136.718,3.676,14372.27,565.8000000000001,0.0,3.0,0.0
2007-04-08 06:00:00,109.824,7.242,14365.14,457.40000000000003,0.0,54.0,0.0
2007-04-08 07:00:00,54.29,4.97,14489.89,228.8,0.0,0.0,0.0
2007-04-08 08:00:00,35.066,4.566,14535.04,159.6,0.0,5.0,0.0
2007-04-08 09:00:00,77.318,8.458,14426.82,331.8,0.0,53.0,726.0
2007-04-08 10:00:00,42.160000000000004,4.614,14361.07,196.4,0.0,0.0,0.0
2007-04-08 11:00:00,37.397999999999996,3.582,14340.64,175.6,0.0,7.0,0.0
2007-04-08 12:00:00,34.112,10.252,14353.19,162.6,0.0,53.0,0.0
2007-04-08 13:00:00,49.742,4.332,14398.48,219.0,0.0,0.0,350.0
2007-04-08 14:00:00,80.918,3.998,14456.07,331.2,0.0,7.0,1067.0
2007-04-08 15:00:00,43.196,9.886000000000001,14530.69,182.6,0.0,53.0,379.0
2007-04-08 16:00:00,15.766,3.208,14563.22,68.6,0.0,0.0,0.0
2007-04-08 17:00:00,17.776,6.056,14578.78,77.4,0.0,9.0,0.0
2007-04-08 18:00:00,19.64,9.184,14464.16,86.6,0.0,52.0,0.0
2007-04-08 19:00:00,15.572000000000001,3.036,14410.18,65.8,0.0,0.0,0.0
2007-04-08 20:00:00,18.008,6.272,14359.6,79.4,0.0,12.0,0.0
2007-04-08 21:00:00,19.137999999999998,8.402,14383.98,84.6,0.0,49.0,0.0
2007-04-08 22:00:00,15.738,3.048,14249.66,67.6,0.0,0.0,0.0
2007-04-08 23:00:00,56.86,5.282,14477.84,235.4,0.0,13.0,652.0
2007-04-09 00:00:00,19.528,9.148,14600.41,87.8,0.0,48.0,0.0
2007-04-09 01:00:00,16.772,4.368,14491.45,71.0,0.0,0.0,0.0
2007-04-09 02:00:00,16.688,4.258,14454.2,69.39999999999999,0.0,13.0,0.0
2007-04-09 03:00:00,19.39,8.677999999999999,14498.98,87.2,0.0,47.0,0.0
2007-04-09 04:00:00,16.962,4.648,14501.6,74.39999999999999,0.0,0.0,0.0
2007-04-09 05:00:00,16.264,3.862,14478.05,71.0,0.0,12.0,0.0
2007-04-09 06:00:00,19.958,9.032,14444.26,91.6,0.0,47.0,0.0
2007-04-09 07:00:00,16.568,4.524,14502.789999999999,70.8,0.0,0.0,0.0
2007-04-09 08:00:00,16.428,4.304,14491.58,69.0,0.0,13.0,0.0
2007-04-09 09:00:00,26.682,9.294,14445.33,117.8,0.0,47.0,109.0
2007-04-09 10:00:00,55.550000000000004,3.084,14217.92,233.6,0.0,0.0,658.0
2007-04-09 11:00:00,16.972,4.656,14353.75,71.8,0.0,14.0,0.0
2007-04-09 12:00:00,19.124,8.145999999999999,14414.18,84.0,0.0,46.0,0.0
2007-04-09 13:00:00,16.222,3.738,14498.78,68.2,0.0,0.0,0.0
2007-04-09 14:00:00,18.362,6.696,14457.16,80.4,0.0,19.0,0.0
2007-04-09 15:00:00,70.918,10.092,14401.04,301.6,822.0,41.0,0.0
2007-04-09 16:00:00,66.056,6.816,14398.3,292.8,810.0,0.0,9.0
2007-04-09 17:00:00,86.176,11.088,14384.48,360.2,0.0,31.0,1058.0
2007-04-09 18:00:00,59.392,11.584,14433.58,258.2,0.0,32.0,531.0
2007-04-09 19:00:00,144.884,5.478,14284.56,610.8,0.0,0.0,0.0
2007-04-09 20:00:00,97.584,7.212,14250.75,412.4,7.0,39.0,629.0
2007-04-09 21:00:00,96.404,5.64,14371.03,405.2,503.0,24.0,807.0
2007-04-09 22:00:00,49.6,6.714,14507.41,210.4,525.0,0.0,0.0
2007-04-09 23:00:00,18.436,7.05,14511.11,83.8,0.0,41.0,0.0
2007-04-10 00:00:00,18.504,7.088,14537.7,85.2,0.0,21.0,0.0
2007-04-10 01:00:00,17.024,4.93,14521.15,77.4,0.0,0.0,0.0
2007-04-10 02:00:00,18.669999999999998,7.506,14575.98,84.0,0.0,45.0,0.0
2007-04-10 03:00:00,18.906,7.6259999999999994,14481.36,88.0,0.0,18.0,0.0
2007-04-10 04:00:00,16.086,3.4939999999999998,14479.73,72.2,0.0,0.0,0.0
2007-04-10 05:00:00,48.918,7.038,14403.46,208.0,0.0,45.0,497.0
2007-04-10 06:00:00,23.472,5.808,14305.460000000001,103.6,0.0,15.0,93.0
2007-04-10 07:00:00,15.841999999999999,3.382,14430.49,65.2,0.0,0.0,0.0
2007-04-10 08:00:00,19.902,8.892,14374.33,89.8,0.0,48.0,0.0
2007-04-10 09:00:00,17.176,5.038,14480.51,74.6,0.0,14.0,0.0
2007-04-10 10:00:00,16.38,3.71,14339.39,69.39999999999999,0.0,0.0,0.0
2007-04-10 11:00:00,19.53,8.584,14377.52,87.6,0.0,50.0,0.0
2007-04-10 12:00:00,16.894,4.69,14493.93,73.39999999999999,0.0,13.0,0.0
2007-04-10 13:00:00,17.316,4.954,14501.03,75.0,0.0,0.0,0.0
2007-04-10 14:00:00,19.288,8.48,14480.91,86.0,0.0,52.0,0.0
2007-04-10 15:00:00,17.098,5.106,14535.06,75.8,0.0,12.0,0.0
2007-04-10 16:00:00,62.15,5.5,14460.21,257.4,0.0,0.0,739.0
2007-04-10 17:00:00,23.99,8.732,14573.84,109.0,0.0,55.0,0.0
2007-04-10 18:00:00,33.746,4.818,14404.99,155.8,0.0,8.0,0.0
2007-04-10 19:00:00,32.214,4.422,14425.84,147.6,13.0,0.0,0.0
2007-04-10 20:00:00,62.4,6.654,14387.55,270.6,196.0,85.0,0.0
2007-04-10 21:00:00,61.806000000000004,5.946,14345.72,267.6,0.0,89.0,0.0
2007-04-10 22:00:00,70.96,5.516,14350.51,303.6,0.0,86.0,169.0
2007-04-10 23:00:00,109.092,11.026,14505.06,453.4,0.0,86.0,1074.0
2007-04-11 00:00:00,89.728,10.096,14462.65,370.2,0.0,86.0,1067.0
2007-04-11 01:00:00,65.726,9.486,14479.6,271.8,0.0,85.0,749.0
2007-04-11 02:00:00,23.24,13.334,14466.83,108.2,0.0,85.0,0.0
2007-04-11 03:00:00,20.802,10.072,14487.29,91.8,0.0,84.0,0.0
2007-04-11 04:00:00,21.35,10.594,14462.8,95.6,0.0,85.0,0.0
2007-04-11 05:00:00,21.794,11.25,14424.37,97.6,0.0,84.0,0.0
2007-04-11 06:00:00,21.402,10.564,14407.48,97.2,0.0,84.0,0.0
2007-04-11 07:00:00,21.726,11.282,14421.25,97.4,0.0,84.0,0.0
2007-04-11 08:00:00,20.946,10.242,14378.56,93.4,0.0,83.0,0.0
2007-04-11 09:00:00,87.858,11.85,14366.14,370.4,0.0,75.0,836.0
2007-04-11 10:00:00,94.646,3.122,14366.51,393.2,0.0,0.0,1054.0
2007-04-11 11:00:00,82.028,3.436,14411.34,336.2,0.0,0.0,1060.0
2007-04-11 12:00:00,79.026,9.504,14393.35,328.8,0.0,63.0,974.0
2007-04-11 13:00:00,16.983999999999998,5.058,14465.6,71.8,0.0,11.0,0.0
2007-04-11 14:00:00,17.114,4.85,14522.85,72.0,0.0,0.0,0.0
2007-04-11 15:00:00,20.233999999999998,10.122,14594.14,90.2,0.0,67.0,0.0
2007-04-11 16:00:00,17.252,5.112,14691.53,75.4,0.0,0.0,0.0
2007-04-11 17:00:00,17.418,5.596,14642.34,77.8,0.0,0.0,0.0
2007-04-11 18:00:00,19.868,9.592,14525.17,89.8,0.0,67.0,0.0
2007-04-11 19:00:00,16.94,4.816,14535.62,72.0,0.0,0.0,0.0
2007-04-11 20:00:00,17.128,4.926,14384.66,73.0,0.0,0.0,0.0
2007-04-11 21:00:00,19.58,8.842,14378.87,86.2,0.0,64.0,0.0
2007-04-11 22:00:00,58.44,4.944,14558.83,241.79999999999998,0.0,0.0,681.0
2007-04-11 23:00:00,16.252,3.7560000000000002,14435.17,69.2,0.0,5.0,0.0
2007-04-12 00:00:00,20.328,9.73,14318.82,90.8,0.0,60.0,0.0
2007-04-12 01:00:00,16.387999999999998,4.0280000000000005,14352.51,69.6,0.0,0.0,0.0
2007-04-12 02:00:00,16.108,3.67,14421.3,66.4,0.0,8.0,0.0
2007-04-12 03:00:00,21.188,10.966,14417.56,96.8,0.0,57.0,0.0
2007-04-12 04:00:00,16.062,3.624,14446.23,68.8,0.0,0.0,0.0
2007-04-12 05:00:00,16.578,4.28,14415.46,70.6,0.0,8.0,0.0
2007-04-12 06:00:00,20.122,9.362,14434.12,90.0,0.0,54.0,0.0
2007-04-12 07:00:00,16.374,3.968,14392.19,69.2,0.0,0.0,0.0
2007-04-12 08:00:00,17.586,5.544,14366.81,75.6,0.0,13.0,0.0
2007-04-12 09:00:00,51.98,8.158,14421.94,216.0,0.0,51.0,545.0
2007-04-12 10:00:00,35.174,3.754,14535.45,148.0,0.0,0.0,314.0
2007-04-12 11:00:00,18.51,7.062,14371.68,82.6,0.0,15.0,0.0
2007-04-12 12:00:00,18.592,7.798,14412.35,81.6,0.0,51.0,0.0
2007-04-12 13:00:00,16.31,3.9979999999999998,14435.83,68.0,0.0,0.0,0.0
2007-04-12 14:00:00,18.016,6.226,14306.79,79.6,0.0,17.0,0.0
2007-04-12 15:00:00,18.718,7.822,14441.75,81.4,0.0,47.0,0.0
2007-04-12 16:00:00,17.152,4.872,14496.08,73.0,0.0,0.0,0.0
2007-04-12 17:00:00,17.428,5.438,14500.26,75.2,0.0,24.0,0.0
2007-04-12 18:00:00,19.502,8.852,14386.25,87.0,0.0,43.0,0.0
2007-04-12 19:00:00,16.798,4.734,14411.44,71.6,0.0,0.0,0.0
2007-04-12 20:00:00,17.38,5.604,14455.33,72.2,0.0,26.0,0.0
2007-04-12 21:00:00,60.932,8.658,14442.42,256.6,0.0,44.0,685.0
2007-04-12 22:00:00,33.324,4.672,14411.7,138.6,0.0,0.0,274.0
2007-04-12 23:00:00,17.156,4.992,14374.46,71.8,0.0,23.0,0.0
2007-04-13 00:00:00,19.808,9.17,14382.37,88.6,0.0,45.0,0.0
2007-04-13 01:00:00,15.972,3.4219999999999997,14429.09,65.8,0.0,0.0,0.0
2007-04-13 02:00:00,18.33,6.58,14408.0,80.8,0.0,23.0,0.0
2007-04-13 03:00:00,19.12,8.342,14392.3,84.6,0.0,45.0,0.0
2007-04-13 04:00:00,15.61,3.066,14396.630000000001,64.4,0.0,0.0,0.0
2007-04-13 05:00:00,19.214,7.836,14353.81,86.4,0.0,23.0,0.0
2007-04-13 06:00:00,18.678,7.506,14326.27,81.6,0.0,44.0,0.0
2007-04-13 07:00:00,15.91,3.558,14379.1,66.0,0.0,0.0,0.0
2007-04-13 08:00:00,18.586,7.032,14364.43,81.2,0.0,25.0,0.0
2007-04-13 09:00:00,47.642,7.828,14373.68,200.4,0.0,42.0,473.0
2007-04-13 10:00:00,46.434000000000005,3.424,14282.66,193.0,0.0,0.0,502.0
2007-04-13 11:00:00,18.27,6.706,14480.26,79.4,0.0,28.0,0.0
2007-04-13 12:00:00,18.752,8.05,14526.52,84.8,0.0,41.0,0.0
2007-04-13 13:00:00,17.452,5.404,14435.58,74.8,0.0,0.0,0.0
2007-04-13 14:00:00,17.728,6.032,14361.8,75.6,0.0,29.0,0.0
2007-04-13 15:00:00,18.445999999999998,7.572,14383.28,82.0,0.0,42.0,0.0
2007-04-13 16:00:00,18.02,6.284,14450.86,79.2,0.0,0.0,0.0
2007-04-13 17:00:00,17.44,5.62,14419.61,76.0,0.0,28.0,0.0
2007-04-13 18:00:00,18.898,8.018,14351.85,83.2,0.0,40.0,0.0
2007-04-13 19:00:00,16.759999999999998,4.376,14400.6,71.0,0.0,0.0,0.0
2007-04-13 20:00:00,18.282,6.6,14460.55,78.8,0.0,32.0,0.0
2007-04-13 21:00:00,32.438,8.334,14404.8,139.0,0.0,37.0,214.0
2007-04-13 22:00:00,63.730000000000004,2.672,14389.8,262.4,0.0,0.0,799.0
2007-04-13 23:00:00,19.502,8.208,14518.85,87.39999999999999,0.0,34.0,0.0
2007-04-14 00:00:00,18.69,7.526,14361.31,82.2,0.0,34.0,0.0
2007-04-14 01:00:00,15.55,3.178,14363.82,64.0,0.0,0.0,0.0
2007-04-14 02:00:00,19.752,8.616,14374.97,87.2,0.0,39.0,0.0
2007-04-14 03:00:00,18.532,7.392,14469.16,81.2,0.0,29.0,0.0
2007-04-14 04:00:00,15.888,3.352,14504.06,69.2,0.0,0.0,0.0
2007-04-14 05:00:00,19.946,8.93,14472.86,86.8,0.0,43.0,0.0
2007-04-14 06:00:00,18.4,7.02,14419.01,80.0,0.0,27.0,0.0
2007-04-14 07:00:00,16.112,3.5620000000000003,14383.93,67.6,0.0,0.0,0.0
2007-04-14 08:00:00,19.572,8.708,14503.94,87.0,0.0,43.0,0.0
2007-04-14 09:00:00,17.508,5.952,14349.1,75.4,0.0,26.0,0.0
2007-04-14 10:00:00,56.668,4.21,14247.44,238.2,0.0,0.0,659.0
2007-04-14 11:00:00,38.782000000000004,7.640000000000001,14341.83,167.8,0.0,44.0,334.0
2007-04-14 12:00:00,17.2,5.566,14432.34,73.6,0.0,23.0,0.0
2007-04-14 13:00:00,18.208000000000002,6.582,14478.16,78.2,0.0,0.0,0.0
2007-04-14 14:00:00,18.672,7.594,14369.81,81.4,0.0,50.0,0.0
2007-04-14 15:00:00,17.582,5.93,14389.27,75.4,0.0,21.0,0.0
2007-04-14 16:00:00,17.076,4.852,14374.74,73.2,0.0,0.0,0.0
2007-04-14 17:00:00,19.21,8.338000000000001,14339.98,83.8,0.0,51.0,0.0
2007-04-14 18:00:00,18.09,6.404,14410.16,78.4,0.0,18.0,0.0
2007-04-14 19:00:00,16.169999999999998,3.7039999999999997,14459.79,67.39999999999999,0.0,0.0,0.0
2007-04-14 20:00:00,20.518,10.18,14503.19,91.2,0.0,57.0,0.0
2007-04-14 21:00:00,18.318,6.924,14482.51,79.4,0.0,16.0,0.0
2007-04-14 22:00:00,28.51,3.528,14549.25,119.8,0.0,0.0,206.0
2007-04-14 23:00:00,69.31400000000001,9.922,14470.3,289.6,0.0,57.0,809.0
2007-04-15 00:00:00,18.224,6.924,14460.31,80.60000000000001,0.0,17.0,0.0
2007-04-15 01:00:00,15.76,3.328,14416.25,64.8,0.0,0.0,0.0
2007-04-15 02:00:00,20.548,9.959999999999999,14441.11,92.6,0.0,56.0,0.0
2007-04-15 03:00:00,18.122,6.624,14490.43,78.8,0.0,16.0,0.0
2007-04-15 04:00:00,16.272,3.764,14514.9,69.2,0.0,0.0,0.0
2007-04-15 05:00:00,20.818,10.482,14468.35,93.8,0.0,57.0,0.0
2007-04-15 06:00:00,17.137999999999998,5.2299999999999995,14519.33,74.39999999999999,0.0,15.0,0.0
2007-04-15 07:00:00,17.262,5.092,14539.38,74.8,0.0,0.0,0.0
2007-04-15 08:00:00,20.106,9.618,14468.69,91.6,0.0,57.0,0.0
2007-04-15 09:00:00,16.538,4.514,14405.33,69.4,0.0,14.0,0.0
2007-04-15 10:00:00,17.836,5.852,14375.73,77.0,0.0,0.0,0.0
2007-04-15 11:00:00,50.45,8.506,14318.16,212.8,0.0,59.0,511.0
2007-04-15 12:00:00,44.796,3.982,14246.66,186.2,0.0,11.0,475.0
2007-04-15 13:00:00,17.75,5.722,14392.59,76.8,0.0,0.0,0.0
2007-04-15 14:00:00,36.41,7.72,14331.93,164.4,0.0,149.0,0.0
2007-04-15 15:00:00,101.344,14.764,14246.38,436.4,0.0,25.0,608.0
2007-04-15 16:00:00,48.538,6.668,14384.89,204.6,0.0,4.0,348.0
2007-04-15 17:00:00,14.2,7.362,14383.07,67.6,0.0,21.0,0.0
2007-04-15 18:00:00,14.642,7.444,14371.99,73.8,0.0,25.0,0.0
2007-04-15 19:00:00,12.934000000000001,7.468,14325.89,63.2,0.0,19.0,0.0
2007-04-15 20:00:00,12.272,6.468,14350.16,58.4,0.0,6.0,0.0
2007-04-15 21:00:00,19.844,7.272,14397.380000000001,92.6,0.0,75.0,0.0
2007-04-15 22:00:00,107.27,8.536,14458.55,446.4,0.0,400.0,494.0
2007-04-15 23:00:00,47.089999999999996,8.244,14633.37,198.4,0.0,0.0,457.0
2007-04-16 00:00:00,13.474,7.976,14579.95,64.6,0.0,26.0,0.0
2007-04-16 01:00:00,13.368,8.272,14568.45,65.4,0.0,26.0,0.0
2007-04-16 02:00:00,11.834,5.632,14524.1,56.2,0.0,0.0,0.0
2007-04-16 03:00:00,13.35,8.072000000000001,14516.64,63.6,0.0,24.0,0.0
2007-04-16 04:00:00,12.962,7.312,14505.29,62.4,0.0,25.0,0.0
2007-04-16 05:00:00,11.57,5.304,14431.35,55.6,0.0,0.0,0.0
2007-04-16 06:00:00,13.620000000000001,8.444,14494.16,65.6,0.0,25.0,0.0
2007-04-16 07:00:00,48.672,6.548,14432.74,217.6,0.0,25.0,269.0
2007-04-16 08:00:00,75.134,4.95,14269.52,312.6,0.0,0.0,1039.0
2007-04-16 09:00:00,27.856,7.844,14313.91,122.4,0.0,24.0,241.0
2007-04-16 10:00:00,12.212,6.418,14389.77,59.6,0.0,21.0,0.0
2007-04-16 11:00:00,13.622,4.778,14388.39,60.6,0.0,3.0,0.0
2007-04-16 12:00:00,35.374,10.42,14391.34,160.2,0.0,24.0,0.0
2007-04-16 13:00:00,16.0,6.694,14418.65,76.6,0.0,13.0,0.0
2007-04-16 14:00:00,18.23,4.938,14406.62,78.8,0.0,12.0,0.0
2007-04-16 15:00:00,21.634,7.068,14320.96,93.2,0.0,24.0,0.0
2007-04-16 16:00:00,21.552,7.336,14439.83,93.8,0.0,6.0,0.0
2007-04-16 17:00:00,76.84,5.26,14383.55,319.0,0.0,19.0,847.0
2007-04-16 18:00:00,60.354,7.604,14452.24,251.4,0.0,24.0,770.0
2007-04-16 19:00:00,15.178,6.366,14557.31,76.8,0.0,0.0,0.0
2007-04-16 20:00:00,78.282,24.32,14541.37,344.0,0.0,474.0,0.0
2007-04-16 21:00:00,174.208,8.168,14270.06,735.6,440.0,485.0,818.0
2007-04-16 22:00:00,95.708,7.156,14383.6,402.2,512.0,9.0,0.0
2007-04-16 23:00:00,71.356,9.194,14566.48,298.6,0.0,16.0,672.0
2007-04-17 00:00:00,16.974,8.384,14605.97,83.2,0.0,25.0,0.0
2007-04-17 01:00:00,14.832,5.018,14406.56,70.4,0.0,10.0,0.0
2007-04-17 02:00:00,15.97,6.58,14407.04,79.6,0.0,14.0,0.0
2007-04-17 03:00:00,16.562,7.204,14409.34,81.2,0.0,24.0,0.0
2007-04-17 04:00:00,15.566,5.876,14428.11,77.39999999999999,0.0,9.0,0.0
2007-04-17 05:00:00,15.712,6.204,14386.68,76.6,0.0,15.0,0.0
2007-04-17 06:00:00,42.068,6.008,14300.6,194.0,0.0,25.0,55.0
2007-04-17 07:00:00,109.28999999999999,6.228,14314.4,458.8,0.0,1.0,856.0
2007-04-17 08:00:00,79.952,6.652,14282.73,333.4,0.0,24.0,1042.0
2007-04-17 09:00:00,77.862,5.4,14314.28,323.8,0.0,24.0,1046.0
2007-04-17 10:00:00,77.448,4.178,14396.51,319.0,0.0,0.0,1058.0
2007-04-17 11:00:00,53.57,8.292,14372.36,230.4,0.0,24.0,644.0
2007-04-17 12:00:00,16.194,8.342,14445.87,78.4,0.0,24.0,0.0
2007-04-17 13:00:00,23.828,7.034,14436.039999999999,110.2,0.0,0.0,0.0
2007-04-17 14:00:00,15.49,7.5440000000000005,14481.97,73.4,0.0,25.0,0.0
2007-04-17 15:00:00,15.482,7.8580000000000005,14512.46,73.4,0.0,24.0,0.0
2007-04-17 16:00:00,19.864,5.236,14520.44,85.39999999999999,0.0,0.0,0.0
2007-04-17 17:00:00,40.106,17.058,14571.0,187.8,0.0,24.0,0.0
2007-04-17 18:00:00,20.406,10.238,14497.47,94.2,0.0,20.0,0.0
2007-04-17 19:00:00,56.028,15.122,14447.13,246.2,0.0,5.0,0.0
2007-04-17 20:00:00,163.24,17.056,14342.0,694.4,1045.0,24.0,624.0
2007-04-17 21:00:00,119.69200000000001,12.574,14296.25,508.8,487.0,14.0,0.0
2007-04-17 22:00:00,122.36,14.798,14284.58,513.8,0.0,10.0,591.0
2007-04-17 23:00:00,75.238,19.47,14421.97,321.0,0.0,24.0,283.0
2007-04-18 00:00:00,64.914,10.826,14353.21,275.0,0.0,8.0,0.0
2007-04-18 01:00:00,12.868,7.518,14434.29,62.8,0.0,16.0,0.0
2007-04-18 02:00:00,12.116,6.282,14340.05,59.6,0.0,24.0,0.0
2007-04-18 03:00:00,12.576,6.738,14388.07,62.6,0.0,0.0,0.0
2007-04-18 04:00:00,12.706,7.022,14339.36,63.6,0.0,24.0,0.0
2007-04-18 05:00:00,12.164,6.266,14346.58,60.6,0.0,23.0,0.0
2007-04-18 06:00:00,56.314,3.934,14346.04,238.0,0.0,0.0,516.0
2007-04-18 07:00:00,95.05,7.348,14343.35,399.8,0.0,24.0,721.0
2007-04-18 08:00:00,70.016,7.992,14255.26,306.6,484.0,23.0,461.0
2007-04-18 09:00:00,39.892,3.716,14417.33,172.8,451.0,0.0,0.0
2007-04-18 10:00:00,88.028,5.842,14345.55,366.8,0.0,24.0,905.0
2007-04-18 11:00:00,32.7,6.296,14391.94,140.6,0.0,9.0,286.0
2007-04-18 12:00:00,60.914,9.046,14380.64,273.4,640.0,15.0,0.0
2007-04-18 13:00:00,14.536,5.886,14374.13,69.0,4.0,23.0,0.0
2007-04-18 14:00:00,26.696,6.442,14454.0,112.2,0.0,0.0,0.0
2007-04-18 15:00:00,14.464,7.442,14522.16,67.8,0.0,24.0,0.0
2007-04-18 16:00:00,13.31,6.116,14528.41,61.6,0.0,24.0,0.0
2007-04-18 17:00:00,14.994,5.7,14510.98,68.2,0.0,0.0,0.0
2007-04-18 18:00:00,36.95,8.848,14538.03,160.2,0.0,24.0,278.0
2007-04-18 19:00:00,35.06,6.97,14475.13,151.6,0.0,18.0,263.0
2007-04-18 20:00:00,26.594,4.302,14424.960000000001,114.60000000000001,0.0,5.0,0.0
2007-04-18 21:00:00,108.688,13.47,14342.5,461.0,0.0,24.0,0.0
2007-04-18 22:00:00,94.882,6.276,14445.03,392.0,0.0,5.0,0.0
2007-04-18 23:00:00,41.814,4.946,14514.36,173.0,0.0,18.0,0.0
2007-04-19 00:00:00,34.234,5.622,14469.57,142.4,0.0,24.0,0.0
2007-04-19 01:00:00,36.854,4.4959999999999996,14400.2,152.4,0.0,0.0,0.0
2007-04-19 02:00:00,60.91,6.2219999999999995,14315.63,256.6,0.0,23.0,605.0
2007-04-19 03:00:00,22.02,5.33,14403.87,92.60000000000001,0.0,24.0,0.0
2007-04-19 04:00:00,21.822,4.862,14396.210000000001,90.4,0.0,0.0,0.0
2007-04-19 05:00:00,22.522,6.052,14369.76,95.60000000000001,0.0,23.0,0.0
2007-04-19 06:00:00,21.482,4.6979999999999995,14397.85,90.8,0.0,11.0,0.0
2007-04-19 07:00:00,89.70400000000001,5.044,14319.98,380.8,0.0,12.0,862.0
2007-04-19 08:00:00,75.882,5.914,14382.46,314.4,0.0,23.0,1056.0
2007-04-19 09:00:00,62.446,3.686,14421.5,258.0,0.0,0.0,830.0
2007-04-19 10:00:00,15.092,6.096,14448.31,70.2,0.0,23.0,0.0
2007-04-19 11:00:00,37.43,6.652,14419.61,160.2,0.0,23.0,357.0
2007-04-19 12:00:00,75.61,2.854,14369.23,310.6,0.0,0.0,1054.0
2007-04-19 13:00:00,62.142,8.196,14367.81,274.2,406.0,23.0,193.0
2007-04-19 14:00:00,44.488,7.026,14366.42,196.0,327.0,9.0,0.0
2007-04-19 15:00:00,11.604,5.438,14450.5,57.8,0.0,15.0,0.0
2007-04-19 16:00:00,12.08,6.061999999999999,14468.65,61.4,0.0,23.0,0.0
2007-04-19 17:00:00,14.968,5.518,14519.539999999999,71.2,0.0,31.0,0.0
2007-04-19 18:00:00,64.558,9.678,14475.87,278.8,0.0,782.0,0.0
2007-04-19 19:00:00,49.774,11.272,14525.43,223.0,0.0,268.0,0.0
2007-04-19 20:00:00,84.634,6.97,14378.76,355.2,0.0,220.0,791.0
2007-04-19 21:00:00,60.626,8.128,14325.39,257.0,0.0,24.0,0.0
2007-04-19 22:00:00,36.408,8.686,14606.3,156.2,0.0,22.0,0.0
2007-04-19 23:00:00,11.368,5.1579999999999995,14620.12,54.6,0.0,2.0,0.0
2007-04-20 00:00:00,12.872,7.1240000000000006,14518.79,63.0,0.0,23.0,0.0
2007-04-20 01:00:00,12.538,6.49,14436.7,60.2,0.0,13.0,0.0
2007-04-20 02:00:00,11.802,5.492,14331.26,56.4,0.0,11.0,0.0
2007-04-20 03:00:00,11.99,5.822,14364.66,58.8,0.0,23.0,0.0
2007-04-20 04:00:00,48.14,4.272,14324.53,201.4,0.0,0.0,610.0
2007-04-20 05:00:00,13.096,6.58,14294.34,63.6,0.0,23.0,9.0
2007-04-20 06:00:00,18.008,6.562,14427.24,85.4,0.0,23.0,0.0
2007-04-20 07:00:00,107.276,4.626,14429.78,447.6,0.0,0.0,1041.0
2007-04-20 08:00:00,31.880000000000003,7.29,14396.01,137.8,0.0,23.0,303.0
2007-04-20 09:00:00,11.734,5.424,14360.94,56.8,0.0,17.0,0.0
2007-04-20 10:00:00,10.542,3.86,14383.93,51.4,0.0,6.0,0.0
2007-04-20 11:00:00,13.049999999999999,7.078,14337.58,65.0,0.0,23.0,0.0
2007-04-20 12:00:00,13.602,4.5680000000000005,14438.37,64.0,0.0,0.0,0.0
2007-04-20 13:00:00,17.172,4.788,14480.63,77.2,0.0,23.0,0.0
2007-04-20 14:00:00,24.68,5.394,14381.82,106.39999999999999,0.0,20.0,0.0
2007-04-20 15:00:00,17.802,5.564,14393.52,78.4,0.0,19.0,0.0
2007-04-20 16:00:00,52.438,3.986,14406.3,219.6,0.0,4.0,588.0
2007-04-20 17:00:00,19.192,5.774,14466.93,85.0,0.0,15.0,0.0
2007-04-20 18:00:00,19.07,5.74,14358.94,87.39999999999999,0.0,19.0,0.0
2007-04-20 19:00:00,23.436,9.022,14490.27,115.6,0.0,19.0,0.0
2007-04-20 20:00:00,47.88,10.142,14497.88,208.6,10.0,16.0,180.0
2007-04-20 21:00:00,173.056,5.586,14260.47,731.2,516.0,3.0,768.0
2007-04-20 22:00:00,95.998,7.0280000000000005,14435.76,401.2,543.0,18.0,0.0
2007-04-20 23:00:00,15.326,7.434,14574.72,70.6,0.0,19.0,0.0
2007-04-21 00:00:00,11.412,5.458,14609.74,53.6,0.0,13.0,0.0
2007-04-21 01:00:00,11.38,5.048,14503.210000000001,52.8,0.0,5.0,0.0
2007-04-21 02:00:00,11.7,5.468,14348.53,56.2,0.0,18.0,0.0
2007-04-21 03:00:00,10.752,4.698,14418.2,53.2,0.0,19.0,0.0
2007-04-21 04:00:00,12.118,6.372,14459.28,61.0,0.0,8.0,0.0
2007-04-21 05:00:00,34.54,4.732,14419.56,150.2,0.0,10.0,392.0
2007-04-21 06:00:00,26.776,4.696,14446.0,119.0,0.0,19.0,269.0
2007-04-21 07:00:00,46.378,6.92,14356.35,205.6,0.0,18.0,0.0
2007-04-21 08:00:00,12.182,5.634,14441.73,59.199999999999996,0.0,0.0,0.0
2007-04-21 09:00:00,70.894,9.674,14274.8,299.59999999999997,0.0,74.0,869.0
2007-04-21 10:00:00,53.142,4.5680000000000005,14377.21,226.8,0.0,1.0,489.0
2007-04-21 11:00:00,59.66,7.374,14462.23,263.6,608.0,18.0,0.0
2007-04-21 12:00:00,84.914,14.274000000000001,14451.53,377.4,752.0,33.0,103.0
2007-04-21 13:00:00,119.4,6.968,14464.16,501.59999999999997,452.0,0.0,1068.0
2007-04-21 14:00:00,106.994,9.208,14447.99,445.8,468.0,54.0,1065.0
2007-04-21 15:00:00,76.008,3.828,14484.9,312.40000000000003,0.0,0.0,1071.0
2007-04-21 16:00:00,77.232,7.692,14302.71,322.8,0.0,32.0,1045.0
2007-04-21 17:00:00,36.108000000000004,7.674,14206.62,158.8,0.0,16.0,360.0
2007-04-21 18:00:00,147.024,13.652,14110.82,648.6,1633.0,2.0,173.0
2007-04-21 19:00:00,177.554,22.174,14020.75,779.6,1060.0,42.0,1005.0
2007-04-21 20:00:00,108.714,11.129999999999999,14164.78,466.4,396.0,0.0,1025.0
2007-04-21 21:00:00,212.414,19.414,13988.08,917.1999999999999,913.0,48.0,1000.0
2007-04-21 22:00:00,125.528,13.14,14275.88,533.0,293.0,0.0,1041.0
2007-04-21 23:00:00,40.832,12.862,14432.0,187.0,0.0,33.0,154.0
2007-04-22 00:00:00,21.764,10.866,14468.85,109.6,0.0,19.0,0.0
2007-04-22 01:00:00,14.604,7.46,14488.69,72.2,0.0,0.0,0.0
2007-04-22 02:00:00,16.908,12.084,14461.34,86.60000000000001,0.0,44.0,0.0
2007-04-22 03:00:00,13.458,6.902,14506.0,65.4,0.0,0.0,0.0
2007-04-22 04:00:00,15.586,10.14,14508.22,77.0,0.0,44.0,0.0
2007-04-22 05:00:00,19.694,7.866,14544.44,90.6,0.0,6.0,0.0
2007-04-22 06:00:00,92.536,5.466,14490.6,382.0,0.0,3.0,0.0
2007-04-22 07:00:00,160.078,8.446,14278.5,683.0,0.0,47.0,721.0
2007-04-22 08:00:00,135.13,3.938,14234.53,579.6,0.0,0.0,547.0
2007-04-22 09:00:00,200.806,10.256,14204.71,854.4,449.0,476.0,648.0
2007-04-22 10:00:00,175.316,19.562,14360.79,755.8,1518.0,55.0,623.0
2007-04-22 11:00:00,182.462,19.334,14297.34,775.8,969.0,362.0,999.0
2007-04-22 12:00:00,134.12800000000001,19.078,14461.7,567.6,402.0,56.0,1067.0
2007-04-22 13:00:00,51.644,10.084,14487.91,231.8,13.0,0.0,182.0
2007-04-22 14:00:00,126.032,7.15,14353.84,537.0,912.0,25.0,710.0
2007-04-22 15:00:00,35.398,10.286,14444.29,169.6,1.0,59.0,68.0
2007-04-22 16:00:00,94.83,6.956,14368.8,405.2,0.0,382.0,765.0
2007-04-22 17:00:00,70.848,13.168000000000001,14459.0,304.6,0.0,67.0,693.0
2007-04-22 18:00:00,63.324,16.126,14506.84,278.4,0.0,71.0,370.0
2007-04-22 19:00:00,134.626,15.828,14198.46,577.8,0.0,428.0,1030.0
2007-04-22 20:00:00,114.91799999999999,16.776,14226.62,489.8,0.0,34.0,1033.0
2007-04-22 21:00:00,182.86,16.56,14033.1,784.8,0.0,65.0,1006.0
2007-04-22 22:00:00,106.334,4.632,14239.74,452.0,0.0,0.0,640.0
2007-04-22 23:00:00,70.43,8.23,14412.48,300.8,0.0,44.0,0.0
2007-04-23 00:00:00,22.714,5.944,14481.29,113.60000000000001,0.0,16.0,0.0
2007-04-23 01:00:00,21.568,4.406,14572.62,106.8,0.0,8.0,0.0
2007-04-23 02:00:00,34.838,8.344,14503.710000000001,162.8,0.0,46.0,175.0
2007-04-23 03:00:00,39.589999999999996,3.8,14510.61,178.4,0.0,0.0,309.0
2007-04-23 04:00:00,23.828,7.864,14504.38,121.2,0.0,50.0,0.0
2007-04-23 05:00:00,21.868,5.364,14523.28,112.4,0.0,5.0,0.0
2007-04-23 06:00:00,35.204,3.666,14456.82,171.6,0.0,10.0,0.0
2007-04-23 07:00:00,118.89,8.542,14264.1,504.4,0.0,45.0,956.0
2007-04-23 08:00:00,115.168,2.834,13887.92,498.6,767.0,0.0,987.0
2007-04-23 09:00:00,81.042,6.652,13930.88,349.2,138.0,45.0,992.0
2007-04-23 10:00:00,100.17,2.046,14020.0,426.8,497.0,4.0,1005.0
2007-04-23 11:00:00,17.89,4.688,14117.85,84.2,0.0,11.0,105.0
2007-04-23 12:00:00,25.97,7.636,14161.14,123.4,0.0,46.0,0.0
2007-04-23 13:00:00,14.299999999999999,5.03,14222.29,64.4,0.0,0.0,0.0
2007-04-23 14:00:00,49.806,6.226,14118.96,211.6,0.0,41.0,605.0
2007-04-23 15:00:00,11.314,4.758,14253.98,54.0,0.0,13.0,0.0
2007-04-23 16:00:00,9.802,2.818,14263.79,47.8,0.0,0.0,0.0
2007-04-23 17:00:00,14.568,9.036,14163.15,72.0,0.0,55.0,0.0
2007-04-23 18:00:00,21.97,4.04,14075.1,99.8,0.0,0.0,0.0
2007-04-23 19:00:00,29.368000000000002,5.564,14058.52,130.4,0.0,30.0,0.0
2007-04-23 20:00:00,67.282,7.894,14114.83,293.2,0.0,25.0,281.0
2007-04-23 21:00:00,120.932,4.528,13922.07,523.6,0.0,0.0,590.0
2007-04-23 22:00:00,41.838,9.492,14224.76,183.2,0.0,56.0,0.0
2007-04-23 23:00:00,14.646,4.468,14267.28,67.0,0.0,0.0,0.0
2007-04-24 00:00:00,15.142,5.198,14289.61,71.4,0.0,21.0,0.0
2007-04-24 01:00:00,52.664,6.378,14191.6,226.0,0.0,35.0,604.0
2007-04-24 02:00:00,13.106,2.82,14218.65,62.0,0.0,0.0,0.0
2007-04-24 03:00:00,18.35,9.406,14240.86,90.2,0.0,51.0,0.0
2007-04-24 04:00:00,13.24,3.352,14215.86,63.400000000000006,0.0,4.0,0.0
2007-04-24 05:00:00,14.228,4.28,14214.16,67.8,0.0,9.0,0.0
2007-04-24 06:00:00,29.816,7.978,14211.9,134.6,0.0,45.0,0.0
2007-04-24 07:00:00,87.366,2.918,14054.28,374.0,0.0,0.0,810.0
2007-04-24 08:00:00,26.464,6.93,14055.09,119.6,0.0,41.0,221.0
2007-04-24 09:00:00,13.664,3.064,14115.28,65.2,0.0,8.0,0.0
2007-04-24 10:00:00,32.672,4.82,13942.72,151.2,0.0,7.0,173.0
2007-04-24 11:00:00,88.45,6.292,13945.17,380.2,0.0,47.0,994.0
2007-04-24 12:00:00,20.862,3.5460000000000003,14124.83,91.0,0.0,0.0,75.0
2007-04-24 13:00:00,14.638,7.078,14045.13,70.0,0.0,41.0,0.0
2007-04-24 14:00:00,23.194,3.874,14045.5,100.80000000000001,0.0,14.0,0.0
2007-04-24 15:00:00,18.316,4.9879999999999995,14114.34,81.6,0.0,0.0,0.0
2007-04-24 16:00:00,23.662,9.268,14128.96,115.2,0.0,53.0,0.0
2007-04-24 17:00:00,35.762,4.144,14180.48,159.2,0.0,0.0,335.0
2007-04-24 18:00:00,75.186,6.15,13987.59,319.2,0.0,39.0,1000.0
2007-04-24 19:00:00,76.318,5.848,14008.43,325.8,0.0,14.0,1003.0
2007-04-24 20:00:00,113.846,5.512,14018.72,487.8,233.0,2.0,1004.0
2007-04-24 21:00:00,125.846,7.724,14001.25,542.4,388.0,49.0,461.0
2007-04-24 22:00:00,81.512,5.322,14153.31,348.6,504.0,0.0,0.0
2007-04-24 23:00:00,17.796,8.374,14392.97,81.4,0.0,47.0,0.0
2007-04-25 00:00:00,14.299999999999999,6.0440000000000005,14271.69,68.2,0.0,5.0,0.0
2007-04-25 01:00:00,11.664,5.428,14243.56,58.0,0.0,17.0,0.0
2007-04-25 02:00:00,11.834,5.988,14073.96,58.0,0.0,38.0,0.0
2007-04-25 03:00:00,47.158,4.056,14031.69,202.8,0.0,0.0,604.0
2007-04-25 04:00:00,13.06,7.09,14059.98,62.6,0.0,52.0,0.0
2007-04-25 05:00:00,10.736,3.9099999999999997,14065.84,52.6,0.0,2.0,0.0
2007-04-25 06:00:00,45.358,6.596,14114.49,200.6,0.0,17.0,0.0
2007-04-25 07:00:00,71.21,7.1739999999999995,14128.95,302.6,0.0,37.0,449.0
2007-04-25 08:00:00,82.072,3.296,14077.51,345.40000000000003,0.0,0.0,1012.0
2007-04-25 09:00:00,84.35,5.936,13936.94,365.8,0.0,51.0,993.0
2007-04-25 10:00:00,84.054,4.872,13936.1,363.6,0.0,2.0,993.0
2007-04-25 11:00:00,116.484,4.896,13976.6,503.0,0.0,385.0,998.0
2007-04-25 12:00:00,99.076,8.216,14026.08,427.6,0.0,360.0,978.0
2007-04-25 13:00:00,19.262,9.044,14147.96,94.2,0.0,0.0,0.0
2007-04-25 14:00:00,13.696,8.618,13989.89,72.0,0.0,55.0,0.0
2007-04-25 15:00:00,11.922,5.548,14059.02,54.8,0.0,0.0,0.0
2007-04-25 16:00:00,12.442,6.7459999999999996,14167.68,60.0,0.0,26.0,0.0
2007-04-25 17:00:00,14.028,9.218,14172.85,72.8,0.0,35.0,0.0
2007-04-25 18:00:00,12.648,6.854,14157.43,61.4,0.0,0.0,0.0
2007-04-25 19:00:00,51.438,10.444,14166.01,234.4,0.0,55.0,0.0
2007-04-25 20:00:00,93.428,12.922,14178.37,418.0,0.0,3.0,400.0
2007-04-25 21:00:00,134.578,6.638,13994.36,577.0,0.0,17.0,1001.0
2007-04-25 22:00:00,168.032,9.946,14070.710000000001,722.4,0.0,312.0,1011.0
2007-04-25 23:00:00,41.332,5.256,14267.53,177.8,0.0,0.0,373.0
2007-04-26 00:00:00,14.144,8.59,14231.14,69.6,0.0,58.0,0.0
2007-04-26 01:00:00,10.462,3.408,14100.460000000001,51.2,0.0,0.0,0.0
2007-04-26 02:00:00,13.508,7.814,14154.41,71.0,0.0,25.0,0.0
2007-04-26 03:00:00,11.396,5.362,14170.33,55.2,0.0,31.0,0.0
2007-04-26 04:00:00,10.364,3.534,14073.27,52.199999999999996,0.0,0.0,0.0
2007-04-26 05:00:00,14.158,8.576,14116.01,68.8,0.0,57.0,0.0
2007-04-26 06:00:00,29.12,3.952,14215.41,131.2,0.0,0.0,0.0
2007-04-26 07:00:00,84.49,6.792,13977.39,364.6,5.0,25.0,544.0
2007-04-26 08:00:00,177.62199999999999,7.208,13793.11,780.8,502.0,1190.0,973.0
2007-04-26 09:00:00,112.756,4.412,13898.63,491.0,489.0,28.0,987.0
2007-04-26 10:00:00,90.068,8.732,13949.26,392.2,0.0,79.0,994.0
2007-04-26 11:00:00,43.756,3.078,13948.63,207.6,0.0,10.0,314.0
2007-04-26 12:00:00,27.294,7.372,14059.76,138.2,0.0,50.0,0.0
2007-04-26 13:00:00,30.35,4.886,14048.7,149.2,0.0,29.0,0.0
2007-04-26 14:00:00,22.318,5.154,14131.42,113.4,0.0,15.0,0.0
2007-04-26 15:00:00,15.206,9.856,14150.18,77.0,0.0,65.0,0.0
2007-04-26 16:00:00,10.258,3.678,14224.07,50.6,0.0,0.0,0.0
2007-04-26 17:00:00,54.032000000000004,8.002,14073.73,234.0,0.0,42.0,613.0
2007-04-26 18:00:00,75.31400000000001,8.35,14047.08,319.8,0.0,19.0,1008.0
2007-04-26 19:00:00,77.658,7.298,14130.21,329.0,0.0,0.0,1020.0
2007-04-26 20:00:00,127.946,12.844,14137.83,546.0,315.0,63.0,710.0
2007-04-26 21:00:00,63.474000000000004,8.792,13970.33,275.2,13.0,0.0,0.0
2007-04-26 22:00:00,112.464,10.092,14143.61,479.6,0.0,28.0,0.0
2007-04-26 23:00:00,47.308,5.824,14348.74,202.79999999999998,0.0,31.0,0.0
2007-04-27 00:00:00,27.677999999999997,3.672,14195.73,121.6,0.0,0.0,290.0
2007-04-27 01:00:00,36.504,9.466,14157.88,161.6,0.0,58.0,363.0
2007-04-27 02:00:00,10.145999999999999,3.342,14139.289999999999,46.800000000000004,0.0,0.0,0.0
2007-04-27 03:00:00,11.975999999999999,5.648,14173.47,56.2,0.0,24.0,0.0
2007-04-27 04:00:00,12.14,6.3,14092.16,58.4,0.0,34.0,0.0
2007-04-27 05:00:00,10.318,3.36,14125.95,47.6,0.0,0.0,0.0
2007-04-27 06:00:00,27.244,8.914,14170.6,127.0,0.0,57.0,0.0
2007-04-27 07:00:00,40.198,3.524,14122.93,175.2,0.0,1.0,271.0
2007-04-27 08:00:00,47.184,6.766,14066.27,206.2,0.0,17.0,567.0
2007-04-27 09:00:00,16.852,7.402,14071.22,77.6,0.0,37.0,0.0
2007-04-27 10:00:00,24.774,5.812,13947.33,115.6,0.0,0.0,0.0
2007-04-27 11:00:00,51.924,8.702,13965.43,225.2,0.0,55.0,560.0
2007-04-27 12:00:00,23.404,3.906,14183.85,99.0,0.0,0.0,117.0
2007-04-27 13:00:00,24.938,7.944,14165.05,108.8,0.0,23.0,0.0
2007-04-27 14:00:00,23.514,6.43,14146.87,102.4,0.0,30.0,0.0
2007-04-27 15:00:00,23.33,4.518,14191.07,99.0,0.0,0.0,0.0
2007-04-27 16:00:00,26.616,10.144,14110.52,118.4,0.0,59.0,0.0
2007-04-27 17:00:00,23.248,4.518,14122.17,98.60000000000001,0.0,0.0,0.0
2007-04-27 18:00:00,38.884,9.046,14137.33,172.0,0.0,30.0,0.0
2007-04-27 19:00:00,101.998,15.299999999999999,14103.1,450.8,836.0,28.0,0.0
2007-04-27 20:00:00,76.952,6.346,14115.14,330.2,159.0,0.0,612.0
2007-04-27 21:00:00,186.2,8.728,13939.82,800.2,777.0,53.0,992.0
2007-04-27 22:00:00,152.362,4.192,14011.43,652.6,0.0,0.0,984.0
2007-04-27 23:00:00,75.94800000000001,7.948,14256.67,319.0,0.0,39.0,0.0
2007-04-28 00:00:00,68.17052838606449,7.685417563037969,14242.86024981605,291.4154537916215,51.96674958831155,83.15380213260457,0.0
2007-04-28 01:00:00,69.89619751702229,7.423719327750722,14352.538845870848,298.4853135255715,79.94884552047931,100.23661866554548,0.0
2007-04-28 02:00:00,69.89619751702229,7.423719327750722,14352.538845870848,298.4853135255715,79.94884552047931,100.23661866554548,0.0
2007-04-28 03:00:00,69.89619751702229,7.423719327750722,14352.538845870848,298.4853135255715,79.94884552047931,100.23661866554548,0.0
2007-04-28 04:00:00,69.89619751702229,7.423719327750722,14352.538845870848,298.4853135255715,79.94884552047931,100.23661866554548,0.0
2007-04-28 05:00:00,69.89619751702229,7.423719327750722,14352.538845870848,298.4853135255715,79.94884552047931,100.23661866554548,0.0
2007-04-28 06:00:00,69.89619751702229,7.423719327750722,14352.538845870848,298.4853135255715,79.94884552047931,100.23661866554548,0.0
2007-04-28 07:00:00,69.89619751702229,7.423719327750722,14352.538845870848,298.4853135255715,79.94884552047931,100.23661866554548,0.0
2007-04-28 08:00:00,69.89619751702229,7.423719327750722,14352.538845870848,298.4853135255715,79.94884552047931,100.23661866554548,0.0
2007-04-28 09:00:00,69.89619751702229,7.423719327750722,14352.538845870848,298.4853135255715,79.94884552047931,100.23661866554548,0.0
2007-04-28 10:00:00,69.89619751702229,7.423719327750722,14352.538845870848,298.4853135255715,79.94884552047931,100.23661866554548,0.0
2007-04-28 11:00:00,69.89619751702229,7.423719327750722,14352.538845870848,298.4853135255715,79.94884552047931,100.23661866554548,0.0
2007-04-28 12:00:00,69.89619751702229,7.423719327750722,14352.538845870848,298.4853135255715,79.94884552047931,100.23661866554548,0.0
2007-04-28 13:00:00,69.89619751702229,7.423719327750722,14352.538845870848,298.4853135255715,79.94884552047931,100.23661866554548,0.0
2007-04-28 14:00:00,69.89619751702229,7.423719327750722,14352.538845870848,298.4853135255715,79.94884552047931,100.23661866554548,0.0
2007-04-28 15:00:00,69.89619751702229,7.423719327750722,14352.538845870848,298.4853135255715,79.94884552047931,100.23661866554548,0.0
2007-04-28 16:00:00,69.89619751702229,7.423719327750722,14352.538845870848,298.4853135255715,79.94884552047931,100.23661866554548,0.0
2007-04-28 17:00:00,69.89619751702229,7.423719327750722,14352.538845870848,298.4853135255715,79.94884552047931,100.23661866554548,0.0
2007-04-28 18:00:00,69.89619751702229,7.423719327750722,14352.538845870848,298.4853135255715,79.94884552047931,100.23661866554548,0.0
2007-04-28 19:00:00,69.89619751702229,7.423719327750722,14352.538845870848,298.4853135255715,79.94884552047931,100.23661866554548,0.0
2007-04-28 20:00:00,69.89619751702229,7.423719327750722,14352.538845870848,298.4853135255715,79.94884552047931,100.23661866554548,0.0
2007-04-28 21:00:00,69.89619751702229,7.423719327750722,14352.538845870848,298.4853135255715,79.94884552047931,100.23661866554548,0.0
2007-04-28 22:00:00,69.89619751702229,7.423719327750722,14352.538845870848,298.4853135255715,79.94884552047931,100.23661866554548,0.0
2007-04-28 23:00:00,69.89619751702229,7.423719327750722,14352.538845870848,298.4853135255715,79.94884552047931,100.23661866554548,0.0
2007-04-29 00:00:00,69.89619751702229,7.423719327750722,14352.538845870848,298.4853135255715,79.94884552047931,100.23661866554548,0.0
2007-04-29 01:00:00,69.89619751702229,7.423719327750722,14352.538845870848,298.4853135255715,79.94884552047931,100.23661866554548,0.0
2007-04-29 02:00:00,69.89619751702229,7.423719327750722,14352.538845870848,298.4853135255715,79.94884552047931,100.23661866554548,0.0
2007-04-29 03:00:00,69.89619751702229,7.423719327750722,14352.538845870848,298.4853135255715,79.94884552047931,100.23661866554548,0.0
2007-04-29 04:00:00,69.89619751702229,7.423719327750722,14352.538845870848,298.4853135255715,79.94884552047931,100.23661866554548,0.0
2007-04-29 05:00:00,69.89619751702229,7.423719327750722,14352.538845870848,298.4853135255715,79.94884552047931,100.23661866554548,0.0
2007-04-29 06:00:00,69.89619751702229,7.423719327750722,14352.538845870848,298.4853135255715,79.94884552047931,100.23661866554548,0.0
2007-04-29 07:00:00,69.89619751702229,7.423719327750722,14352.538845870848,298.4853135255715,79.94884552047931,100.23661866554548,0.0
2007-04-29 08:00:00,69.89619751702229,7.423719327750722,14352.538845870848,298.4853135255715,79.94884552047931,100.23661866554548,0.0
2007-04-29 09:00:00,69.89619751702229,7.423719327750722,14352.538845870848,298.4853135255715,79.94884552047931,100.23661866554548,0.0
2007-04-29 10:00:00,69.89619751702229,7.423719327750722,14352.538845870848,298.4853135255715,79.94884552047931,100.23661866554548,0.0
2007-04-29 11:00:00,69.89619751702229,7.423719327750722,14352.538845870848,298.4853135255715,79.94884552047931,100.23661866554548,0.0
2007-04-29 12:00:00,69.89619751702229,7.423719327750722,14352.538845870848,298.4853135255715,79.94884552047931,100.23661866554548,0.0
2007-04-29 13:00:00,69.89619751702229,7.423719327750722,14352.538845870848,298.4853135255715,79.94884552047931,100.23661866554548,0.0
2007-04-29 14:00:00,69.89619751702229,7.423719327750722,14352.538845870848,298.4853135255715,79.94884552047931,100.23661866554548,0.0
2007-04-29 15:00:00,69.89619751702229,7.423719327750722,14352.538845870848,298.4853135255715,79.94884552047931,100.23661866554548,0.0
2007-04-29 16:00:00,69.89619751702229,7.423719327750722,14352.538845870848,298.4853135255715,79.94884552047931,100.23661866554548,0.0
2007-04-29 17:00:00,69.89619751702229,7.423719327750722,14352.538845870848,298.4853135255715,79.94884552047931,100.23661866554548,0.0
2007-04-29 18:00:00,69.89619751702229,7.423719327750722,14352.538845870848,298.4853135255715,79.94884552047931,100.23661866554548,0.0
2007-04-29 19:00:00,69.89619751702229,7.423719327750722,14352.538845870848,298.4853135255715,79.94884552047931,100.23661866554548,0.0
2007-04-29 20:00:00,69.89619751702229,7.423719327750722,14352.538845870848,298.4853135255715,79.94884552047931,100.23661866554548,0.0
2007-04-29 21:00:00,69.89619751702229,7.423719327750722,14352.538845870848,298.4853135255715,79.94884552047931,100.23661866554548,0.0
2007-04-29 22:00:00,69.89619751702229,7.423719327750722,14352.538845870848,298.4853135255715,79.94884552047931,100.23661866554548,0.0
2007-04-29 23:00:00,69.89619751702229,7.423719327750722,14352.538845870848,298.4853135255715,79.94884552047931,100.23661866554548,0.0
2007-04-30 00:00:00,69.89619751702229,7.423719327750722,14352.538845870848,298.4853135255715,79.94884552047931,100.23661866554548,0.0
2007-04-30 01:00:00,69.89619751702229,7.423719327750722,14352.538845870848,298.4853135255715,79.94884552047931,100.23661866554548,0.0
2007-04-30 02:00:00,69.89619751702229,7.423719327750722,14352.538845870848,298.4853135255715,79.94884552047931,100.23661866554548,0.0
2007-04-30 03:00:00,69.89619751702229,7.423719327750722,14352.538845870848,298.4853135255715,79.94884552047931,100.23661866554548,0.0
2007-04-30 04:00:00,69.89619751702229,7.423719327750722,14352.538845870848,298.4853135255715,79.94884552047931,100.23661866554548,0.0
2007-04-30 05:00:00,69.89619751702229,7.423719327750722,14352.538845870848,298.4853135255715,79.94884552047931,100.23661866554548,0.0
2007-04-30 06:00:00,69.89619751702229,7.423719327750722,14352.538845870848,298.4853135255715,79.94884552047931,100.23661866554548,0.0
2007-04-30 07:00:00,69.89619751702229,7.423719327750722,14352.538845870848,298.4853135255715,79.94884552047931,100.23661866554548,0.0
2007-04-30 08:00:00,69.89619751702229,7.423719327750722,14352.538845870848,298.4853135255715,79.94884552047931,100.23661866554548,0.0
2007-04-30 09:00:00,69.89619751702229,7.423719327750722,14352.538845870848,298.4853135255715,79.94884552047931,100.23661866554548,0.0
2007-04-30 10:00:00,69.89619751702229,7.423719327750722,14352.538845870848,298.4853135255715,79.94884552047931,100.23661866554548,0.0
2007-04-30 11:00:00,69.89619751702229,7.423719327750722,14352.538845870848,298.4853135255715,79.94884552047931,100.23661866554548,0.0
2007-04-30 12:00:00,69.89619751702229,7.423719327750722,14352.538845870848,298.4853135255715,79.94884552047931,100.23661866554548,0.0
2007-04-30 13:00:00,69.89619751702229,7.423719327750722,14352.538845870848,298.4853135255715,79.94884552047931,100.23661866554548,0.0
2007-04-30 14:00:00,35.708479006808915,5.223487731100289,14181.40553834834,154.1941254102286,31.979538208191727,46.09464746621819,0.0
2007-04-30 15:00:00,45.884,7.372,14086.1,199.0,0.0,53.0,503.0
2007-04-30 16:00:00,11.974,2.754,14148.63,52.6,0.0,0.0,0.0
2007-04-30 17:00:00,16.83,7.17,14080.65,78.2,0.0,47.0,0.0
2007-04-30 18:00:00,16.108,4.052,14080.9,75.0,0.0,13.0,0.0
2007-04-30 19:00:00,36.282000000000004,6.266,14137.11,168.4,0.0,265.0,0.0
2007-04-30 20:00:00,73.804,19.116,14105.47,329.8,10.0,54.0,178.0
2007-04-30 21:00:00,116.676,6.49,13874.49,510.59999999999997,706.0,0.0,450.0
2007-04-30 22:00:00,67.142,7.982,14024.71,293.4,498.0,51.0,0.0
2007-04-30 23:00:00,28.372,8.262,14306.69,124.0,0.0,11.0,0.0
2007-05-01 00:00:00,18.228,9.034,14254.48,86.6,0.0,16.0,0.0
2007-05-01 01:00:00,15.398,7.942,14183.58,73.2,0.0,44.0,0.0
2007-05-01 02:00:00,11.922,4.3,14172.67,53.4,0.0,0.0,0.0
2007-05-01 03:00:00,15.406,9.094,14198.93,75.8,0.0,56.0,0.0
2007-05-01 04:00:00,11.366,3.786,14223.82,52.4,0.0,4.0,0.0
2007-05-01 05:00:00,20.102,5.7139999999999995,14229.09,89.6,0.0,19.0,116.0
2007-05-01 06:00:00,41.882,6.91,14237.53,179.6,0.0,41.0,465.0
2007-05-01 07:00:00,39.194,3.434,14138.95,167.4,0.0,0.0,0.0
2007-05-01 08:00:00,34.482,7.894,14155.13,159.0,0.0,55.0,116.0
2007-05-01 09:00:00,83.242,3.666,13980.73,357.8,0.0,3.0,999.0
2007-05-01 10:00:00,94.66199999999999,4.9,13927.61,407.8,0.0,18.0,991.0
2007-05-01 11:00:00,133.664,8.672,13896.14,578.0,0.0,39.0,987.0
2007-05-01 12:00:00,69.256,4.442,14080.56,295.2,0.0,0.0,96.0
2007-05-01 13:00:00,111.044,16.388,14118.9,500.0,1003.0,54.0,0.0
2007-05-01 14:00:00,55.176,5.808,14128.44,244.0,639.0,3.0,0.0
2007-05-01 15:00:00,94.526,5.31,14053.71,404.6,470.0,21.0,793.0
2007-05-01 16:00:00,19.004,7.554,14067.77,88.8,0.0,37.0,0.0
2007-05-01 17:00:00,17.078,5.7,14090.39,77.6,0.0,0.0,0.0
2007-05-01 18:00:00,111.308,17.496,13886.7,500.6,736.0,408.0,0.0
2007-05-01 19:00:00,119.748,15.532,13952.789999999999,524.8,254.0,37.0,670.0
2007-05-01 20:00:00,148.036,8.304,13971.32,644.4,397.0,29.0,957.0
2007-05-01 21:00:00,207.13,5.668,13755.5,914.2,506.0,31.0,968.0
2007-05-01 22:00:00,129.892,4.044,13994.49,558.4,0.0,7.0,1000.0
2007-05-01 23:00:00,62.112,10.016,14238.1,272.4,0.0,73.0,388.0
2007-05-02 00:00:00,23.418,4.626,14318.93,115.60000000000001,0.0,9.0,0.0
2007-05-02 01:00:00,24.42,4.91,14219.03,119.8,0.0,38.0,0.0
2007-05-02 02:00:00,24.61,6.814,14177.09,123.0,0.0,44.0,0.0
2007-05-02 03:00:00,22.96,2.83,14216.21,113.2,0.0,10.0,0.0
2007-05-02 04:00:00,26.152,7.93,14185.44,129.6,0.0,69.0,0.0
2007-05-02 05:00:00,20.759999999999998,2.754,14210.15,105.8,0.0,3.0,0.0
2007-05-02 06:00:00,83.112,5.708,14191.63,364.6,0.0,26.0,497.0
2007-05-02 07:00:00,105.446,8.546,14056.4,448.2,0.0,31.0,1010.0
2007-05-02 08:00:00,73.824,3.218,13990.3,313.6,0.0,0.0,1000.0
2007-05-02 09:00:00,16.586,9.552,13998.72,83.4,0.0,57.0,27.0
2007-05-02 10:00:00,10.834,3.7,14040.42,50.6,0.0,0.0,0.0
2007-05-02 11:00:00,17.068,8.106,14032.16,83.4,0.0,31.0,0.0
2007-05-02 12:00:00,38.824,10.016,14089.17,183.4,0.0,362.0,0.0
2007-05-02 13:00:00,16.932,5.684,14154.6,83.6,0.0,0.0,0.0
2007-05-02 14:00:00,16.846,8.968,14064.69,83.2,0.0,59.0,0.0
2007-05-02 15:00:00,33.632,5.276,14174.86,143.6,0.0,0.0,144.0
2007-05-02 16:00:00,40.308,7.402,14222.06,175.6,0.0,35.0,448.0
2007-05-02 17:00:00,13.118,7.276,14216.07,63.2,0.0,20.0,0.0
2007-05-02 18:00:00,14.796,5.606,14100.22,71.4,0.0,3.0,0.0
2007-05-02 19:00:00,36.71,14.664,14128.71,171.0,0.0,53.0,0.0
2007-05-02 20:00:00,60.614,5.968,14067.960000000001,275.8,0.0,291.0,0.0
2007-05-02 21:00:00,108.554,8.022,14061.41,472.0,0.0,78.0,628.0
2007-05-02 22:00:00,77.684,7.774,14169.93,339.0,0.0,12.0,0.0
2007-05-02 23:00:00,96.278,4.742,14152.03,411.2,7.0,259.0,0.0
2007-05-03 00:00:00,133.898,11.74,14092.83,583.2,780.0,1095.0,0.0
2007-05-03 01:00:00,31.79,4.872,14243.69,138.0,217.0,35.0,0.0
2007-05-03 02:00:00,15.084,7.404,14201.69,73.0,0.0,62.0,0.0
2007-05-03 03:00:00,14.806000000000001,5.148,14123.75,68.8,0.0,22.0,0.0
2007-05-03 04:00:00,52.894,3.484,14069.06,226.20000000000002,0.0,26.0,667.0
2007-05-03 05:00:00,14.758,7.512,14068.24,71.2,0.0,53.0,0.0
2007-05-03 06:00:00,37.988,4.028,14033.87,170.0,0.0,10.0,0.0
2007-05-03 07:00:00,57.552,7.246,14103.72,249.6,0.0,63.0,452.0
2007-05-03 08:00:00,71.44800000000001,6.65,13899.41,304.0,0.0,10.0,988.0
2007-05-03 09:00:00,71.164,3.79,14026.48,301.6,0.0,18.0,1005.0
2007-05-03 10:00:00,12.802,6.508,14012.41,63.199999999999996,0.0,40.0,6.0
2007-05-03 11:00:00,10.132,3.004,13990.16,49.6,0.0,0.0,0.0
2007-05-03 12:00:00,13.542,7.628,14059.23,63.8,0.0,55.0,0.0
2007-05-03 13:00:00,11.1,4.328,14148.0,53.4,0.0,2.0,0.0
2007-05-03 14:00:00,13.816,5.148,14100.17,66.6,0.0,20.0,0.0
2007-05-03 15:00:00,19.15,10.06,14184.54,95.2,0.0,39.0,0.0
2007-05-03 16:00:00,14.606,5.318,14178.95,68.8,0.0,0.0,0.0
2007-05-03 17:00:00,15.064,8.818,14243.47,75.8,0.0,54.0,0.0
2007-05-03 18:00:00,42.522,7.702,14188.31,185.8,0.0,5.0,419.0
2007-05-03 19:00:00,39.65,7.476,14195.56,173.4,0.0,15.0,357.0
2007-05-03 20:00:00,77.848,6.9639999999999995,14115.48,329.4,0.0,42.0,935.0
2007-05-03 21:00:00,141.41,4.53,13856.18,610.4,516.0,0.0,982.0
2007-05-03 22:00:00,105.354,7.348,14132.08,445.6,393.0,54.0,1020.0
2007-05-03 23:00:00,71.86,4.236,14326.960000000001,296.4,0.0,5.0,1005.0
2007-05-04 00:00:00,11.058,4.392,14281.619999999999,51.2,0.0,14.0,0.0
2007-05-04 01:00:00,13.648,8.356,14225.8,67.8,0.0,45.0,0.0
2007-05-04 02:00:00,10.692,4.3660000000000005,14266.15,54.0,0.0,0.0,0.0
2007-05-04 03:00:00,12.564,7.15,14320.77,62.2,0.0,47.0,0.0
2007-05-04 04:00:00,11.774,5.46,14282.76,57.0,0.0,10.0,0.0
2007-05-04 05:00:00,10.684,3.964,14248.96,51.2,0.0,7.0,0.0
2007-05-04 06:00:00,73.26,8.21,14252.5,317.0,0.0,50.0,512.0
2007-05-04 07:00:00,82.41799999999999,3.2,14141.81,347.2,0.0,0.0,1022.0
2007-05-04 08:00:00,35.126,7.026,13990.05,157.0,0.0,42.0,362.0
2007-05-04 09:00:00,12.61,6.598,13993.04,63.8,0.0,15.0,0.0
2007-05-04 10:00:00,10.006,2.984,14074.66,46.8,0.0,0.0,0.0
2007-05-04 11:00:00,14.83,9.202,14024.74,74.6,0.0,55.0,0.0
2007-05-04 12:00:00,10.328,3.182,14106.44,48.0,0.0,0.0,0.0
2007-05-04 13:00:00,22.232,9.326,14114.95,109.8,0.0,37.0,0.0
2007-05-04 14:00:00,20.322,7.64,14075.23,102.0,0.0,21.0,0.0
2007-05-04 15:00:00,16.366,3.786,14236.68,77.0,0.0,0.0,0.0
2007-05-04 16:00:00,41.912,9.918,14162.17,182.8,0.0,57.0,415.0
2007-05-04 17:00:00,22.986,3.598,14186.4,100.2,0.0,0.0,203.0
2007-05-04 18:00:00,17.792,7.706,14035.09,87.8,0.0,30.0,0.0
2007-05-04 19:00:00,67.558,7.228,13971.81,294.8,0.0,28.0,0.0
2007-05-04 20:00:00,189.364,20.738,13840.37,830.0,1259.0,0.0,428.0
2007-05-04 21:00:00,137.684,16.964,13997.93,596.2,214.0,58.0,357.0
2007-05-04 22:00:00,89.814,5.746,14244.6,383.0,554.0,0.0,108.0
2007-05-04 23:00:00,63.1,8.0,14348.15,271.0,232.0,22.0,583.0
2007-05-05 00:00:00,39.698,6.432,14256.93,178.0,464.0,34.0,0.0
2007-05-05 01:00:00,11.686,5.454000000000001,14130.77,58.599999999999994,0.0,0.0,0.0
2007-05-05 02:00:00,13.562,8.154,14111.52,68.6,0.0,55.0,0.0
2007-05-05 03:00:00,10.06,3.462,14211.44,49.8,0.0,0.0,0.0
2007-05-05 04:00:00,12.72,6.718,14218.03,63.8,0.0,21.0,0.0
2007-05-05 05:00:00,11.8,5.956,14223.52,55.2,0.0,34.0,0.0
2007-05-05 06:00:00,10.89,4.13,14207.05,51.4,0.0,0.0,0.0
2007-05-05 07:00:00,64.452,7.682,14086.28,275.2,0.0,54.0,685.0
2007-05-05 08:00:00,94.996,5.062,14052.16,406.6,0.0,0.0,1009.0
2007-05-05 09:00:00,106.66199999999999,6.046,13994.94,457.2,0.0,401.0,1002.0
2007-05-05 10:00:00,34.786,7.0360000000000005,14241.27,153.6,0.0,74.0,254.0
2007-05-05 11:00:00,22.084,5.808,14175.72,104.2,0.0,0.0,0.0
2007-05-05 12:00:00,25.396,10.336,14173.5,122.0,0.0,52.0,0.0
2007-05-05 13:00:00,27.822,8.358,14203.78,131.8,0.0,3.0,8.0
2007-05-05 14:00:00,194.102,8.558,14007.2,839.4,675.0,1384.0,777.0
2007-05-05 15:00:00,66.002,8.584,14139.27,283.6,126.0,116.0,410.0
2007-05-05 16:00:00,115.772,3.5140000000000002,14052.74,491.0,463.0,36.0,1009.0
2007-05-05 17:00:00,89.224,9.216,13951.55,383.6,0.0,67.0,996.0
2007-05-05 18:00:00,104.08,9.334,13994.51,451.8,0.0,10.0,1001.0
2007-05-05 19:00:00,86.314,12.294,14120.25,370.0,0.0,38.0,845.0
2007-05-05 20:00:00,83.472,12.956,13980.8,367.0,303.0,55.0,313.0
2007-05-05 21:00:00,113.468,6.072,13861.86,492.2,373.0,0.0,983.0
2007-05-05 22:00:00,124.028,7.077999999999999,13977.76,534.6,509.0,43.0,999.0
2007-05-05 23:00:00,99.976,5.862,14077.58,430.8,0.0,16.0,1012.0
2007-05-06 00:00:00,65.148,4.388,14094.92,294.0,0.0,1.0,166.0
2007-05-06 01:00:00,41.606,8.554,14143.87,199.0,0.0,58.0,0.0
2007-05-06 02:00:00,39.572,4.29,14173.47,184.6,0.0,0.0,0.0
2007-05-06 03:00:00,75.894,5.742,14164.2,332.6,0.0,29.0,613.0
2007-05-06 04:00:00,43.792,6.268,14167.85,206.8,0.0,30.0,0.0
2007-05-06 05:00:00,45.658,3.742,14212.97,210.4,0.0,0.0,0.0
2007-05-06 06:00:00,91.264,8.428,14220.08,399.6,0.0,51.0,0.0
2007-05-06 07:00:00,52.856,3.9939999999999998,14217.9,231.20000000000002,0.0,5.0,0.0
2007-05-06 08:00:00,174.806,2.766,13965.73,754.6,0.0,0.0,318.0
2007-05-06 09:00:00,169.348,6.1979999999999995,13879.38,733.4,0.0,55.0,580.0
2007-05-06 10:00:00,22.66,3.4939999999999998,14062.02,113.0,0.0,0.0,0.0
2007-05-06 11:00:00,26.368000000000002,5.218,14102.82,126.6,0.0,26.0,0.0
2007-05-06 12:00:00,66.52,10.04,14004.05,299.0,0.0,30.0,269.0
2007-05-06 13:00:00,94.168,11.744,14120.15,402.40000000000003,0.0,14.0,1019.0
2007-05-06 14:00:00,84.168,10.548,14103.81,358.6,17.0,93.0,1017.0
2007-05-06 15:00:00,89.446,11.588000000000001,14122.05,392.6,828.0,83.0,305.0
2007-05-06 16:00:00,58.32,6.516,14177.52,251.4,536.0,7.0,0.0
2007-05-06 17:00:00,31.736,5.418,14146.97,138.6,0.0,19.0,0.0
2007-05-06 18:00:00,75.036,6.89,14095.47,319.4,0.0,38.0,884.0
2007-05-06 19:00:00,147.28,11.856,13778.76,648.8,992.0,0.0,971.0
2007-05-06 20:00:00,148.778,22.11,13839.98,656.8,841.0,48.0,980.0
2007-05-06 21:00:00,172.946,7.226,13808.53,750.2,1.0,6.0,976.0
2007-05-06 22:00:00,181.346,6.606,13822.9,788.6,0.0,298.0,977.0
2007-05-06 23:00:00,103.388,8.712,14124.5,436.8,0.0,58.0,1020.0
2007-05-07 00:00:00,62.46,3.406,14244.55,259.0,0.0,0.0,845.0
2007-05-07 01:00:00,13.668,6.9799999999999995,14236.91,65.0,0.0,39.0,0.0
2007-05-07 02:00:00,11.376,4.2059999999999995,14190.9,53.2,0.0,18.0,0.0
2007-05-07 03:00:00,12.235999999999999,5.058,14226.19,58.4,0.0,0.0,0.0
2007-05-07 04:00:00,13.384,6.862,14201.91,67.2,0.0,55.0,0.0
2007-05-07 05:00:00,10.6,3.164,14084.58,50.6,0.0,0.0,0.0
2007-05-07 06:00:00,13.952,6.117999999999999,14202.3,67.0,0.0,30.0,0.0
2007-05-07 07:00:00,75.104,4.994,14174.62,321.8,0.0,26.0,221.0
2007-05-07 08:00:00,204.074,3.956,13854.64,891.4,448.0,1269.0,982.0
2007-05-07 09:00:00,193.19,8.522,13803.24,843.8,498.0,1207.0,975.0
2007-05-07 10:00:00,153.81,4.306,13748.65,677.2,0.0,1242.0,967.0
2007-05-07 11:00:00,61.43,9.52,13887.27,270.6,0.0,93.0,501.0
2007-05-07 12:00:00,90.196,4.726,13986.35,387.2,0.0,34.0,1000.0
2007-05-07 13:00:00,113.33,14.796000000000001,13957.31,493.6,0.0,300.0,996.0
2007-05-07 14:00:00,53.11,5.494,14032.34,227.0,0.0,38.0,642.0
2007-05-07 15:00:00,13.144,6.064,14221.92,61.6,0.0,18.0,0.0
2007-05-07 16:00:00,29.648,9.778,14157.44,139.6,0.0,41.0,0.0
2007-05-07 17:00:00,33.232,12.048,14088.11,149.4,0.0,0.0,74.0
2007-05-07 18:00:00,102.43,9.714,13986.75,437.0,0.0,53.0,1001.0
2007-05-07 19:00:00,69.04,5.064,14120.21,293.6,0.0,2.0,421.0
2007-05-07 20:00:00,13.884,5.672,14128.84,63.6,0.0,17.0,0.0
2007-05-07 21:00:00,137.742,12.64,13904.68,601.6,0.0,411.0,517.0
2007-05-07 22:00:00,108.0,6.218,14055.5,460.4,0.0,0.0,291.0
2007-05-07 23:00:00,54.624,9.612,14238.03,232.8,0.0,42.0,0.0
2007-05-08 00:00:00,54.428,6.968,14067.21,232.8,0.0,16.0,0.0
2007-05-08 01:00:00,34.732,7.536,14140.76,147.6,0.0,0.0,0.0
2007-05-08 02:00:00,21.05,7.906,14146.9,95.4,0.0,59.0,0.0
2007-05-08 03:00:00,27.952,2.99,14214.58,116.60000000000001,0.0,0.0,0.0
2007-05-08 04:00:00,32.054,6.444,14216.13,135.6,0.0,31.0,0.0
2007-05-08 05:00:00,31.32,5.504,14145.48,136.0,0.0,26.0,243.0
2007-05-08 06:00:00,27.706,2.848,14205.6,119.2,0.0,0.0,268.0
2007-05-08 07:00:00,15.354000000000001,7.742,14059.74,72.6,0.0,59.0,0.0
2007-05-08 08:00:00,38.352,3.484,14010.380000000001,168.2,0.0,0.0,0.0
2007-05-08 09:00:00,61.806,5.492,14115.79,261.0,0.0,13.0,643.0
2007-05-08 10:00:00,53.716,6.78,14157.59,228.4,0.0,44.0,642.0
2007-05-08 11:00:00,113.116,3.684,14098.73,483.2,663.0,34.0,896.0
2007-05-08 12:00:00,283.148,29.454,13845.97,1242.8,1543.0,1394.0,981.0
2007-05-08 13:00:00,119.786,17.778,14082.45,516.8,341.0,47.0,1013.0
2007-05-08 14:00:00,133.874,14.766,14040.93,577.8,559.0,23.0,1008.0
2007-05-08 15:00:00,118.392,7.06,14069.47,505.0,520.0,63.0,1012.0
2007-05-08 16:00:00,34.902,2.682,14213.26,150.4,0.0,10.0,231.0
2007-05-08 17:00:00,42.512,4.92,14138.12,185.6,0.0,54.0,0.0
2007-05-08 18:00:00,53.4,7.27,14114.26,229.2,0.0,26.0,0.0
2007-05-08 19:00:00,55.058,4.304,14000.44,237.8,0.0,4.0,72.0
2007-05-08 20:00:00,106.55,7.118,13990.82,456.2,1.0,56.0,604.0
2007-05-08 21:00:00,122.778,3.484,13939.82,531.6,488.0,0.0,0.0
2007-05-08 22:00:00,127.214,7.628,14072.88,544.8,466.0,36.0,168.0
2007-05-08 23:00:00,80.092,7.77,14177.67,338.6,0.0,16.0,996.0
2007-05-09 00:00:00,11.411999999999999,4.728,14121.01,56.4,0.0,1.0,0.0
2007-05-09 01:00:00,13.252,7.756,14166.87,66.6,0.0,54.0,0.0
2007-05-09 02:00:00,10.878,3.9499999999999997,14211.69,49.4,0.0,0.0,0.0
2007-05-09 03:00:00,12.596,6.402,14241.53,60.0,0.0,38.0,0.0
2007-05-09 04:00:00,11.98,5.738,14206.58,57.8,0.0,18.0,0.0
2007-05-09 05:00:00,11.31,4.868,14171.14,55.4,0.0,0.0,0.0
2007-05-09 06:00:00,96.55,7.6899999999999995,14028.18,423.0,0.0,55.0,463.0
2007-05-09 07:00:00,95.51,2.78,13934.41,409.6,0.0,0.0,993.0
2007-05-09 08:00:00,75.214,5.744,13977.73,321.4,0.0,29.0,999.0
2007-05-09 09:00:00,71.968,5.372,13922.18,307.6,0.0,25.0,991.0
2007-05-09 10:00:00,70.458,3.156,13906.57,301.4,0.0,0.0,989.0
2007-05-09 11:00:00,62.686,8.944,14004.47,275.2,0.0,186.0,608.0
2007-05-09 12:00:00,24.445999999999998,6.138,14109.15,117.2,0.0,34.0,0.0
2007-05-09 13:00:00,109.718,8.764,14053.5,481.8,0.0,1563.0,0.0
2007-05-09 14:00:00,77.992,12.318,14002.02,353.8,0.0,1092.0,0.0
2007-05-09 15:00:00,95.992,4.604,14047.71,414.6,0.0,1307.0,0.0
2007-05-09 16:00:00,73.446,11.426,14078.16,331.8,0.0,1017.0,0.0
2007-05-09 17:00:00,13.458,4.696,14217.18,62.8,0.0,35.0,0.0
2007-05-09 18:00:00,48.834,9.846,14201.92,211.2,0.0,49.0,492.0
2007-05-09 19:00:00,168.332,13.098,14043.86,726.4,1135.0,29.0,1008.0
2007-05-09 20:00:00,173.596,16.044,14122.58,753.4,851.0,2.0,1018.0
2007-05-09 21:00:00,173.118,14.282,14043.98,745.4,505.0,59.0,1008.0
2007-05-09 22:00:00,139.686,6.096,14132.41,593.8,527.0,0.0,905.0
2007-05-09 23:00:00,23.304,9.044,14273.33,104.8,0.0,38.0,0.0
2007-05-10 00:00:00,12.176,6.112,14203.76,58.199999999999996,0.0,21.0,0.0
2007-05-10 01:00:00,41.416,3.8080000000000003,14123.03,177.8,0.0,0.0,504.0
2007-05-10 02:00:00,21.772,8.028,14151.14,99.4,0.0,56.0,137.0
2007-05-10 03:00:00,10.228,3.272,14219.02,48.8,0.0,0.0,0.0
2007-05-10 04:00:00,12.622,6.428,14216.76,61.4,0.0,30.0,0.0
2007-05-10 05:00:00,11.666,5.502,14207.69,55.6,0.0,26.0,0.0
2007-05-10 06:00:00,24.058,2.934,14302.03,110.6,0.0,0.0,0.0
2007-05-10 07:00:00,59.252,10.084,14094.67,256.8,0.0,61.0,517.0
2007-05-10 08:00:00,37.966,4.586,14127.87,163.2,0.0,1.0,436.0
2007-05-10 09:00:00,10.93,3.956,13999.73,50.6,0.0,9.0,0.0
2007-05-10 10:00:00,12.692,6.662,13962.63,63.6,0.0,44.0,0.0
2007-05-10 11:00:00,11.192,4.14,14058.78,51.2,0.0,0.0,0.0
2007-05-10 12:00:00,13.794,8.16,14190.29,68.4,0.0,44.0,0.0
2007-05-10 13:00:00,11.64,5.252,14187.22,55.6,0.0,13.0,0.0
2007-05-10 14:00:00,10.358,3.296,14155.35,48.0,0.0,0.0,0.0
2007-05-10 15:00:00,14.52,9.332,14169.28,73.8,0.0,57.0,0.0
2007-05-10 16:00:00,18.8,4.596,14201.11,83.4,0.0,0.0,120.0
2007-05-10 17:00:00,45.106,5.886,14084.67,197.4,0.0,33.0,544.0
2007-05-10 18:00:00,15.98,6.468,14146.83,77.2,0.0,23.0,0.0
2007-05-10 19:00:00,35.646,15.254,14136.67,170.0,0.0,0.0,0.0
2007-05-10 20:00:00,117.822,21.89,14068.64,514.0,432.0,58.0,734.0
2007-05-10 21:00:00,108.48,5.682,14044.38,465.2,514.0,0.0,269.0
2007-05-10 22:00:00,34.428,8.108,14253.88,153.0,0.0,23.0,0.0
2007-05-10 23:00:00,15.34,8.878,14241.18,74.6,0.0,35.0,0.0
2007-05-11 00:00:00,11.542,2.794,14073.98,54.4,0.0,0.0,0.0
2007-05-11 01:00:00,12.936,6.9559999999999995,14059.9,63.4,0.0,52.0,0.0
2007-05-11 02:00:00,11.464,5.164,14175.18,58.0,0.0,3.0,0.0
2007-05-11 03:00:00,10.74,4.188,14239.56,51.6,0.0,13.0,0.0
2007-05-11 04:00:00,12.138,6.346,14203.18,58.8,0.0,44.0,0.0
2007-05-11 05:00:00,48.93,2.606,14115.67,209.8,0.0,0.0,648.0
2007-05-11 06:00:00,13.234,6.82,14202.27,63.4,0.0,42.0,0.0
2007-05-11 07:00:00,66.416,5.03,14162.11,291.0,0.0,13.0,378.0
2007-05-11 08:00:00,82.512,3.094,14015.27,355.0,0.0,0.0,1004.0
2007-05-11 09:00:00,84.456,6.37,13984.65,365.2,0.0,54.0,1000.0
2007-05-11 10:00:00,35.238,2.956,14009.29,168.2,0.0,0.0,206.0
2007-05-11 11:00:00,31.094,7.148,13977.93,156.0,0.0,30.0,0.0
2007-05-11 12:00:00,15.129999999999999,5.0280000000000005,14056.62,74.6,0.0,24.0,0.0
2007-05-11 13:00:00,16.826,2.902,14029.92,86.2,0.0,0.0,0.0
2007-05-11 14:00:00,25.616,7.514,14092.1,129.8,0.0,52.0,0.0
2007-05-11 15:00:00,25.451999999999998,5.318,14194.88,130.2,0.0,0.0,0.0
2007-05-11 16:00:00,47.522,5.694,14100.95,208.2,0.0,26.0,522.0
2007-05-11 17:00:00,74.938,6.074,14114.94,314.2,0.0,27.0,1018.0
2007-05-11 18:00:00,38.142,4.626,14111.89,164.0,0.0,0.0,406.0
2007-05-11 19:00:00,19.624,10.764000000000001,14112.5,98.6,0.0,55.0,0.0
2007-05-11 20:00:00,28.612,4.744,14168.09,122.0,0.0,0.0,0.0
2007-05-11 21:00:00,130.508,6.98,14028.23,561.2,579.0,25.0,752.0
2007-05-11 22:00:00,79.258,7.902,14206.56,337.4,347.0,31.0,0.0
2007-05-11 23:00:00,56.826,5.078,14295.18,238.6,0.0,0.0,537.0
2007-05-12 00:00:00,22.198,9.35,14071.32,102.6,0.0,55.0,105.0
2007-05-12 01:00:00,11.804,3.338,14053.01,52.6,0.0,0.0,0.0
2007-05-12 02:00:00,13.272,5.032,14028.23,61.6,0.0,12.0,0.0
2007-05-12 03:00:00,16.274,9.808,14107.130000000001,79.8,0.0,44.0,0.0
2007-05-12 04:00:00,11.884,3.402,14082.4,53.2,0.0,0.0,0.0
2007-05-12 05:00:00,14.13,6.682,14071.87,65.8,0.0,40.0,0.0
2007-05-12 06:00:00,12.694,4.776,14093.13,57.8,0.0,15.0,0.0
2007-05-12 07:00:00,57.879999999999995,5.2,14012.35,256.2,0.0,0.0,328.0
2007-05-12 08:00:00,79.83800000000001,8.17,14034.68,343.8,0.0,53.0,936.0
2007-05-12 09:00:00,76.636,4.06,14020.51,326.6,0.0,0.0,1005.0
2007-05-12 10:00:00,80.07,10.394,14091.75,342.6,0.0,26.0,1015.0
2007-05-12 11:00:00,30.91,11.058,14074.75,143.2,0.0,13.0,157.0
2007-05-12 12:00:00,23.102,13.872,14168.82,112.2,0.0,71.0,0.0
2007-05-12 13:00:00,59.78,17.51,14120.16,275.2,0.0,68.0,164.0
2007-05-12 14:00:00,156.652,5.176,13930.43,677.0,468.0,479.0,993.0
2007-05-12 15:00:00,117.51,7.12,13965.15,504.2,466.0,30.0,997.0
2007-05-12 16:00:00,78.138,8.502,14122.42,329.2,0.0,33.0,1019.0
2007-05-12 17:00:00,54.014,4.82,14118.43,231.8,0.0,0.0,674.0
2007-05-12 18:00:00,53.01,13.526,14138.37,233.4,0.0,47.0,454.0
2007-05-12 19:00:00,127.646,17.47,14086.08,546.6,426.0,0.0,1014.0
2007-05-12 20:00:00,84.87,12.206,14145.19,367.6,145.0,45.0,361.0
2007-05-12 21:00:00,174.678,9.722,14014.07,750.0,742.0,0.0,1004.0
2007-05-12 22:00:00,54.652,9.032,14145.27,236.2,0.0,44.0,182.0
2007-05-12 23:00:00,29.924,8.946,14305.460000000001,130.0,0.0,0.0,0.0
2007-05-13 00:00:00,25.992,10.388,14330.8,117.0,0.0,34.0,0.0
2007-05-13 01:00:00,48.86,6.576,14168.34,210.6,0.0,10.0,535.0
2007-05-13 02:00:00,16.654,5.226,14219.82,76.0,0.0,16.0,60.0
2007-05-13 03:00:00,15.612,8.792,14288.3,76.2,0.0,27.0,0.0
2007-05-13 04:00:00,13.216,5.418,14305.53,62.0,0.0,0.0,0.0
2007-05-13 05:00:00,24.51,8.216000000000001,14294.47,113.8,0.0,44.0,0.0
2007-05-13 06:00:00,45.88,6.052,14335.27,194.0,0.0,0.0,0.0
2007-05-13 07:00:00,15.838000000000001,9.266,14274.49,75.8,0.0,44.0,0.0
2007-05-13 08:00:00,62.552,3.6879999999999997,14018.43,273.6,0.0,0.0,430.0
2007-05-13 09:00:00,20.96,6.602,14003.38,96.6,0.0,30.0,74.0
2007-05-13 10:00:00,24.206,7.14,14209.99,113.8,0.0,14.0,0.0
2007-05-13 11:00:00,59.682,12.008,14001.75,276.4,0.0,408.0,28.0
2007-05-13 12:00:00,160.772,14.144,13838.01,702.8,908.0,220.0,981.0
2007-05-13 13:00:00,127.964,12.902,14020.99,556.0,168.0,374.0,1005.0
2007-05-13 14:00:00,153.568,7.62,13946.27,664.6,656.0,616.0,995.0
2007-05-13 15:00:00,115.30799999999999,8.908,14135.09,490.0,219.0,405.0,1020.0
2007-05-13 16:00:00,137.802,18.286,14122.68,597.6,361.0,34.0,746.0
2007-05-13 17:00:00,118.878,14.492,14106.38,526.0,1134.0,35.0,518.0
2007-05-13 18:00:00,67.57,15.442,14117.85,299.6,166.0,0.0,332.0
2007-05-13 19:00:00,104.316,11.895999999999999,14024.48,453.0,0.0,35.0,1005.0
2007-05-13 20:00:00,118.062,7.628,14077.66,507.6,0.0,0.0,1013.0
2007-05-13 21:00:00,81.386,7.23,14122.12,346.8,0.0,34.0,216.0
2007-05-13 22:00:00,49.614,4.256,14162.51,212.0,0.0,1.0,0.0
2007-05-13 23:00:00,25.536,8.494,14295.93,113.8,0.0,33.0,0.0
2007-05-14 00:00:00,16.778,5.64,14195.52,78.0,0.0,8.0,0.0
2007-05-14 01:00:00,47.948,6.304,14181.21,209.0,0.0,26.0,511.0
2007-05-14 02:00:00,16.654,5.684,14270.93,78.39999999999999,0.0,14.0,0.0
2007-05-14 03:00:00,16.227999999999998,5.318,14317.17,75.39999999999999,0.0,20.0,0.0
2007-05-14 04:00:00,17.03,6.096,14270.39,80.39999999999999,0.0,19.0,0.0
2007-05-14 05:00:00,16.938,6.286,14252.25,80.8,0.0,14.0,0.0
2007-05-14 06:00:00,17.944,6.816,14240.87,85.0,0.0,24.0,0.0
2007-05-14 07:00:00,130.12199999999999,4.05,14015.03,560.4,0.0,9.0,982.0
2007-05-14 08:00:00,87.276,12.584,13982.77,376.0,0.0,28.0,999.0
2007-05-14 09:00:00,78.732,14.078,13850.24,343.0,0.0,5.0,964.0
2007-05-14 10:00:00,24.134,19.616,14034.62,131.4,0.0,33.0,0.0
2007-05-14 11:00:00,20.68,14.962,14088.16,106.8,0.0,0.0,0.0
2007-05-14 12:00:00,22.646,18.456,14266.02,122.2,0.0,33.0,0.0
2007-05-14 13:00:00,23.95,15.866,14264.27,120.0,0.0,0.0,0.0
2007-05-14 14:00:00,22.65,17.456,14159.89,119.6,0.0,34.0,0.0
2007-05-14 15:00:00,25.986,15.294,14201.27,133.2,0.0,0.0,0.0
2007-05-14 16:00:00,32.656,18.768,14170.14,167.6,0.0,33.0,0.0
2007-05-14 17:00:00,41.674,17.41,14129.34,195.0,178.0,0.0,0.0
2007-05-14 18:00:00,170.244,22.962,13960.82,749.2,1371.0,388.0,578.0
2007-05-14 19:00:00,124.142,26.182000000000002,13915.07,568.8,393.0,73.0,0.0
2007-05-14 20:00:00,121.136,18.148,14057.86,527.8,440.0,34.0,223.0
2007-05-14 21:00:00,213.674,5.644,14027.93,919.6,264.0,1355.0,633.0
2007-05-14 22:00:00,112.632,7.93,14195.76,482.2,530.0,248.0,0.0
2007-05-14 23:00:00,65.928,7.002,14346.17,277.0,0.0,19.0,627.0
2007-05-15 00:00:00,20.976,5.388,14207.75,92.2,0.0,16.0,0.0
2007-05-15 01:00:00,20.438,5.0200000000000005,14127.93,91.2,0.0,28.0,0.0
2007-05-15 02:00:00,18.986,3.878,14169.62,84.4,0.0,5.0,0.0
2007-05-15 03:00:00,21.572,4.714,14186.78,96.0,0.0,33.0,0.0
2007-05-15 04:00:00,20.098,4.548,14165.09,89.6,0.0,0.0,0.0
2007-05-15 05:00:00,20.89,5.856,14196.33,93.6,0.0,32.0,0.0
2007-05-15 06:00:00,31.51,3.332,14130.52,140.6,0.0,0.0,0.0
2007-05-15 07:00:00,73.39,5.2379999999999995,14066.61,315.2,0.0,32.0,568.0
2007-05-15 08:00:00,81.404,4.868,14023.97,344.40000000000003,0.0,0.0,1005.0
2007-05-15 09:00:00,81.934,4.73,13889.95,353.2,0.0,32.0,987.0
2007-05-15 10:00:00,79.682,3.438,13996.57,337.8,0.0,0.0,1001.0
2007-05-15 11:00:00,40.114000000000004,5.474,14042.29,176.4,0.0,32.0,315.0
2007-05-15 12:00:00,20.004,2.906,14145.64,87.4,0.0,0.0,0.0
2007-05-15 13:00:00,22.5,6.12,14178.55,100.4,0.0,32.0,0.0
2007-05-15 14:00:00,19.958,2.668,14062.04,88.4,0.0,0.0,0.0
2007-05-15 15:00:00,21.822,4.83,14145.81,97.0,0.0,33.0,0.0
2007-05-15 16:00:00,19.934,2.762,14160.1,87.60000000000001,0.0,5.0,0.0
2007-05-15 17:00:00,22.236,5.606,14158.34,99.60000000000001,0.0,28.0,0.0
2007-05-15 18:00:00,46.794,6.106,14108.21,202.8,0.0,13.0,366.0
2007-05-15 19:00:00,47.742,5.146,14222.41,203.4,0.0,21.0,437.0
2007-05-15 20:00:00,29.246,5.194,14260.56,131.6,0.0,23.0,0.0
2007-05-15 21:00:00,31.626,3.59,14158.38,151.6,0.0,10.0,0.0
2007-05-15 22:00:00,44.6,5.864,14144.75,194.6,0.0,30.0,0.0
2007-05-15 23:00:00,66.936,3.906,14333.07,277.0,0.0,3.0,639.0
2007-05-16 00:00:00,34.894,5.06,14356.95,148.79999999999998,0.0,32.0,276.0
2007-05-16 01:00:00,15.762,2.958,14288.55,64.0,0.0,0.0,0.0
2007-05-16 02:00:00,18.099999999999998,5.12,14203.71,77.4,0.0,33.0,0.0
2007-05-16 03:00:00,16.152,3.468,14152.84,66.4,0.0,0.0,0.0
2007-05-16 04:00:00,17.332,5.148,14141.0,75.2,0.0,32.0,0.0
2007-05-16 05:00:00,15.852,3.168,14154.99,65.8,0.0,0.0,0.0
2007-05-16 06:00:00,66.864,4.75,14156.61,290.8,0.0,33.0,402.0
2007-05-16 07:00:00,102.122,3.184,14049.02,432.0,0.0,0.0,1009.0
2007-05-16 08:00:00,130.882,5.216,13950.56,560.0,500.0,32.0,995.0
2007-05-16 09:00:00,106.26,2.052,13968.95,454.0,506.0,0.0,998.0
2007-05-16 10:00:00,112.286,5.526,14032.86,480.6,0.0,481.0,1006.0
2007-05-16 11:00:00,81.61,2.676,14063.25,345.59999999999997,0.0,0.0,1010.0
2007-05-16 12:00:00,168.852,8.222,13943.55,733.8,0.0,1249.0,994.0
2007-05-16 13:00:00,151.352,16.43,14001.65,658.0,0.0,1774.0,59.0
2007-05-16 14:00:00,46.57,6.606,14066.2,216.8,0.0,242.0,0.0
2007-05-16 15:00:00,26.968,6.464,14203.5,126.8,0.0,75.0,0.0
2007-05-16 16:00:00,28.902,3.178,14146.51,128.2,0.0,33.0,131.0
2007-05-16 17:00:00,70.224,6.302,14134.81,297.4,0.0,35.0,844.0
2007-05-16 18:00:00,76.688,5.87,14110.02,337.0,0.0,973.0,0.0
2007-05-16 19:00:00,60.084,8.564,14142.75,267.4,0.0,656.0,0.0
2007-05-16 20:00:00,94.69200000000001,7.224,14163.82,400.4,0.0,29.0,309.0
2007-05-16 21:00:00,127.078,5.326,13942.98,549.2,563.0,13.0,360.0
2007-05-16 22:00:00,84.542,7.828,14114.7,359.6,301.0,34.0,684.0
2007-05-16 23:00:00,38.876,5.554,14285.79,168.2,343.0,0.0,0.0
2007-05-17 00:00:00,18.9,6.722,14285.12,88.0,0.0,34.0,0.0
2007-05-17 01:00:00,16.328,3.182,14279.66,73.0,0.0,0.0,0.0
2007-05-17 02:00:00,18.832,6.216,14297.65,84.8,0.0,34.0,0.0
2007-05-17 03:00:00,18.080000000000002,5.224,14242.97,81.4,0.0,0.0,0.0
2007-05-17 04:00:00,18.846,6.0600000000000005,14209.48,84.6,0.0,34.0,0.0
2007-05-17 05:00:00,16.112000000000002,2.89,14199.539999999999,72.4,0.0,0.0,0.0
2007-05-17 06:00:00,18.426000000000002,5.904,14240.46,85.8,0.0,34.0,0.0
2007-05-17 07:00:00,59.85,4.7700000000000005,14129.12,261.6,0.0,0.0,398.0
2007-05-17 08:00:00,46.222,7.502,14257.62,199.0,0.0,34.0,346.0
2007-05-17 09:00:00,49.274,3.194,14123.06,213.4,0.0,452.0,0.0
2007-05-17 10:00:00,23.632,5.014,14027.56,103.4,0.0,33.0,7.0
2007-05-17 11:00:00,135.362,6.318,13998.26,586.8,0.0,1139.0,827.0
2007-05-17 12:00:00,20.098,6.4,14133.64,91.2,0.0,42.0,0.0
2007-05-17 13:00:00,26.128,7.5680000000000005,14233.09,118.8,0.0,55.0,0.0
2007-05-17 14:00:00,50.24,6.38,14163.42,217.79999999999998,6.0,10.0,395.0
2007-05-17 15:00:00,78.472,6.266,14248.37,338.6,673.0,36.0,305.0
2007-05-17 16:00:00,50.164,4.234,14260.21,214.4,335.0,0.0,0.0
2007-05-17 17:00:00,35.236,7.006,14290.4,151.2,0.0,34.0,0.0
2007-05-17 18:00:00,49.284,3.136,14112.16,210.8,0.0,0.0,411.0
2007-05-17 19:00:00,101.81400000000001,5.902,13926.42,442.6,0.0,34.0,992.0
2007-05-17 20:00:00,87.556,4.018,13954.05,378.8,0.0,3.0,995.0
2007-05-17 21:00:00,105.272,7.742,13896.03,456.4,0.0,31.0,988.0
2007-05-17 22:00:00,92.806,4.858,13989.57,400.2,0.0,12.0,1000.0
2007-05-17 23:00:00,94.882,4.682,14152.72,403.2,0.0,22.0,1023.0
2007-05-18 00:00:00,41.854,5.154,14333.01,182.2,0.0,20.0,2.0
2007-05-18 01:00:00,18.04,5.4959999999999996,14300.57,79.4,0.0,14.0,0.0
2007-05-18 02:00:00,17.578,5.062,14259.48,74.6,0.0,27.0,0.0
2007-05-18 03:00:00,15.857999999999999,2.662,14303.3,65.6,0.0,7.0,0.0
2007-05-18 04:00:00,18.206,4.962,14279.74,77.0,0.0,33.0,0.0
2007-05-18 05:00:00,16.35,2.782,14277.96,68.0,0.0,0.0,0.0
2007-05-18 06:00:00,18.728,6.058,14261.75,82.6,0.0,34.0,0.0
2007-05-18 07:00:00,81.178,2.988,14139.95,346.4,0.0,0.0,663.0
2007-05-18 08:00:00,83.844,5.67,14202.87,350.2,0.0,34.0,1030.0
2007-05-18 09:00:00,78.144,2.856,14170.52,326.8,0.0,0.0,1026.0
2007-05-18 10:00:00,80.808,4.418,14003.99,343.2,0.0,33.0,1002.0
2007-05-18 11:00:00,21.73,2.394,14127.05,93.2,0.0,0.0,45.0
2007-05-18 12:00:00,22.134,6.628,14175.39,96.6,0.0,34.0,0.0
2007-05-18 13:00:00,50.05,6.074,14181.21,218.8,4.0,368.0,37.0
2007-05-18 14:00:00,129.26,5.584,14110.99,550.2,684.0,113.0,1018.0
2007-05-18 15:00:00,91.414,2.966,14153.0,386.2,225.0,8.0,983.0
2007-05-18 16:00:00,19.064,3.646,14185.16,80.0,0.0,28.0,0.0
2007-05-18 17:00:00,81.7,5.538,14117.39,351.8,0.0,1024.0,0.0
2007-05-18 18:00:00,67.868,10.758,14083.32,303.6,0.0,608.0,0.0
2007-05-18 19:00:00,110.942,21.044,14106.43,479.8,43.0,66.0,812.0
2007-05-18 20:00:00,239.14,21.22,13893.09,1044.8,1307.0,1315.0,426.0
2007-05-18 21:00:00,107.888,19.034,13982.96,472.4,286.0,81.0,0.0
2007-05-18 22:00:00,189.338,13.562,13954.03,818.6,721.0,50.0,933.0
2007-05-18 23:00:00,30.414,4.702,14229.06,130.4,0.0,16.0,139.0
2007-05-19 00:00:00,19.89,6.664,14339.59,86.6,0.0,36.0,0.0
2007-05-19 01:00:00,16.568,2.796,14230.8,73.0,0.0,0.0,0.0
2007-05-19 02:00:00,18.676,5.688,14170.42,83.6,0.0,34.0,0.0
2007-05-19 03:00:00,17.796,4.9239999999999995,14090.9,81.0,0.0,0.0,0.0
2007-05-19 04:00:00,19.046,4.942,14101.17,81.8,0.0,35.0,0.0
2007-05-19 05:00:00,16.642,3.146,14075.87,73.2,0.0,5.0,0.0
2007-05-19 06:00:00,18.326,4.586,14120.08,79.39999999999999,0.0,29.0,0.0
2007-05-19 07:00:00,86.01,2.848,14032.130000000001,371.4,0.0,18.0,643.0
2007-05-19 08:00:00,70.166,4.33,14041.34,304.0,429.0,15.0,198.0
2007-05-19 09:00:00,77.204,5.032,14076.31,335.2,480.0,31.0,0.0
2007-05-19 10:00:00,102.822,10.166,13942.18,453.2,450.0,3.0,502.0
2007-05-19 11:00:00,55.988,9.55,13902.85,254.4,0.0,54.0,272.0
2007-05-19 12:00:00,77.986,5.82,14023.34,351.0,456.0,12.0,225.0
2007-05-19 13:00:00,157.694,16.082,14012.44,685.2,718.0,32.0,1003.0
2007-05-19 14:00:00,120.214,11.816,14072.03,516.2,440.0,41.0,1012.0
2007-05-19 15:00:00,97.14,9.056,14088.47,413.6,301.0,0.0,914.0
2007-05-19 16:00:00,89.554,12.83,14182.2,396.0,1046.0,39.0,0.0
2007-05-19 17:00:00,66.106,12.47,14154.77,297.8,363.0,20.0,156.0
2007-05-19 18:00:00,94.67399999999999,7.822,14002.99,403.4,0.0,18.0,1002.0
2007-05-19 19:00:00,77.768,6.086,14069.63,329.4,0.0,36.0,888.0
2007-05-19 20:00:00,22.828,4.308,14235.15,94.8,0.0,0.0,0.0
2007-05-19 21:00:00,24.13,5.668,14128.21,103.80000000000001,0.0,36.0,0.0
2007-05-19 22:00:00,48.384,4.348,14111.35,204.8,0.0,8.0,0.0
2007-05-19 23:00:00,33.83,6.88,14116.18,147.0,0.0,28.0,207.0
2007-05-20 00:00:00,38.684,4.988,14189.48,166.8,0.0,27.0,328.0
2007-05-20 01:00:00,17.21,3.742,14274.4,74.2,0.0,9.0,0.0
2007-05-20 02:00:00,18.132,5.042,14118.29,80.0,0.0,34.0,0.0
2007-05-20 03:00:00,17.29,3.062,14174.12,75.0,0.0,0.0,0.0
2007-05-20 04:00:00,18.888,4.91,14161.87,83.0,0.0,35.0,0.0
2007-05-20 05:00:00,18.738,2.5060000000000002,14164.869999999999,80.2,0.0,0.0,0.0
2007-05-20 06:00:00,56.688,5.102,14173.43,245.8,0.0,34.0,0.0
2007-05-20 07:00:00,28.727999999999998,3.46,14253.85,135.6,0.0,1.0,0.0
2007-05-20 08:00:00,76.244,7.53,14072.54,339.8,0.0,33.0,222.0
2007-05-20 09:00:00,73.412,5.076,14006.15,324.2,0.0,12.0,368.0
2007-05-20 10:00:00,74.95,7.1659999999999995,13988.65,333.0,301.0,22.0,0.0
2007-05-20 11:00:00,106.274,5.926,14015.81,461.6,624.0,22.0,0.0
2007-05-20 12:00:00,56.22,7.968,14092.84,246.0,0.0,12.0,0.0
2007-05-20 13:00:00,82.658,5.732,14162.1,355.4,0.0,31.0,767.0
2007-05-20 14:00:00,25.088,6.612,14286.29,111.4,0.0,3.0,0.0
2007-05-20 15:00:00,46.194,6.412,14327.75,198.2,0.0,270.0,91.0
2007-05-20 16:00:00,87.248,4.436,14178.39,370.2,0.0,316.0,604.0
2007-05-20 17:00:00,103.324,8.926,14152.71,446.6,0.0,675.0,0.0
2007-05-20 18:00:00,146.874,15.796,14048.11,643.6,1222.0,34.0,214.0
2007-05-20 19:00:00,189.574,16.112000000000002,13950.9,827.4,725.0,42.0,995.0
2007-05-20 20:00:00,172.634,15.008,14045.46,741.8,443.0,1.0,1008.0
2007-05-20 21:00:00,245.83599999999998,20.986,13865.34,1071.6,1194.0,33.0,983.0
2007-05-20 22:00:00,151.974,12.298,14036.17,654.2,415.0,46.0,1007.0
2007-05-20 23:00:00,115.46600000000001,8.736,14161.77,490.2,496.0,41.0,1024.0
2007-05-21 00:00:00,59.458,6.574,14173.22,250.2,0.0,42.0,636.0
2007-05-21 01:00:00,18.032,3.684,14211.38,75.6,0.0,2.0,0.0
2007-05-21 02:00:00,19.864,6.284,14119.3,86.6,0.0,38.0,0.0
2007-05-21 03:00:00,18.68,3.902,14135.7,79.2,0.0,21.0,0.0
2007-05-21 04:00:00,18.38,3.848,14096.89,78.8,0.0,16.0,0.0
2007-05-21 05:00:00,20.026,5.126,14034.65,87.6,0.0,35.0,0.0
2007-05-21 06:00:00,26.098,3.392,14112.16,116.0,0.0,0.0,0.0
2007-05-21 07:00:00,95.254,7.256,13940.91,413.6,0.0,36.0,523.0
2007-05-21 08:00:00,78.01,3.894,13908.15,333.2,0.0,0.0,989.0
2007-05-21 09:00:00,78.164,4.952,13851.24,336.2,0.0,34.0,981.0
2007-05-21 10:00:00,77.032,2.942,13953.66,327.6,0.0,8.0,995.0
2007-05-21 11:00:00,77.676,3.824,13921.36,331.2,0.0,27.0,990.0
2007-05-21 12:00:00,24.84,4.284,14036.34,108.4,0.0,19.0,122.0
2007-05-21 13:00:00,18.012,4.864,14035.73,80.4,0.0,15.0,0.0
2007-05-21 14:00:00,18.772,5.95,14027.13,84.4,0.0,29.0,0.0
2007-05-21 15:00:00,16.63,3.286,14153.96,73.4,0.0,6.0,0.0
2007-05-21 16:00:00,18.528,5.28,14138.53,80.2,0.0,35.0,0.0
2007-05-21 17:00:00,17.672,4.236,14213.32,77.6,0.0,0.0,0.0
2007-05-21 18:00:00,21.144,7.322,14158.03,94.8,0.0,35.0,0.0
2007-05-21 19:00:00,29.04,4.714,14066.36,132.4,0.0,0.0,0.0
2007-05-21 20:00:00,85.038,5.824,14110.72,365.0,0.0,36.0,844.0
2007-05-21 21:00:00,107.22,5.812,14117.48,455.0,0.0,0.0,1018.0
2007-05-21 22:00:00,101.232,6.48,14178.880000000001,425.8,0.0,34.0,1026.0
2007-05-21 23:00:00,75.26,3.55,14261.25,314.4,0.0,0.0,936.0
2007-05-22 00:00:00,18.194,6.268,14151.15,80.2,0.0,35.0,0.0
2007-05-22 01:00:00,16.338,2.898,14095.87,68.4,0.0,1.0,0.0
2007-05-22 02:00:00,29.830000000000002,4.538,14160.23,127.8,0.0,33.0,198.0
2007-05-22 03:00:00,40.48,3.41,14175.38,169.4,0.0,11.0,402.0
2007-05-22 04:00:00,17.002,4.194,14141.7,71.6,0.0,23.0,0.0
2007-05-22 05:00:00,17.238,3.922,14140.14,72.8,0.0,20.0,0.0
2007-05-22 06:00:00,46.536,4.48,14170.68,203.8,0.0,15.0,0.0
2007-05-22 07:00:00,104.012,2.756,14043.85,447.0,441.0,27.0,884.0
2007-05-22 08:00:00,75.724,1.99,13998.28,335.2,490.0,7.0,318.0
2007-05-22 09:00:00,42.894,5.164,14088.0,196.8,0.0,34.0,207.0
2007-05-22 10:00:00,57.904,2.92,14083.35,244.2,0.0,0.0,690.0
2007-05-22 11:00:00,17.31,5.35,14035.19,76.4,0.0,34.0,0.0
2007-05-22 12:00:00,15.858,2.848,14140.42,66.2,0.0,0.0,0.0
2007-05-22 13:00:00,18.274,4.578,14145.13,79.39999999999999,0.0,35.0,0.0
2007-05-22 14:00:00,16.182,2.838,14114.86,66.4,0.0,0.0,0.0
2007-05-22 15:00:00,17.913999999999998,5.674,14178.539999999999,75.2,0.0,35.0,0.0
2007-05-22 16:00:00,15.828,2.786,14158.22,65.6,0.0,0.0,0.0
2007-05-22 17:00:00,18.418,5.472,14235.27,81.2,0.0,35.0,0.0
2007-05-22 18:00:00,37.804,2.854,14133.04,159.0,0.0,0.0,349.0
2007-05-22 19:00:00,80.176,13.812,14112.14,351.8,0.0,485.0,225.0
2007-05-22 20:00:00,173.856,14.686,14063.81,750.0,0.0,1770.0,0.0
2007-05-22 21:00:00,86.52,7.244,14062.66,374.6,0.0,218.0,273.0
2007-05-22 22:00:00,149.43,12.486,14089.33,648.2,0.0,1119.0,438.0
2007-05-22 23:00:00,19.13,5.748,14374.79,84.6,0.0,29.0,0.0
2007-05-23 00:00:00,20.324,6.9239999999999995,14238.9,91.2,0.0,75.0,0.0
2007-05-23 01:00:00,16.078,4.914,14143.11,69.8,0.0,9.0,0.0
2007-05-23 02:00:00,19.928,6.76,14152.26,89.0,0.0,48.0,0.0
2007-05-23 03:00:00,17.322,3.738,14176.35,73.2,0.0,15.0,0.0
2007-05-23 04:00:00,18.15,4.714,14141.210000000001,78.4,0.0,42.0,0.0
2007-05-23 05:00:00,17.706,4.046,14107.91,76.4,0.0,31.0,0.0
2007-05-23 06:00:00,73.83,3.024,14019.52,320.8,0.0,17.0,586.0
2007-05-23 07:00:00,87.644,6.988,14168.68,371.4,18.0,36.0,889.0
2007-05-23 08:00:00,147.24,2.14,13894.3,639.6,896.0,0.0,987.0
2007-05-23 09:00:00,86.624,3.268,13956.4,372.4,1.0,35.0,996.0
2007-05-23 10:00:00,78.84,2.15,13955.76,336.6,0.0,0.0,995.0
2007-05-23 11:00:00,95.014,11.472,13900.34,410.2,19.0,34.0,988.0
2007-05-23 12:00:00,70.688,8.193999999999999,13897.039999999999,307.8,0.0,280.0,426.0
2007-05-23 13:00:00,64.05,10.998,14006.3,281.8,0.0,577.0,0.0
2007-05-23 14:00:00,129.494,6.696,14014.8,556.6,0.0,1853.0,0.0
2007-05-23 15:00:00,50.268,7.336,14162.74,223.6,0.0,559.0,0.0
2007-05-23 16:00:00,20.66,7.91,14255.69,91.0,0.0,39.0,0.0
2007-05-23 17:00:00,17.238,5.84,14231.53,72.60000000000001,0.0,0.0,0.0
2007-05-23 18:00:00,39.818,10.864,14157.5,173.20000000000002,0.0,37.0,214.0
2007-05-23 19:00:00,64.692,13.036,14054.59,281.6,0.0,3.0,542.0
2007-05-23 20:00:00,77.066,18.88,14157.98,337.6,0.0,34.0,0.0
2007-05-23 21:00:00,115.216,3.902,14022.62,496.4,0.0,19.0,710.0
2007-05-23 22:00:00,73.776,6.166,14065.47,315.0,22.0,16.0,261.0
2007-05-23 23:00:00,63.27,5.918,14248.99,266.2,0.0,33.0,525.0
2007-05-24 00:00:00,17.778,6.39,14328.77,75.4,0.0,3.0,0.0
2007-05-24 01:00:00,18.882,6.83,14269.82,80.6,0.0,36.0,0.0
2007-05-24 02:00:00,15.282,4.45,14174.61,62.800000000000004,0.0,0.0,0.0
2007-05-24 03:00:00,17.522,7.004,14178.83,76.4,0.0,35.0,0.0
2007-05-24 04:00:00,16.808,5.048,14176.74,71.0,0.0,0.0,0.0
2007-05-24 05:00:00,18.759999999999998,5.988,14218.43,80.8,0.0,35.0,0.0
2007-05-24 06:00:00,29.974,4.0120000000000005,14165.42,127.6,0.0,8.0,3.0
2007-05-24 07:00:00,94.812,4.38,13984.6,404.0,1.0,27.0,1002.0
2007-05-24 08:00:00,116.732,4.376,13945.88,501.8,600.0,20.0,994.0
2007-05-24 09:00:00,98.816,5.96,13893.14,425.4,354.0,14.0,986.0
2007-05-24 10:00:00,40.276,6.498,13950.12,177.4,0.0,33.0,361.0
2007-05-24 11:00:00,16.006,2.622,14007.36,72.0,0.0,2.0,0.0
2007-05-24 12:00:00,18.682,5.422000000000001,14091.43,81.0,0.0,35.0,0.0
2007-05-24 13:00:00,17.126,3.566,14202.78,74.39999999999999,0.0,0.0,0.0
2007-05-24 14:00:00,19.278,5.938,14040.07,83.8,0.0,36.0,0.0
2007-05-24 15:00:00,16.544,3.0,14055.89,73.6,0.0,0.0,0.0
2007-05-24 16:00:00,18.444,5.718,14157.52,83.2,0.0,36.0,0.0
2007-05-24 17:00:00,17.636,4.168,14274.75,76.39999999999999,0.0,5.0,0.0
2007-05-24 18:00:00,20.432,6.258,14218.02,92.6,0.0,40.0,7.0
2007-05-24 19:00:00,88.392,7.814,14100.59,384.4,0.0,365.0,686.0
2007-05-24 20:00:00,94.688,7.596,14216.45,411.0,0.0,1044.0,0.0
2007-05-24 21:00:00,154.188,8.784,14063.95,666.4,0.0,980.0,592.0
2007-05-24 22:00:00,145.624,4.824,14141.23,622.6,0.0,1041.0,115.0
2007-05-24 23:00:00,41.705999999999996,8.914,14329.93,180.8,0.0,321.0,0.0
2007-05-25 00:00:00,20.45,5.004,14270.25,88.0,0.0,57.0,0.0
2007-05-25 01:00:00,18.226,4.412,14226.7,78.0,0.0,30.0,0.0
2007-05-25 02:00:00,48.42,5.396,14198.13,204.0,0.0,49.0,484.0
2007-05-25 03:00:00,24.562,2.822,14247.21,104.2,0.0,10.0,126.0
2007-05-25 04:00:00,19.314,6.296,14237.34,84.2,0.0,50.0,0.0
2007-05-25 05:00:00,17.312,3.484,14216.33,73.0,0.0,10.0,0.0
2007-05-25 06:00:00,81.52,6.956,14212.22,349.0,0.0,43.0,459.0
2007-05-25 07:00:00,113.27,4.086,13957.63,487.8,358.0,11.0,996.0
2007-05-25 08:00:00,109.296,4.35,13912.62,471.0,529.0,26.0,989.0
2007-05-25 09:00:00,77.91,4.648,13865.03,334.2,0.0,26.0,982.0
2007-05-25 10:00:00,51.176,3.702,13927.79,220.0,0.0,11.0,558.0
2007-05-25 11:00:00,18.602,5.638,14053.86,81.6,0.0,37.0,0.0
2007-05-25 12:00:00,16.89,3.168,14038.11,74.2,0.0,0.0,0.0
2007-05-25 13:00:00,19.43,6.152,13926.84,85.6,0.0,38.0,0.0
2007-05-25 14:00:00,17.73,4.606,13943.22,82.0,0.0,0.0,0.0
2007-05-25 15:00:00,20.126,7.2379999999999995,14125.65,88.2,0.0,38.0,0.0
2007-05-25 16:00:00,17.36,4.1899999999999995,14107.39,77.6,0.0,5.0,0.0
2007-05-25 17:00:00,24.276,7.6739999999999995,14096.95,106.8,0.0,33.0,49.0
2007-05-25 18:00:00,105.83800000000001,9.424,13968.26,458.0,488.0,20.0,603.0
2007-05-25 19:00:00,172.364,22.866,13978.82,756.1999999999999,1116.0,17.0,0.0
2007-05-25 20:00:00,214.396,17.68,13995.39,928.0,1609.0,33.0,890.0
2007-05-25 21:00:00,268.484,15.596,13710.39,1173.4,2902.0,4.0,403.0
2007-05-25 22:00:00,118.858,14.16,14040.35,519.6,1048.0,38.0,0.0
2007-05-25 23:00:00,18.41,5.04,14347.49,78.8,10.0,0.0,0.0
2007-05-26 00:00:00,19.338,6.736,14331.14,85.4,0.0,37.0,0.0
2007-05-26 01:00:00,41.346000000000004,3.266,14149.9,176.4,0.0,0.0,409.0
2007-05-26 02:00:00,29.586000000000002,5.66,14120.28,131.2,0.0,37.0,189.0
2007-05-26 03:00:00,18.02,5.234,14208.09,83.2,0.0,10.0,0.0
2007-05-26 04:00:00,18.91,6.126,14168.2,85.0,0.0,27.0,0.0
2007-05-26 05:00:00,17.724,4.544,14191.0,77.2,0.0,24.0,0.0
2007-05-26 06:00:00,17.568,4.214,14162.18,76.39999999999999,0.0,13.0,0.0
2007-05-26 07:00:00,18.554,4.9719999999999995,14050.79,84.4,0.0,35.0,0.0
2007-05-26 08:00:00,39.282000000000004,4.398,14072.55,176.4,0.0,2.0,0.0
2007-05-26 09:00:00,127.562,5.662,14020.04,550.2,0.0,764.0,871.0
2007-05-26 10:00:00,26.266,5.3,14165.9,115.6,0.0,63.0,0.0
2007-05-26 11:00:00,62.884,8.322,14093.71,277.2,0.0,643.0,0.0
2007-05-26 12:00:00,98.39,11.628,14169.15,427.2,0.0,855.0,348.0
2007-05-26 13:00:00,108.772,10.388,14153.09,463.6,0.0,14.0,1022.0
2007-05-26 14:00:00,97.898,9.744,13942.99,424.8,0.0,41.0,993.0
2007-05-26 15:00:00,113.834,5.574,13987.06,491.2,431.0,8.0,998.0
2007-05-26 16:00:00,56.848,11.304,14125.82,249.2,316.0,31.0,220.0
2007-05-26 17:00:00,56.184,11.092,14139.97,250.0,460.0,29.0,0.0
2007-05-26 18:00:00,23.242,6.358,14210.12,102.6,0.0,10.0,0.0
2007-05-26 19:00:00,127.89,14.752,14017.1,564.0,1159.0,37.0,223.0
2007-05-26 20:00:00,84.908,9.042,13942.1,365.8,7.0,0.0,669.0
2007-05-26 21:00:00,97.794,5.436,14015.19,417.8,0.0,37.0,920.0
2007-05-26 22:00:00,121.742,5.474,13984.380000000001,522.8,0.0,0.0,999.0
2007-05-26 23:00:00,87.706,9.014,14079.89,372.8,0.0,37.0,767.0
2007-05-27 00:00:00,25.058,5.656,14253.9,106.6,0.0,11.0,0.0
2007-05-27 01:00:00,19.148,5.986,14146.31,84.4,0.0,25.0,0.0
2007-05-27 02:00:00,18.814,5.42,14170.36,83.39999999999999,0.0,24.0,0.0
2007-05-27 03:00:00,17.174,3.52,14215.6,74.0,0.0,12.0,0.0
2007-05-27 04:00:00,19.868,6.374,14226.26,86.6,0.0,35.0,0.0
2007-05-27 05:00:00,21.636,4.338,14291.47,93.8,0.0,0.0,0.0
2007-05-27 06:00:00,35.05,6.8999999999999995,14302.43,151.4,0.0,36.0,0.0
2007-05-27 07:00:00,27.282,3.344,14261.65,130.4,0.0,0.0,0.0
2007-05-27 08:00:00,69.64,5.204,14033.4,309.8,0.0,35.0,151.0
2007-05-27 09:00:00,66.93599999999999,4.136,14002.41,294.0,0.0,0.0,520.0
2007-05-27 10:00:00,30.258,3.886,13937.44,143.4,0.0,34.0,0.0
2007-05-27 11:00:00,57.036,2.836,13965.2,261.2,0.0,429.0,0.0
2007-05-27 12:00:00,133.618,13.67,13920.61,582.4,370.0,115.0,930.0
2007-05-27 13:00:00,76.894,5.2459999999999996,14131.5,334.6,3.0,14.0,594.0
2007-05-27 14:00:00,231.41,16.96,13884.95,1006.4,792.0,1394.0,985.0
2007-05-27 15:00:00,224.846,21.142,13967.44,973.2,536.0,1508.0,997.0
2007-05-27 16:00:00,147.016,15.438,14078.98,630.8,717.0,17.0,1012.0
2007-05-27 17:00:00,246.848,26.364,13965.46,1076.2,794.0,1286.0,997.0
2007-05-27 18:00:00,169.114,23.114,13905.54,741.8,283.0,300.0,988.0
2007-05-27 19:00:00,119.048,16.062,14098.52,508.2,3.0,79.0,1015.0
2007-05-27 20:00:00,117.588,9.12,14131.19,499.6,0.0,10.0,1019.0
2007-05-27 21:00:00,155.554,7.59,14047.08,666.0,406.0,74.0,1008.0
2007-05-27 22:00:00,94.856,4.308,14124.01,406.0,462.0,72.0,228.0
2007-05-27 23:00:00,29.116,3.28,14206.44,125.2,0.0,24.0,0.0
2007-05-28 00:00:00,24.868,6.834,14133.66,109.0,0.0,47.0,0.0
2007-05-28 01:00:00,28.296,3.6,14159.11,121.8,0.0,0.0,142.0
2007-05-28 02:00:00,54.39,6.524,14157.44,232.20000000000002,0.0,42.0,502.0
2007-05-28 03:00:00,19.866,5.542,14253.38,86.6,0.0,20.0,0.0
2007-05-28 04:00:00,19.326,5.138,14247.28,84.8,0.0,19.0,0.0
2007-05-28 05:00:00,19.518,5.374,14230.19,86.8,0.0,37.0,0.0
2007-05-28 06:00:00,17.688,2.452,14233.66,74.6,0.0,0.0,0.0
2007-05-28 07:00:00,32.836,5.918,14042.86,153.2,0.0,36.0,0.0
2007-05-28 08:00:00,20.018,3.49,13978.23,90.6,0.0,0.0,0.0
2007-05-28 09:00:00,81.962,6.138,13810.78,356.8,0.0,35.0,883.0
2007-05-28 10:00:00,79.278,5.648,13947.71,337.4,0.0,0.0,995.0
2007-05-28 11:00:00,79.318,1.988,13886.52,338.59999999999997,0.0,35.0,985.0
2007-05-28 12:00:00,79.844,3.078,13924.25,339.0,0.0,2.0,991.0
2007-05-28 13:00:00,111.91199999999999,5.886,13980.1,482.0,470.0,32.0,843.0
2007-05-28 14:00:00,61.44,9.776,13999.3,284.2,274.0,25.0,0.0
2007-05-28 15:00:00,55.135999999999996,5.486,14179.8,238.6,454.0,10.0,0.0
2007-05-28 16:00:00,67.274,4.934,14160.37,291.8,491.0,34.0,0.0
2007-05-28 17:00:00,65.592,4.062,14158.03,277.6,0.0,0.0,704.0
2007-05-28 18:00:00,167.712,17.222,14024.32,728.0,1117.0,33.0,1005.0
2007-05-28 19:00:00,166.618,15.55,14064.17,722.8,616.0,0.0,1011.0
2007-05-28 20:00:00,144.104,8.768,14065.47,617.8,1.0,33.0,1010.0
2007-05-28 21:00:00,140.936,4.774,14094.38,607.6,462.0,0.0,515.0
2007-05-28 22:00:00,53.774,7.976,14282.15,230.4,218.0,33.0,0.0
2007-05-28 23:00:00,45.762,4.942,14252.31,195.4,451.0,0.0,0.0
2007-05-29 00:00:00,24.384,5.03,14180.25,104.6,0.0,33.0,86.0
2007-05-29 01:00:00,45.942,4.576,14203.94,192.8,0.0,0.0,486.0
2007-05-29 02:00:00,19.296,6.338,14246.58,85.2,0.0,32.0,0.0
2007-05-29 03:00:00,18.248,4.37,14272.22,77.0,0.0,6.0,0.0
2007-05-29 04:00:00,19.008,4.64,14197.59,79.8,0.0,27.0,0.0
2007-05-29 05:00:00,17.716,3.608,14200.92,75.6,0.0,11.0,0.0
2007-05-29 06:00:00,75.57000000000001,4.8,14139.9,324.6,0.0,21.0,516.0
2007-05-29 07:00:00,67.442,4.82,14209.88,287.8,0.0,17.0,519.0
2007-05-29 08:00:00,92.634,2.566,13952.55,396.8,0.0,15.0,995.0
2007-05-29 09:00:00,53.628,3.436,13886.52,239.4,0.0,22.0,109.0
2007-05-29 10:00:00,47.478,4.948,13965.0,213.8,0.0,9.0,0.0
2007-05-29 11:00:00,51.704,6.012,14016.96,232.6,0.0,27.0,0.0
2007-05-29 12:00:00,40.116,4.052,14183.05,190.2,0.0,5.0,0.0
2007-05-29 13:00:00,18.314,5.36,14257.98,78.4,0.0,32.0,0.0
2007-05-29 14:00:00,16.582,3.0180000000000002,14129.94,72.39999999999999,0.0,1.0,0.0
2007-05-29 15:00:00,18.042,5.008,14176.92,80.2,0.0,32.0,0.0
2007-05-29 16:00:00,16.498,3.028,14111.74,73.39999999999999,0.0,0.0,0.0
2007-05-29 17:00:00,53.44,6.204,14111.22,229.2,0.0,33.0,569.0
2007-05-29 18:00:00,17.966,4.446,14223.84,81.0,0.0,0.0,0.0
2007-05-29 19:00:00,41.168,5.7,14096.94,184.2,0.0,321.0,0.0
2007-05-29 20:00:00,41.038,4.644,14185.07,181.0,0.0,69.0,0.0
2007-05-29 21:00:00,148.814,7.038,14024.47,645.0,0.0,1158.0,97.0
2007-05-29 22:00:00,97.678,3.63,14107.65,414.0,0.0,1.0,955.0
2007-05-29 23:00:00,18.634,5.9719999999999995,14318.73,79.4,0.0,35.0,0.0
2007-05-30 00:00:00,16.224,3.578,14191.95,67.8,0.0,0.0,0.0
2007-05-30 01:00:00,17.822,5.098,14173.86,75.4,0.0,33.0,0.0
2007-05-30 02:00:00,15.786,4.454,14162.72,66.0,0.0,10.0,0.0
2007-05-30 03:00:00,16.464,4.73,14184.15,69.2,0.0,23.0,0.0
2007-05-30 04:00:00,16.848,4.838,14185.66,71.0,0.0,18.0,0.0
2007-05-30 05:00:00,16.738,4.694,14188.6,71.0,0.0,14.0,0.0
2007-05-30 06:00:00,82.07,4.609999999999999,14119.6,350.8,0.0,26.0,638.0
2007-05-30 07:00:00,117.066,3.52,14010.1,502.0,465.0,6.0,1003.0
2007-05-30 08:00:00,110.622,5.53,13927.49,476.2,484.0,32.0,992.0
2007-05-30 09:00:00,75.876,4.482,13979.69,324.8,0.0,0.0,999.0
2007-05-30 10:00:00,77.598,4.744,13939.6,331.0,0.0,33.0,993.0
2007-05-30 11:00:00,88.032,8.124,14027.27,375.0,0.0,0.0,1005.0
2007-05-30 12:00:00,89.614,12.674,14029.86,384.6,0.0,32.0,1006.0
2007-05-30 13:00:00,42.424,6.69,14031.88,186.4,0.0,0.0,307.0
2007-05-30 14:00:00,18.25,5.324,14031.72,85.4,0.0,32.0,0.0
2007-05-30 15:00:00,44.548,3.06,14142.77,197.8,0.0,455.0,0.0
2007-05-30 16:00:00,95.758,7.4879999999999995,14128.96,413.8,0.0,1272.0,0.0
2007-05-30 17:00:00,155.904,7.01,14040.65,671.0,0.0,1640.0,653.0
2007-05-30 18:00:00,40.75,5.552,14145.95,180.6,0.0,231.0,118.0
2007-05-30 19:00:00,94.1,10.204,14045.78,410.6,0.0,951.0,0.0
2007-05-30 20:00:00,133.234,10.748,13975.82,588.0,0.0,1027.0,0.0
2007-05-30 21:00:00,133.74,8.26,14092.44,578.6,756.0,65.0,0.0
2007-05-30 22:00:00,66.838,6.846,14095.41,287.2,202.0,32.0,0.0
2007-05-30 23:00:00,43.56,4.8,14305.28,188.8,343.0,16.0,90.0
2007-05-31 00:00:00,55.982,5.204,14141.65,236.0,0.0,34.0,643.0
2007-05-31 01:00:00,15.552,3.4459999999999997,14076.18,64.4,0.0,0.0,0.0
2007-05-31 02:00:00,18.248,4.602,14106.92,77.4,0.0,34.0,0.0
2007-05-31 03:00:00,15.886,2.85,14163.53,64.6,0.0,0.0,0.0
2007-05-31 04:00:00,17.252,4.784,14130.82,73.6,0.0,34.0,0.0
2007-05-31 05:00:00,15.574,2.348,14141.42,64.4,0.0,0.0,0.0
2007-05-31 06:00:00,42.076,4.6899999999999995,14063.16,187.20000000000002,0.0,33.0,0.0
2007-05-31 07:00:00,52.236000000000004,3.536,14101.82,223.4,0.0,0.0,452.0
2007-05-31 08:00:00,68.254,7.372,14116.12,290.0,0.0,34.0,762.0
2007-05-31 09:00:00,15.578,4.486,13986.01,66.0,0.0,8.0,0.0
2007-05-31 10:00:00,16.47,4.646,14029.69,69.8,0.0,24.0,0.0
2007-05-31 11:00:00,16.506,4.822,14105.84,69.60000000000001,0.0,18.0,0.0
2007-05-31 12:00:00,17.362000000000002,5.5,14116.93,75.6,0.0,16.0,0.0
2007-05-31 13:00:00,17.41,5.426,14105.91,76.0,0.0,27.0,0.0
2007-05-31 14:00:00,15.404,2.5500000000000003,14056.14,64.2,0.0,6.0,0.0
2007-05-31 15:00:00,17.998,5.574,14236.82,78.0,0.0,34.0,0.0
2007-05-31 16:00:00,15.112,2.528,14180.57,61.6,0.0,0.0,0.0
2007-05-31 17:00:00,32.910000000000004,4.12,14057.25,140.6,0.0,33.0,244.0
2007-05-31 18:00:00,63.5,3.282,13958.97,274.6,0.0,0.0,506.0
2007-05-31 19:00:00,78.024,17.6,13989.52,344.8,0.0,54.0,0.0
2007-05-31 20:00:00,101.002,6.214,14105.7,435.2,439.0,16.0,0.0
2007-05-31 21:00:00,119.978,9.104,14110.960000000001,516.2,496.0,29.0,23.0
2007-05-31 22:00:00,88.98,9.272,14175.44,374.8,0.0,41.0,922.0
2007-05-31 23:00:00,21.256,5.63,14281.63,92.2,0.0,2.0,0.0
2007-06-01 00:00:00,20.346,9.356,14242.88,90.60000000000001,0.0,37.0,0.0
2007-06-01 01:00:00,19.514,7.2620000000000005,14120.27,84.60000000000001,0.0,32.0,0.0
2007-06-01 02:00:00,17.584,4.326,14162.48,73.2,0.0,5.0,0.0
2007-06-01 03:00:00,19.618,6.528,14151.64,86.2,0.0,36.0,0.0
2007-06-01 04:00:00,16.154,3.89,14158.64,67.8,0.0,0.0,0.0
2007-06-01 05:00:00,19.22,7.268,14098.3,86.0,0.0,36.0,0.0
2007-06-01 06:00:00,90.294,7.0920000000000005,14053.34,391.59999999999997,0.0,19.0,737.0
2007-06-01 07:00:00,105.152,4.556,13962.05,451.0,0.0,15.0,997.0
2007-06-01 08:00:00,79.918,5.906,14044.97,337.2,0.0,34.0,1008.0
2007-06-01 09:00:00,77.078,3.888,13919.14,329.2,0.0,0.0,990.0
2007-06-01 10:00:00,79.682,6.478,13949.71,341.0,0.0,33.0,995.0
2007-06-01 11:00:00,76.624,3.7800000000000002,13997.19,325.6,0.0,0.0,1001.0
2007-06-01 12:00:00,71.282,6.544,14073.61,303.2,0.0,34.0,863.0
2007-06-01 13:00:00,17.936,4.736,14128.36,80.39999999999999,0.0,0.0,0.0
2007-06-01 14:00:00,18.832,5.864,14102.27,81.8,0.0,34.0,0.0
2007-06-01 15:00:00,17.046,3.696,14195.97,75.8,0.0,6.0,0.0
2007-06-01 16:00:00,19.196,6.678,14206.59,86.2,0.0,28.0,0.0
2007-06-01 17:00:00,19.418,5.724,14129.32,88.2,0.0,16.0,0.0
2007-06-01 18:00:00,20.668,4.146,14140.78,92.2,0.0,17.0,0.0
2007-06-01 19:00:00,34.120936625283704,8.767728655462513,14130.568980764514,155.37475522542618,1.3324807586746552,26.670610311092425,0.0
2007-06-01 20:00:00,81.42,6.808,14167.19,344.8,0.0,9.0,980.0
2007-06-01 21:00:00,59.268,7.224,14121.84,257.0,0.0,33.0,93.0
2007-06-01 22:00:00,46.606,6.42,14218.7,200.0,0.0,0.0,0.0
2007-06-01 23:00:00,19.105999999999998,6.368,14393.66,88.2,0.0,34.0,0.0
2007-06-02 00:00:00,29.348,2.886,14210.74,124.8,0.0,0.0,0.0
2007-06-02 01:00:00,18.444,5.58,14136.77,80.4,0.0,33.0,0.0
2007-06-02 02:00:00,16.288,2.7359999999999998,14134.41,71.8,0.0,0.0,0.0
2007-06-02 03:00:00,18.784,5.854,14241.04,81.8,0.0,33.0,0.0
2007-06-02 04:00:00,38.436,2.714,14186.15,163.79999999999998,0.0,0.0,364.0
2007-06-02 05:00:00,41.044,4.926,14210.17,175.2,0.0,33.0,383.0
2007-06-02 06:00:00,16.6,3.0420000000000003,14241.81,71.39999999999999,0.0,0.0,0.0
2007-06-02 07:00:00,38.654,4.744,14048.97,172.6,0.0,32.0,0.0
2007-06-02 08:00:00,28.366,2.936,14096.07,128.6,0.0,2.0,0.0
2007-06-02 09:00:00,144.042,5.218,13968.31,618.8,0.0,474.0,836.0
2007-06-02 10:00:00,71.362,5.522,13927.86,307.6,13.0,8.0,48.0
2007-06-02 11:00:00,119.378,14.65,13872.47,519.4,942.0,30.0,0.0
2007-06-02 12:00:00,23.84,4.824,13987.53,108.39999999999999,27.0,21.0,0.0
2007-06-02 13:00:00,53.418,7.254,14112.4,242.4,0.0,256.0,0.0
2007-06-02 14:00:00,73.232,5.112,14017.65,314.8,0.0,131.0,654.0
2007-06-02 15:00:00,87.208,5.19,14027.71,371.0,0.0,3.0,1006.0
2007-06-02 16:00:00,84.714,7.7,14104.75,356.4,0.0,35.0,1016.0
2007-06-02 17:00:00,159.69,15.328,13888.56,700.0,1137.0,11.0,986.0
2007-06-02 18:00:00,118.332,17.816,13984.31,514.2,377.0,37.0,999.0
2007-06-02 19:00:00,189.126,20.518,13926.16,828.8,1474.0,35.0,991.0
2007-06-02 20:00:00,44.128,3.364,14033.34,188.4,1.0,3.0,350.0
2007-06-02 21:00:00,23.5,6.648,14070.49,102.8,0.0,37.0,0.0
2007-06-02 22:00:00,21.582,4.282,13954.48,91.2,0.0,0.0,0.0
2007-06-02 23:00:00,24.846,7.264,14253.25,108.0,0.0,36.0,0.0
2007-06-03 00:00:00,35.652,7.65,14201.3,154.2,0.0,15.0,0.0
2007-06-03 01:00:00,53.558,5.474,14228.17,225.4,0.0,20.0,575.0
2007-06-03 02:00:00,25.086,5.744,14320.04,108.4,0.0,28.0,111.0
2007-06-03 03:00:00,17.094,3.0540000000000003,14232.7,73.2,0.0,7.0,0.0
2007-06-03 04:00:00,19.232,6.022,14144.73,84.4,0.0,35.0,0.0
2007-06-03 05:00:00,16.346,2.716,14198.7,72.6,0.0,0.0,0.0
2007-06-03 06:00:00,18.554,5.516,14211.31,82.6,0.0,35.0,0.0
2007-06-03 07:00:00,16.246,2.9819999999999998,14128.65,74.2,0.0,0.0,0.0
2007-06-03 08:00:00,40.344,5.664,14055.93,181.6,0.0,35.0,0.0
2007-06-03 09:00:00,60.69,3.216,14082.77,264.0,0.0,208.0,356.0
2007-06-03 10:00:00,124.222,6.914,13911.86,535.6,0.0,540.0,989.0
2007-06-03 11:00:00,191.39,13.854000000000001,13835.01,838.6,1627.0,107.0,979.0
2007-06-03 12:00:00,154.748,12.158,13904.92,673.6,311.0,923.0,988.0
2007-06-03 13:00:00,227.54999999999998,18.366,13898.63,997.2,1106.0,1237.0,987.0
2007-06-03 14:00:00,99.552,9.568,14060.43,426.8,65.0,68.0,996.0
2007-06-03 15:00:00,68.194,3.79,14170.69,294.4,528.0,7.0,287.0
2007-06-03 16:00:00,82.846,9.574,14203.24,357.0,542.0,42.0,434.0
2007-06-03 17:00:00,59.147999999999996,8.234,14120.47,256.2,0.0,68.0,351.0
2007-06-03 18:00:00,78.696,3.4,13953.98,343.4,0.0,20.0,711.0
2007-06-03 19:00:00,94.458,11.374,14012.56,410.0,0.0,0.0,0.0
2007-06-03 20:00:00,95.71600000000001,7.734,14008.24,412.4,322.0,39.0,269.0
2007-06-03 21:00:00,216.378,11.65,13941.23,934.8,484.0,1025.0,301.0
2007-06-03 22:00:00,202.996,7.402,13999.07,874.8,0.0,1715.0,0.0
2007-06-03 23:00:00,109.33,10.402,14233.19,472.8,0.0,1355.0,0.0
2007-06-04 00:00:00,21.21,10.068,14298.57,96.4,0.0,91.0,0.0
2007-06-04 01:00:00,20.89,8.918,14167.3,95.0,0.0,93.0,0.0
2007-06-04 02:00:00,15.866,3.158,14045.289999999999,69.6,0.0,10.0,0.0
2007-06-04 03:00:00,47.1,3.044,14105.81,199.0,0.0,9.0,510.0
2007-06-04 04:00:00,19.686,8.154,14103.52,89.2,0.0,78.0,0.0
2007-06-04 05:00:00,18.31,6.986,14088.58,83.4,0.0,55.0,0.0
2007-06-04 06:00:00,32.43,4.344,14106.14,147.2,0.0,10.0,0.0
2007-06-04 07:00:00,89.484,6.016,13959.6,387.0,0.0,6.0,660.0
2007-06-04 08:00:00,79.254,9.991999999999999,13920.1,338.8,0.0,73.0,991.0
2007-06-04 09:00:00,76.078,6.292,13877.93,325.8,0.0,25.0,984.0
2007-06-04 10:00:00,57.846,4.274,13901.29,248.20000000000002,0.0,0.0,710.0
2007-06-04 11:00:00,15.964,5.652,14006.97,73.2,0.0,26.0,0.0
2007-06-04 12:00:00,18.598,9.56,14110.2,85.0,0.0,69.0,0.0
2007-06-04 13:00:00,16.068,5.332,14087.84,69.6,0.0,12.0,0.0
2007-06-04 14:00:00,14.628,3.62,14118.17,61.8,0.0,0.0,0.0
2007-06-04 15:00:00,17.182,7.088,14175.91,78.2,0.0,40.0,0.0
2007-06-04 16:00:00,18.868,10.144,14150.8,86.2,0.0,69.0,0.0
2007-06-04 17:00:00,15.582,4.912,14127.74,69.2,0.0,2.0,0.0
2007-06-04 18:00:00,98.836,9.664,14033.31,432.4,1030.0,0.0,172.0
2007-06-04 19:00:00,90.792,23.972,13953.53,414.8,450.0,50.0,506.0
2007-06-04 20:00:00,34.212,22.396,14136.76,170.79999999999998,26.0,68.0,0.0
2007-06-04 21:00:00,30.387999999999998,15.842,14122.31,146.4,26.0,0.0,0.0
2007-06-04 22:00:00,29.11,14.086,14078.7,137.6,26.0,0.0,0.0
2007-06-04 23:00:00,33.236,19.678,14360.85,159.2,27.0,50.0,0.0
2007-06-05 00:00:00,94.522,11.986,14173.76,401.0,2.0,66.0,751.0
2007-06-05 01:00:00,28.15,3.84,14161.43,118.2,0.0,0.0,218.0
2007-06-05 02:00:00,15.256,3.9659999999999997,14159.75,63.6,0.0,0.0,0.0
2007-06-05 03:00:00,18.654,8.76,14126.289999999999,85.6,0.0,52.0,0.0
2007-06-05 04:00:00,19.522,10.618,14119.7,89.8,0.0,58.0,0.0
2007-06-05 05:00:00,14.788,3.932,14158.88,64.4,0.0,0.0,0.0
2007-06-05 06:00:00,68.224,3.792,14071.4,294.4,0.0,0.0,504.0
2007-06-05 07:00:00,85.05,10.332,14044.36,364.0,0.0,58.0,1007.0
2007-06-05 08:00:00,78.792,8.58,13900.25,337.40000000000003,0.0,47.0,987.0
2007-06-05 09:00:00,41.094,4.53,14004.93,175.0,0.0,0.0,400.0
2007-06-05 10:00:00,87.816,11.888,13879.3,400.2,1070.0,0.0,0.0
2007-06-05 11:00:00,95.87,22.56,13899.1,442.2,764.0,305.0,0.0
2007-06-05 12:00:00,25.01,9.978,14012.24,116.4,0.0,110.0,0.0
2007-06-05 13:00:00,19.96,6.16,14060.95,87.4,0.0,0.0,0.0
2007-06-05 14:00:00,46.296,4.374,13995.01,207.0,0.0,0.0,459.0
2007-06-05 15:00:00,53.816,11.118,14047.03,241.6,419.0,70.0,99.0
2007-06-05 16:00:00,40.972,10.4,14157.63,184.8,293.0,51.0,0.0
2007-06-05 17:00:00,52.942,9.522,14141.16,257.2,246.0,0.0,0.0
2007-06-05 18:00:00,25.45,8.856,14168.51,120.6,0.0,3.0,0.0
2007-06-05 19:00:00,120.97,30.214,14060.69,548.6,1152.0,74.0,61.0
2007-06-05 20:00:00,110.63,25.69,14067.14,488.0,97.0,32.0,573.0
2007-06-05 21:00:00,38.776,14.214,14184.01,176.8,18.0,0.0,0.0
2007-06-05 22:00:00,137.808,7.83,14142.84,582.6,16.0,35.0,357.0
2007-06-05 23:00:00,138.524,12.552,14221.22,583.0,407.0,66.0,1032.0
2007-06-06 00:00:00,105.22,4.838,14067.039999999999,446.4,463.0,0.0,1010.0
2007-06-06 01:00:00,68.278,2.336,14080.72,286.6,0.0,0.0,885.0
2007-06-06 02:00:00,19.434,9.482,14143.99,86.6,0.0,71.0,0.0
2007-06-06 03:00:00,17.552,7.822,14201.56,78.6,0.0,29.0,0.0
2007-06-06 04:00:00,14.442,5.082,14158.85,65.0,0.0,0.0,0.0
2007-06-06 05:00:00,16.326,6.566,14183.17,72.60000000000001,0.0,37.0,0.0
2007-06-06 06:00:00,104.58,8.498,14011.12,451.0,0.0,61.0,643.0
2007-06-06 07:00:00,92.0,3.7880000000000003,13975.15,395.4,0.0,0.0,997.0
2007-06-06 08:00:00,92.54,4.496,13975.38,403.4,0.0,0.0,998.0
2007-06-06 09:00:00,87.01,9.898,13914.79,381.2,0.0,71.0,989.0
2007-06-06 10:00:00,81.72,6.19,13890.47,353.8,0.0,27.0,986.0
2007-06-06 11:00:00,82.39,15.126,13939.43,361.2,0.0,0.0,567.0
2007-06-06 12:00:00,45.252,15.68,14103.6,208.4,0.0,171.0,0.0
2007-06-06 13:00:00,31.082,12.312,14159.82,144.4,0.0,77.0,0.0
2007-06-06 14:00:00,78.124,8.374,14095.83,338.2,408.0,12.0,507.0
2007-06-06 15:00:00,41.711999999999996,6.014,14208.88,177.8,69.0,0.0,249.0
2007-06-06 16:00:00,60.228,11.065999999999999,14177.89,264.2,465.0,63.0,0.0
2007-06-06 17:00:00,26.238,9.878,14154.66,116.2,0.0,61.0,0.0
2007-06-06 18:00:00,30.852,9.378,14151.49,136.0,0.0,0.0,0.0
2007-06-06 19:00:00,152.64,30.098,13985.61,673.6,539.0,8.0,334.0
2007-06-06 20:00:00,121.964,16.424,13989.26,528.0,491.0,72.0,999.0
2007-06-06 21:00:00,131.4649366252837,11.879728655462511,13959.518980764515,566.3747552254262,376.33248075867465,31.670610311092425,975.0
2007-06-06 22:00:00,126.954,9.418,14099.73,537.4,206.0,0.0,1015.0
2007-06-06 23:00:00,66.8,6.54,14231.78,284.2,313.0,39.0,509.0
2007-06-07 00:00:00,18.77,9.506,14063.48,86.2,0.0,60.0,0.0
2007-06-07 01:00:00,14.566,3.662,14097.1,65.60000000000001,0.0,0.0,0.0
2007-06-07 02:00:00,14.564,4.367999999999999,14086.66,66.60000000000001,0.0,7.0,0.0
2007-06-07 03:00:00,18.706,9.124,14098.05,84.2,0.0,72.0,0.0
2007-06-07 04:00:00,15.65,4.896,14094.85,69.0,0.0,18.0,0.0
2007-06-07 05:00:00,13.812,2.854,14139.02,61.800000000000004,0.0,0.0,0.0
2007-06-07 06:00:00,37.512,7.382,14179.28,165.0,0.0,51.0,0.0
2007-06-07 07:00:00,74.94800000000001,8.464,13959.58,325.0,0.0,44.0,564.0
2007-06-07 08:00:00,78.984,7.33,13937.85,337.0,0.0,0.0,993.0
2007-06-07 09:00:00,75.036,5.13,13961.58,320.8,0.0,23.0,974.0
2007-06-07 10:00:00,19.806,10.804,13959.84,93.0,0.0,69.0,0.0
2007-06-07 11:00:00,16.188,5.822,13982.53,74.4,0.0,3.0,0.0
2007-06-07 12:00:00,14.482,3.746,13940.91,64.8,0.0,0.0,0.0
2007-06-07 13:00:00,18.278,8.614,13990.75,84.60000000000001,0.0,66.0,0.0
2007-06-07 14:00:00,34.17,9.12,14018.87,153.6,0.0,33.0,0.0
2007-06-07 15:00:00,45.128,4.214,14152.81,187.2,0.0,0.0,0.0
2007-06-07 16:00:00,46.897999999999996,6.428,14055.21,200.8,0.0,36.0,0.0
2007-06-07 17:00:00,49.672,10.222,14100.55,211.8,0.0,67.0,0.0
2007-06-07 18:00:00,60.136,4.73,14086.68,256.6,0.0,0.0,146.0
2007-06-07 19:00:00,78.528,6.322,13958.4,341.8,0.0,6.0,616.0
2007-06-07 20:00:00,76.088,16.352,14105.29,338.6,339.0,73.0,0.0
2007-06-07 21:00:00,77.074,8.896,14103.94,337.2,646.0,24.0,0.0
2007-06-07 22:00:00,64.22,6.036,14240.26,272.6,0.0,0.0,666.0
2007-06-07 23:00:00,21.786,8.312,14335.99,96.4,0.0,47.0,0.0
2007-06-08 00:00:00,18.494,8.458,14247.81,81.8,0.0,55.0,0.0
2007-06-08 01:00:00,14.418000000000001,2.97,14145.91,62.8,0.0,0.0,0.0
2007-06-08 02:00:00,15.748,6.07,14110.79,72.4,0.0,15.0,0.0
2007-06-08 03:00:00,19.088,9.172,14098.67,86.8,0.0,71.0,0.0
2007-06-08 04:00:00,14.484,3.798,14143.55,63.8,0.0,13.0,0.0
2007-06-08 05:00:00,13.824,2.464,14161.15,60.2,0.0,0.0,0.0
2007-06-08 06:00:00,17.84,7.042,14161.74,77.8,0.0,59.0,0.0
2007-06-08 07:00:00,57.22,6.95,13959.91,254.4,0.0,43.0,363.0
2007-06-08 08:00:00,81.992,4.178,13935.05,350.2,0.0,0.0,993.0
2007-06-08 09:00:00,117.3,7.432,13857.7,511.2,0.0,419.0,981.0
2007-06-08 10:00:00,187.276,13.682,13790.9,822.2,0.0,1642.0,973.0
2007-06-08 11:00:00,149.282,10.676,13930.81,651.2,0.0,1144.0,991.0
2007-06-08 12:00:00,156.298,8.836,13992.51,674.2,0.0,1206.0,1000.0
2007-06-08 13:00:00,175.452,6.052,13981.24,758.2,0.0,1555.0,999.0
2007-06-08 14:00:00,166.09,16.868,14064.09,722.4,0.0,1121.0,971.0
2007-06-08 15:00:00,92.312,13.51,14328.52,404.4,0.0,1209.0,0.0
2007-06-08 16:00:00,23.502,10.33,14450.03,108.2,0.0,96.0,0.0
2007-06-08 17:00:00,129.444,5.874,14315.16,554.2,376.0,826.0,594.0
2007-06-08 18:00:00,128.682,9.766,14351.8,541.0,475.0,207.0,1051.0
2007-06-08 19:00:00,182.39000000000001,12.514,14322.37,770.0,681.0,803.0,1046.0
2007-06-08 20:00:00,252.034,31.33,14221.58,1081.0,1260.0,872.0,1032.0
2007-06-08 21:00:00,71.806,13.8,14475.17,306.0,7.0,28.0,386.0
2007-06-08 22:00:00,32.516,8.138,14452.5,139.6,0.0,17.0,0.0
2007-06-08 23:00:00,30.554,9.822,14625.36,131.4,0.0,39.0,0.0
2007-06-09 00:00:00,28.488,8.986,14658.13,121.2,0.0,25.0,0.0
2007-06-09 01:00:00,50.924,6.0,14510.06,212.79999999999998,0.0,11.0,559.0
2007-06-09 02:00:00,17.76,7.66,14451.64,79.0,0.0,35.0,0.0
2007-06-09 03:00:00,16.62,5.872,14497.64,69.8,0.0,22.0,0.0
2007-06-09 04:00:00,16.48,5.982,14510.58,72.0,0.0,11.0,0.0
2007-06-09 05:00:00,18.668,8.914,14512.31,83.6,0.0,34.0,0.0
2007-06-09 06:00:00,16.42,5.904,14501.98,72.8,0.0,15.0,0.0
2007-06-09 07:00:00,36.176,5.65,14411.53,160.6,0.0,18.0,0.0
2007-06-09 08:00:00,57.754,7.6,14237.130000000001,246.0,0.0,32.0,526.0
2007-06-09 09:00:00,49.702,5.932,14281.32,216.0,15.0,10.0,416.0
2007-06-09 10:00:00,73.17399999999999,9.778,14204.06,316.8,836.0,27.0,0.0
2007-06-09 11:00:00,31.934936625283704,15.703728655462513,14455.998980764514,146.7747552254262,2.332480758674655,64.67061031109242,0.0
2007-06-09 12:00:00,27.582936625283704,15.149728655462512,14520.068980764514,130.37475522542618,1.3324807586746552,30.670610311092425,0.0
2007-06-09 13:00:00,48.172000000000004,12.134,14461.19,211.0,0.0,23.0,182.0
2007-06-09 14:00:00,62.618,10.98,14426.27,267.8,0.0,11.0,607.0
2007-06-09 15:00:00,24.526,12.116,14429.71,114.4,0.0,32.0,0.0
2007-06-09 16:00:00,41.04,10.026,14470.23,180.2,0.0,0.0,0.0
2007-06-09 17:00:00,37.37574650113482,8.806914621850048,14509.795923058056,159.69902090170476,5.329923034698621,40.6824412443697,0.0
2007-06-09 18:00:00,89.66197200907855,12.267316974800385,14330.537384464453,382.3921672136381,42.63938427758897,111.45952995495759,490.0
2007-06-09 19:00:00,71.71000000000001,11.39,14433.5,303.4,0.0,4.0,903.0
2007-06-09 20:00:00,82.37,9.986,14354.99,341.6,0.0,34.0,1051.0
2007-06-09 21:00:00,81.748,7.31,14444.27,337.6,0.0,7.0,1063.0
2007-06-09 22:00:00,70.82,9.114,14454.97,294.2,0.0,27.0,793.0
2007-06-09 23:00:00,52.356,18.096,14491.08,234.20000000000002,0.0,34.0,0.0
2007-06-10 00:00:00,38.548,6.852,14523.77,160.8,0.0,0.0,0.0
2007-06-10 01:00:00,16.808,7.89,14413.84,78.4,0.0,34.0,0.0
2007-06-10 02:00:00,19.986,7.184,14413.9,85.8,0.0,15.0,0.0
2007-06-10 03:00:00,16.976,7.354,14445.16,76.6,0.0,18.0,0.0
2007-06-10 04:00:00,14.262,8.786,14444.24,71.4,0.0,34.0,5.0
2007-06-10 05:00:00,48.31,4.872,14474.78,200.4,0.0,0.0,621.0
2007-06-10 06:00:00,12.59,7.36,14497.76,63.6,0.0,33.0,0.0
2007-06-10 07:00:00,11.7,5.7379999999999995,14424.19,56.0,0.0,17.0,0.0
2007-06-10 08:00:00,27.41,6.676,14476.97,132.2,0.0,16.0,0.0
2007-06-10 09:00:00,19.946,9.994,14525.84,96.0,0.0,33.0,0.0
2007-06-10 10:00:00,120.814,4.578,14234.31,512.8,414.0,516.0,848.0
2007-06-10 11:00:00,130.844,5.538,14276.72,552.2,464.0,436.0,1040.0
2007-06-10 12:00:00,96.074,12.738,14420.36,414.0,707.0,50.0,453.0
2007-06-10 13:00:00,133.53,21.938,14503.37,566.0,1482.0,12.0,240.0
2007-06-10 14:00:00,130.15200000000002,19.666,14424.83,554.4,534.0,287.0,553.0
2007-06-10 15:00:00,49.176,8.664,14492.93,204.0,174.0,4.0,0.0
2007-06-10 16:00:00,64.53,7.082,14364.5,272.6,427.0,29.0,147.0
2007-06-10 17:00:00,73.708,7.82,14532.56,302.4,0.0,32.0,989.0
2007-06-10 18:00:00,10.866,6.6000000000000005,14499.789999999999,52.800000000000004,0.0,1.0,0.0
2007-06-10 19:00:00,43.812,16.39,14515.77,198.2,0.0,275.0,0.0
2007-06-10 20:00:00,39.147999999999996,16.94,14435.44,179.4,0.0,22.0,0.0
2007-06-10 21:00:00,50.71,12.208,14458.38,221.6,0.0,27.0,112.0
2007-06-10 22:00:00,125.86,13.6,14405.43,526.0,0.0,33.0,975.0
2007-06-10 23:00:00,45.052,12.624,14610.93,190.6,0.0,0.0,0.0
2007-06-11 00:00:00,23.748,9.644,14580.19,102.2,0.0,33.0,0.0
2007-06-11 01:00:00,14.388,6.694,14552.91,64.8,0.0,8.0,0.0
2007-06-11 02:00:00,13.55,6.768,14452.09,61.8,0.0,25.0,0.0
2007-06-11 03:00:00,13.938,7.182,14454.61,64.2,0.0,33.0,0.0
2007-06-11 04:00:00,12.52,5.564,14457.24,57.6,0.0,0.0,0.0
2007-06-11 05:00:00,13.844,7.538,14534.35,66.2,0.0,34.0,0.0
2007-06-11 06:00:00,66.056,4.326,14487.49,276.2,0.0,6.0,613.0
2007-06-11 07:00:00,96.45,9.994,14346.3,401.2,0.0,26.0,1050.0
2007-06-11 08:00:00,91.16,9.0,14162.74,384.8,0.0,32.0,1024.0
2007-06-11 09:00:00,72.654,4.186,14245.13,303.0,0.0,0.0,1035.0
2007-06-11 10:00:00,68.958,7.24,14278.99,290.2,0.0,33.0,937.0
2007-06-11 11:00:00,11.918,6.704,14383.95,55.8,0.0,3.0,0.0
2007-06-11 12:00:00,13.468,9.378,14479.28,65.8,0.0,30.0,0.0
2007-06-11 13:00:00,12.746,8.208,14457.23,62.400000000000006,0.0,29.0,0.0
2007-06-11 14:00:00,11.022,5.52,14371.6,49.8,0.0,4.0,0.0
2007-06-11 15:00:00,13.19,8.86,14512.04,64.2,0.0,33.0,0.0
2007-06-11 16:00:00,11.408,6.376,14593.73,54.2,0.0,0.0,0.0
2007-06-11 17:00:00,13.145999999999999,7.976,14453.47,64.4,0.0,33.0,0.0
2007-06-11 18:00:00,15.88,7.372,14422.23,75.8,0.0,27.0,0.0
2007-06-11 19:00:00,52.974,5.494,14418.1,224.6,0.0,6.0,669.0
2007-06-11 20:00:00,13.072,8.83,14605.14,67.6,0.0,34.0,0.0
2007-06-11 21:00:00,56.378,11.848,14457.91,243.2,0.0,0.0,0.0
2007-06-11 22:00:00,46.248,16.73,14506.64,215.4,0.0,33.0,0.0
2007-06-11 23:00:00,35.938,13.202,14620.36,166.4,0.0,25.0,0.0
2007-06-12 00:00:00,57.512,5.866,14510.66,240.8,0.0,8.0,733.0
2007-06-12 01:00:00,11.782,6.736,14417.53,56.0,0.0,33.0,0.0
2007-06-12 02:00:00,9.358,3.246,14370.2,41.2,0.0,0.0,0.0
2007-06-12 03:00:00,12.268,6.95,14464.62,56.6,0.0,33.0,0.0
2007-06-12 04:00:00,11.308,5.69,14436.23,51.8,0.0,24.0,0.0
2007-06-12 05:00:00,10.016,4.24,14451.0,46.6,0.0,9.0,0.0
2007-06-12 06:00:00,24.7,6.626,14539.54,116.8,0.0,33.0,0.0
2007-06-12 07:00:00,19.968,7.144,14481.89,95.6,0.0,0.0,0.0
2007-06-12 08:00:00,25.824,8.888,14457.52,128.8,0.0,37.0,0.0
2007-06-12 09:00:00,26.218,8.06,14297.539999999999,135.0,0.0,33.0,0.0
2007-06-12 10:00:00,67.842,3.874,14224.8,293.0,0.0,1.0,767.0
2007-06-12 11:00:00,23.768,6.486,14329.88,121.4,0.0,34.0,0.0
2007-06-12 12:00:00,26.578,5.7459999999999996,14385.45,130.6,0.0,20.0,0.0
2007-06-12 13:00:00,11.232,5.92,14468.65,53.8,0.0,13.0,0.0
2007-06-12 14:00:00,12.892,8.106,14396.11,62.2,0.0,33.0,0.0
2007-06-12 15:00:00,13.124,5.238,14495.68,58.8,0.0,0.0,33.0
2007-06-12 16:00:00,54.072,7.558,14345.81,228.4,0.0,33.0,683.0
2007-06-12 17:00:00,19.398,13.43,14443.6,97.6,0.0,30.0,0.0
2007-06-12 18:00:00,124.638,22.102,14289.21,544.6,1417.0,3.0,3.0
2007-06-12 19:00:00,111.932,17.784,14358.3,479.6,465.0,33.0,863.0
2007-06-12 20:00:00,33.638,13.394,14488.04,158.0,0.0,22.0,0.0
2007-06-12 21:00:00,108.366,11.66,14407.03,455.8,0.0,10.0,816.0
2007-06-12 22:00:00,62.022,17.602,14379.74,277.6,0.0,32.0,0.0
2007-06-12 23:00:00,40.31,14.07,14484.82,185.8,0.0,1.0,0.0
2007-06-13 00:00:00,12.744,7.9479999999999995,14329.039999999999,63.0,0.0,31.0,0.0
2007-06-13 01:00:00,47.848,7.964,14376.82,203.6,0.0,30.0,578.0
2007-06-13 02:00:00,11.508,6.2,14453.98,52.4,0.0,1.0,0.0
2007-06-13 03:00:00,13.89,9.898,14489.51,70.2,0.0,31.0,0.0
2007-06-13 04:00:00,10.718,5.074,14474.69,53.0,0.0,7.0,0.0
2007-06-13 05:00:00,12.08,7.19,14497.4,58.2,0.0,25.0,0.0
2007-06-13 06:00:00,21.486,8.252,14463.78,101.2,0.0,31.0,0.0
2007-06-13 07:00:00,78.262,4.354,14315.460000000001,326.6,0.0,0.0,858.0
2007-06-13 08:00:00,85.464,7.0,14410.91,355.8,0.0,31.0,1059.0
2007-06-13 09:00:00,46.206,6.59,14354.33,196.0,0.0,10.0,567.0
2007-06-13 10:00:00,13.984,8.774000000000001,14365.26,67.6,0.0,21.0,0.0
2007-06-13 11:00:00,22.124000000000002,10.246,14496.06,105.8,0.0,148.0,0.0
2007-06-13 12:00:00,27.698,9.904,14514.23,129.0,0.0,215.0,0.0
2007-06-13 13:00:00,22.054000000000002,12.788,14472.63,106.8,0.0,85.0,0.0
2007-06-13 14:00:00,80.182,10.748,14406.0,341.40000000000003,452.0,16.0,658.0
2007-06-13 15:00:00,40.954,7.17,14441.97,178.2,505.0,16.0,0.0
2007-06-13 16:00:00,15.306,12.04,14397.78,79.4,0.0,32.0,0.0
2007-06-13 17:00:00,10.086,5.692,14475.35,48.6,0.0,0.0,0.0
2007-06-13 18:00:00,30.951999999999998,8.78,14313.24,136.6,0.0,31.0,0.0
2007-06-13 19:00:00,67.644,8.906,14284.32,293.8,0.0,23.0,74.0
2007-06-13 20:00:00,84.388,10.896,14427.94,365.4,0.0,9.0,479.0
2007-06-13 21:00:00,71.486,13.522,14465.19,302.6,0.0,33.0,0.0
2007-06-13 22:00:00,76.54,10.842,14476.48,318.2,0.0,17.0,755.0
2007-06-13 23:00:00,23.668,7.482,14470.18,103.8,0.0,14.0,188.0
2007-06-14 00:00:00,12.014,6.95,14311.68,57.4,0.0,32.0,0.0
2007-06-14 01:00:00,10.164,4.2780000000000005,14454.08,47.800000000000004,0.0,0.0,0.0
2007-06-14 02:00:00,13.318,7.362,14392.17,62.0,0.0,31.0,0.0
2007-06-14 03:00:00,11.398,6.312,14472.42,55.2,0.0,25.0,0.0
2007-06-14 04:00:00,10.036,4.552,14491.65,46.4,0.0,7.0,0.0
2007-06-14 05:00:00,11.604,6.816,14504.25,56.2,0.0,32.0,0.0
2007-06-14 06:00:00,29.158,4.87,14433.21,128.4,0.0,0.0,106.0
2007-06-14 07:00:00,99.122,8.17,14357.01,415.4,0.0,31.0,1052.0
2007-06-14 08:00:00,76.422,7.592,14263.22,318.2,0.0,26.0,1038.0
2007-06-14 09:00:00,74.03399999999999,5.286,14281.93,306.8,0.0,5.0,1041.0
2007-06-14 10:00:00,37.08,7.74,14267.32,163.6,0.0,31.0,401.0
2007-06-14 11:00:00,10.758,5.03,14320.52,48.2,0.0,1.0,0.0
2007-06-14 12:00:00,12.244,7.098,14335.44,58.0,0.0,31.0,0.0
2007-06-14 13:00:00,12.066,6.874,14315.99,56.6,0.0,28.0,0.0
2007-06-14 14:00:00,10.52,4.736,14328.74,50.6,0.0,3.0,0.0
2007-06-14 15:00:00,12.528,7.704,14433.2,64.8,0.0,32.0,0.0
2007-06-14 16:00:00,11.206,5.638,14448.94,55.8,0.0,3.0,0.0
2007-06-14 17:00:00,12.876,8.256,14451.46,67.8,0.0,28.0,0.0
2007-06-14 18:00:00,110.966,8.628,14378.5,465.0,517.0,31.0,998.0
2007-06-14 19:00:00,193.978,28.276,14318.41,832.2,1459.0,12.0,1046.0
2007-06-14 20:00:00,134.834,30.286,14353.46,597.0,477.0,394.0,426.0
2007-06-14 21:00:00,82.888,18.24,14476.22,366.4,518.0,72.0,0.0
2007-06-14 22:00:00,80.782,12.112,14528.64,335.4,0.0,71.0,0.0
2007-06-14 23:00:00,189.088,18.89,14462.35,792.8,351.0,1221.0,946.0
2007-06-15 00:00:00,93.992,16.812,14473.02,412.8,440.0,478.0,451.0
2007-06-15 01:00:00,15.492,12.162,14467.01,79.4,0.0,105.0,0.0
2007-06-15 02:00:00,13.818,11.228,14336.58,72.6,0.0,78.0,0.0
2007-06-15 03:00:00,13.502,10.804,14341.19,71.2,0.0,78.0,0.0
2007-06-15 04:00:00,12.44,9.276,14313.39,65.8,0.0,62.0,0.0
2007-06-15 05:00:00,9.978,4.966,14433.6,50.199999999999996,0.0,10.0,0.0
2007-06-15 06:00:00,57.234,5.394,14368.42,248.2,0.0,10.0,547.0
2007-06-15 07:00:00,61.792,5.864,14351.83,264.2,0.0,70.0,603.0
2007-06-15 08:00:00,119.84400000000001,15.194,14287.79,518.2,0.0,1698.0,0.0
2007-06-15 09:00:00,40.97,14.12,14371.58,192.2,0.0,514.0,0.0
2007-06-15 10:00:00,15.396,11.866,14326.95,80.2,0.0,104.0,0.0
2007-06-15 11:00:00,50.074,11.148,14388.74,215.4,0.0,78.0,603.0
2007-06-15 12:00:00,12.428,9.296,14489.55,65.4,0.0,53.0,0.0
2007-06-15 13:00:00,10.54,5.498,14453.77,51.0,0.0,10.0,0.0
2007-06-15 14:00:00,10.124,4.906000000000001,14454.93,48.6,0.0,10.0,0.0
2007-06-15 15:00:00,11.182,4.674,14477.08,52.2,0.0,10.0,0.0
2007-06-15 16:00:00,16.744,9.908,14546.33,77.4,0.0,58.0,0.0
2007-06-15 17:00:00,27.448,14.956,14514.86,131.2,104.0,71.0,45.0
2007-06-15 18:00:00,114.32600000000001,13.836,14320.78,483.59999999999997,680.0,68.0,951.0
2007-06-15 19:00:00,41.618,10.644,14411.92,183.8,0.0,39.0,230.0
2007-06-15 20:00:00,92.116,11.548,14496.7,385.0,4.0,0.0,1071.0
2007-06-15 21:00:00,78.65,11.432,14462.74,345.0,558.0,312.0,46.0
2007-06-15 22:00:00,44.914,10.384,14522.91,200.2,483.0,19.0,0.0
2007-06-15 23:00:00,24.982,15.846,14657.039999999999,121.60000000000001,0.0,76.0,0.0
2007-06-16 00:00:00,17.634,12.072,14462.06,83.0,0.0,70.0,0.0
2007-06-16 01:00:00,16.038,7.56,14342.27,73.0,0.0,33.0,0.0
2007-06-16 02:00:00,12.866,4.242,14364.93,55.6,0.0,0.0,0.0
2007-06-16 03:00:00,13.110000000000001,4.478,14417.35,56.6,0.0,0.0,0.0
2007-06-16 04:00:00,13.18,6.782,14417.98,61.8,0.0,11.0,0.0
2007-06-16 05:00:00,46.676,11.332,14428.72,200.0,0.0,75.0,543.0
2007-06-16 06:00:00,26.682,11.676,14437.05,125.6,0.0,71.0,0.0
2007-06-16 07:00:00,16.48,7.3,14394.19,77.0,0.0,24.0,0.0
2007-06-16 08:00:00,39.536,4.832,14417.86,166.6,0.0,0.0,420.0
2007-06-16 09:00:00,71.24,5.648,14383.58,303.6,0.0,421.0,555.0
2007-06-16 10:00:00,131.708,13.804,14247.68,559.4,0.0,871.0,1036.0
2007-06-16 11:00:00,95.81,21.366,14357.44,407.6,0.0,106.0,1052.0
2007-06-16 12:00:00,96.852,17.788,14297.6,410.59999999999997,0.0,79.0,1043.0
2007-06-16 13:00:00,116.024,13.322000000000001,14465.13,487.8,0.0,78.0,1067.0
2007-06-16 14:00:00,107.422,13.145999999999999,14375.88,454.0,0.0,77.0,818.0
2007-06-16 15:00:00,114.736,17.464,14350.73,495.2,0.0,435.0,215.0
2007-06-16 16:00:00,109.152,15.048,14391.07,465.2,0.0,915.0,0.0
2007-06-16 17:00:00,132.56,19.6,14352.42,568.6,471.0,822.0,0.0
2007-06-16 18:00:00,170.368,19.054000000000002,14279.49,719.2,527.0,67.0,969.0
2007-06-16 19:00:00,150.162,15.544,14278.27,633.2,195.0,65.0,1040.0
2007-06-16 20:00:00,200.45,27.53,14326.97,853.4,1274.0,83.0,1048.0
2007-06-16 21:00:00,126.348,16.424,14320.92,533.8,298.0,24.0,754.0
2007-06-16 22:00:00,88.026,10.604,14390.91,373.4,524.0,83.0,0.0
2007-06-16 23:00:00,104.702,10.942,14381.94,439.8,0.0,88.0,548.0
2007-06-17 00:00:00,58.480000000000004,9.624,14404.81,242.8,0.0,86.0,20.0
2007-06-17 01:00:00,86.366,10.416,14371.8,359.0,1.0,68.0,108.0
2007-06-17 02:00:00,76.494,9.83,14490.98,319.8,422.0,2.0,542.0
2007-06-17 03:00:00,46.32,14.182,14543.79,208.2,499.0,77.0,0.0
2007-06-17 04:00:00,12.464,7.758,14615.59,60.199999999999996,0.0,31.0,0.0
2007-06-17 05:00:00,10.874,5.06,14570.06,50.4,0.0,4.0,0.0
2007-06-17 06:00:00,14.054,9.54,14463.5,69.4,0.0,56.0,0.0
2007-06-17 07:00:00,9.232000000000001,3.282,14408.5,40.8,0.0,0.0,0.0
2007-06-17 08:00:00,12.324,7.418,14415.83,58.6,0.0,51.0,0.0
2007-06-17 09:00:00,70.308,4.032,14436.8,295.4,0.0,1.0,736.0
2007-06-17 10:00:00,80.726,5.808,14374.54,334.40000000000003,0.0,25.0,1055.0
2007-06-17 11:00:00,104.422,9.206,14237.99,441.4,0.0,303.0,1034.0
2007-06-17 12:00:00,48.25,13.629999999999999,14423.53,223.2,0.0,26.0,123.0
2007-06-17 13:00:00,157.806,13.104,14352.19,668.2,424.0,731.0,1051.0
2007-06-17 14:00:00,140.626,8.712,14443.92,597.8,463.0,1241.0,205.0
2007-06-17 15:00:00,45.961999999999996,20.118,14497.02,207.6,0.0,105.0,0.0
2007-06-17 16:00:00,132.552,6.852,14411.75,568.4,0.0,1149.0,0.0
2007-06-17 17:00:00,68.12,10.82,14444.48,289.0,0.0,126.0,272.0
2007-06-17 18:00:00,239.334,10.282,14217.73,1016.0,415.0,804.0,1031.0
2007-06-17 19:00:00,183.80599999999998,27.308,14104.03,799.6,1026.0,90.0,1016.0
2007-06-17 20:00:00,136.806,12.276,14373.14,573.0,390.0,7.0,1054.0
2007-06-17 21:00:00,154.504,9.299999999999999,14353.82,645.6,484.0,31.0,487.0
2007-06-17 22:00:00,44.166000000000004,6.814,14430.07,183.2,0.0,23.0,0.0
2007-06-17 23:00:00,13.094,4.442,14529.75,55.800000000000004,0.0,1.0,0.0
2007-06-18 00:00:00,14.634,8.904,14483.74,70.6,0.0,49.0,0.0
2007-06-18 01:00:00,13.788,4.418,14540.76,57.6,0.0,0.0,0.0
2007-06-18 02:00:00,11.456,7.498,14381.36,56.8,0.0,48.0,0.0
2007-06-18 03:00:00,8.324,3.42,14386.57,38.4,0.0,0.0,0.0
2007-06-18 04:00:00,10.304,5.766,14389.59,50.2,0.0,31.0,0.0
2007-06-18 05:00:00,10.22,6.1659999999999995,14573.61,50.4,0.0,17.0,0.0
2007-06-18 06:00:00,43.056,3.93,14516.01,178.20000000000002,0.0,6.0,520.0
2007-06-18 07:00:00,77.326,9.234,14431.34,328.4,0.0,48.0,716.0
2007-06-18 08:00:00,84.808,7.842,14247.22,359.2,0.0,0.0,1036.0
2007-06-18 09:00:00,74.25,8.24,14224.03,309.6,0.0,45.0,1033.0
2007-06-18 10:00:00,29.183999999999997,4.58,14360.63,126.2,0.0,0.0,329.0
2007-06-18 11:00:00,12.03,8.618,14437.09,62.400000000000006,0.0,31.0,0.0
2007-06-18 12:00:00,10.418000000000001,6.408,14384.64,51.0,0.0,16.0,0.0
2007-06-18 13:00:00,9.620000000000001,4.954,14297.88,46.0,0.0,9.0,0.0
2007-06-18 14:00:00,11.552,8.174,14490.35,57.6,0.0,38.0,0.0
2007-06-18 15:00:00,10.272,6.18,14588.35,48.2,0.0,0.0,0.0
2007-06-18 16:00:00,12.262,9.242,14546.47,62.6,0.0,46.0,0.0
2007-06-18 17:00:00,9.450000000000001,4.874,14579.13,44.0,0.0,0.0,0.0
2007-06-18 18:00:00,12.162,8.932,14390.81,60.800000000000004,0.0,46.0,0.0
2007-06-18 19:00:00,50.054,7.18,14432.7,215.8,0.0,0.0,607.0
2007-06-18 20:00:00,64.862,17.062,14488.880000000001,292.2,0.0,37.0,0.0
2007-06-18 21:00:00,32.838,12.008,14489.87,147.6,0.0,11.0,0.0
2007-06-18 22:00:00,43.824,9.84,14465.35,184.6,0.0,26.0,0.0
2007-06-18 23:00:00,21.78,7.34,14591.35,95.0,0.0,25.0,0.0
2007-06-19 00:00:00,33.794,5.134,14502.3,143.0,0.0,1.0,266.0
2007-06-19 01:00:00,44.21,8.76,14437.68,187.4,0.0,45.0,532.0
2007-06-19 02:00:00,8.52,3.7640000000000002,14397.75,37.6,0.0,0.0,0.0
2007-06-19 03:00:00,11.716000000000001,8.186,14377.9,59.800000000000004,0.0,47.0,0.0
2007-06-19 04:00:00,9.54,5.128,14370.67,46.8,0.0,0.0,0.0
2007-06-19 05:00:00,11.464,7.814,14405.0,55.2,0.0,45.0,0.0
2007-06-19 06:00:00,80.864,7.954,14310.89,343.8,0.0,1.0,698.0
2007-06-19 07:00:00,105.324,7.598,14381.91,439.0,414.0,30.0,1055.0
2007-06-19 08:00:00,49.628,6.26,14323.41,209.0,70.0,16.0,589.0
2007-06-19 09:00:00,39.834,5.618,14223.6,177.20000000000002,486.0,19.0,0.0
2007-06-19 10:00:00,22.504,8.638,14287.76,115.8,0.0,32.0,0.0
2007-06-19 11:00:00,19.834,4.922,14362.26,93.8,0.0,0.0,0.0
2007-06-19 12:00:00,59.18587325056741,8.693457310925025,14339.227961529028,250.3495104508524,2.6649615173493104,49.34122062218485,573.0
2007-06-19 13:00:00,10.258,5.2,14390.39,48.2,0.0,0.0,0.0
2007-06-19 14:00:00,13.232,9.764,14411.89,65.0,0.0,49.0,0.0
2007-06-19 15:00:00,11.898,6.134,14502.37,61.8,0.0,0.0,0.0
2007-06-19 16:00:00,15.28,10.486,14483.55,85.2,0.0,42.0,0.0
2007-06-19 17:00:00,15.92,12.222,14534.29,83.0,0.0,11.0,0.0
2007-06-19 18:00:00,29.07,8.992,14406.04,128.4,0.0,20.0,0.0
2007-06-19 19:00:00,45.556,11.636000000000001,14417.89,196.8,3.0,30.0,0.0
2007-06-19 20:00:00,44.04,6.554,14466.53,185.0,0.0,0.0,0.0
2007-06-19 21:00:00,94.258,12.494,14434.63,394.8,0.0,51.0,644.0
2007-06-19 22:00:00,35.504,5.926,14612.9,144.4,0.0,0.0,0.0
2007-06-19 23:00:00,33.256,10.356,14604.77,141.0,0.0,50.0,0.0
2007-06-20 00:00:00,9.628,5.17,14618.19,45.2,0.0,0.0,0.0
2007-06-20 01:00:00,12.504,9.216,14481.55,64.4,0.0,46.0,0.0
2007-06-20 02:00:00,9.404,5.054,14369.82,45.8,0.0,3.0,0.0
2007-06-20 03:00:00,10.732,6.792,14397.37,52.4,0.0,32.0,0.0
2007-06-20 04:00:00,9.724,5.364,14350.59,46.8,0.0,17.0,0.0
2007-06-20 05:00:00,9.668000000000001,5.2219999999999995,14423.63,44.8,0.0,15.0,0.0
2007-06-20 06:00:00,34.7,10.113999999999999,14462.25,163.2,0.0,33.0,0.0
2007-06-20 07:00:00,100.234,4.524,14278.76,420.6,393.0,0.0,1011.0
2007-06-20 08:00:00,87.78,8.178,14383.81,366.40000000000003,211.0,46.0,1056.0
2007-06-20 09:00:00,51.007999999999996,3.932,14214.89,217.2,287.0,0.0,421.0
2007-06-20 10:00:00,14.856,7.428,14181.56,75.4,0.0,45.0,0.0
2007-06-20 11:00:00,21.602,3.7279999999999998,14282.38,108.2,0.0,0.0,0.0
2007-06-20 12:00:00,25.866,9.148,14410.58,128.2,0.0,49.0,0.0
2007-06-20 13:00:00,23.022,4.324,14419.12,113.4,0.0,0.0,0.0
2007-06-20 14:00:00,35.99,8.57,14398.9,169.2,0.0,42.0,0.0
2007-06-20 15:00:00,71.636,6.24,14463.43,304.6,0.0,9.0,730.0
2007-06-20 16:00:00,25.468,7.592,14446.25,113.6,0.0,26.0,216.0
2007-06-20 17:00:00,12.93,8.78,14528.2,66.6,0.0,27.0,0.0
2007-06-20 18:00:00,12.822000000000001,7.968,14647.41,61.8,0.0,15.0,0.0
2007-06-20 19:00:00,95.416,28.22,14365.08,429.4,0.0,84.0,301.0
2007-06-20 20:00:00,122.628,18.636,14333.47,522.8,20.0,430.0,1048.0
2007-06-20 21:00:00,194.346,24.154,14320.61,832.2,401.0,1535.0,323.0
2007-06-20 22:00:00,66.73,16.312,14452.02,290.4,449.0,67.0,0.0
2007-06-20 23:00:00,15.592,12.636,14595.01,79.2,0.0,67.0,0.0
2007-06-21 00:00:00,12.241999999999999,7.46,14539.41,59.2,0.0,12.0,0.0
2007-06-21 01:00:00,10.968,5.41,14493.36,50.8,0.0,0.0,0.0
2007-06-21 02:00:00,11.48,5.79,14416.35,52.6,0.0,20.0,0.0
2007-06-21 03:00:00,14.764,10.944,14406.55,72.8,0.0,71.0,0.0
2007-06-21 04:00:00,15.134,11.824,14409.11,76.8,0.0,67.0,0.0
2007-06-21 05:00:00,25.43,6.13,14440.31,109.4,0.0,25.0,226.0
2007-06-21 06:00:00,120.078,5.704,14434.55,500.0,0.0,0.0,1063.0
2007-06-21 07:00:00,81.552,6.274,14396.369999999999,338.2,0.0,8.0,1057.0
2007-06-21 08:00:00,67.446,12.134,14315.98,286.8,0.0,72.0,857.0
2007-06-21 09:00:00,15.854,13.116,14390.87,84.0,0.0,67.0,0.0
2007-06-21 10:00:00,12.792,7.866,14345.17,61.8,0.0,27.0,0.0
2007-06-21 11:00:00,10.85,4.7540000000000004,14390.63,51.2,0.0,0.0,0.0
2007-06-21 12:00:00,11.142,5.038,14390.98,52.4,0.0,6.0,0.0
2007-06-21 13:00:00,16.228,13.224,14451.86,85.8,0.0,73.0,0.0
2007-06-21 14:00:00,15.866,13.312,14458.86,81.6,0.0,68.0,0.0
2007-06-21 15:00:00,13.66,9.642,14532.15,66.0,0.0,37.0,0.0
2007-06-21 16:00:00,11.1,5.114,14511.77,53.4,0.0,0.0,0.0
2007-06-21 17:00:00,16.348,5.704,14505.83,71.8,0.0,0.0,76.0
2007-06-21 18:00:00,42.13,12.443999999999999,14395.1,188.0,0.0,69.0,432.0
2007-06-21 19:00:00,19.006,14.918,14525.87,101.8,0.0,68.0,0.0
2007-06-21 20:00:00,24.546,14.606,14565.63,123.6,7.0,53.0,0.0
2007-06-21 21:00:00,78.524,7.196,14354.13,335.0,439.0,330.0,0.0
2007-06-21 22:00:00,130.012,9.314,14259.46,554.0,486.0,1052.0,0.0
2007-06-21 23:00:00,29.794,14.628,14497.62,144.2,0.0,275.0,0.0
2007-06-22 00:00:00,17.49,13.082,14554.12,88.8,0.0,105.0,0.0
2007-06-22 01:00:00,15.9,12.442,14503.93,82.2,0.0,77.0,0.0
2007-06-22 02:00:00,13.526,7.976,14487.42,66.2,0.0,28.0,0.0
2007-06-22 03:00:00,11.788,5.112,14502.82,56.8,0.0,10.0,0.0
2007-06-22 04:00:00,25.631999999999998,6.098,14508.02,112.2,0.0,27.0,215.0
2007-06-22 05:00:00,41.620000000000005,11.908,14509.92,183.0,0.0,82.0,428.0
2007-06-22 06:00:00,38.172,13.768,14559.02,176.6,0.0,72.0,0.0
2007-06-22 07:00:00,49.198,7.644,14392.28,212.6,0.0,31.0,424.0
2007-06-22 08:00:00,73.11,3.9339999999999997,14264.24,304.2,0.0,0.0,1039.0
2007-06-22 09:00:00,55.734,4.1979999999999995,14280.79,232.2,0.0,0.0,745.0
2007-06-22 10:00:00,15.78,12.23,14336.99,83.8,0.0,72.0,0.0
2007-06-22 11:00:00,14.766,11.228,14291.85,74.0,0.0,67.0,0.0
2007-06-22 12:00:00,12.79,8.076,14346.14,62.8,0.0,35.0,0.0
2007-06-22 13:00:00,11.56,5.474,14400.99,51.2,0.0,0.0,0.0
2007-06-22 14:00:00,11.046,4.802,14335.47,51.4,0.0,0.0,0.0
2007-06-22 15:00:00,15.074,11.331999999999999,14414.48,78.6,0.0,69.0,0.0
2007-06-22 16:00:00,14.974,12.065999999999999,14521.9,80.6,0.0,68.0,0.0
2007-06-22 17:00:00,13.28,9.01,14529.85,67.2,0.0,32.0,0.0
2007-06-22 18:00:00,33.572,5.0840000000000005,14421.45,142.2,0.0,0.0,368.0
2007-06-22 19:00:00,26.552,4.804,14470.62,114.39999999999999,0.0,0.0,263.0
2007-06-22 20:00:00,15.276,11.783999999999999,14447.68,80.6,0.0,73.0,0.0
2007-06-22 21:00:00,15.306,12.566,14515.44,82.6,0.0,68.0,0.0
2007-06-22 22:00:00,13.33,9.136,14580.91,66.4,0.0,35.0,0.0
2007-06-22 23:00:00,10.818,4.772,14626.98,52.0,0.0,0.0,0.0
2007-06-23 00:00:00,10.581999999999999,4.3420000000000005,14452.02,52.0,0.0,0.0,0.0
2007-06-23 01:00:00,15.308,11.518,14399.3,79.2,0.0,66.0,0.0
2007-06-23 02:00:00,14.772,11.43,14387.39,76.6,0.0,68.0,0.0
2007-06-23 03:00:00,11.82,6.514,14422.82,57.6,0.0,22.0,0.0
2007-06-23 04:00:00,10.533999999999999,4.176,14398.58,52.2,0.0,0.0,0.0
2007-06-23 05:00:00,14.104000000000001,6.16,14423.36,64.8,0.0,10.0,33.0
2007-06-23 06:00:00,61.672000000000004,10.552,14380.6,259.4,0.0,73.0,783.0
2007-06-23 07:00:00,14.468,11.078,14397.36,73.0,0.0,67.0,0.0
2007-06-23 08:00:00,11.036,4.912,14349.95,53.4,0.0,4.0,0.0
2007-06-23 09:00:00,10.736,4.48,14377.05,50.2,0.0,0.0,0.0
2007-06-23 10:00:00,12.48,6.7860000000000005,14403.91,58.4,0.0,30.0,0.0
2007-06-23 11:00:00,24.654,12.468,14305.27,118.8,0.0,69.0,0.0
2007-06-23 12:00:00,15.684000000000001,11.9,14344.68,80.6,0.0,61.0,0.0
2007-06-23 13:00:00,10.674,4.366,14446.15,48.8,0.0,0.0,0.0
2007-06-23 14:00:00,10.626,4.364,14422.09,49.4,0.0,0.0,0.0
2007-06-23 15:00:00,14.267999999999999,9.78,14509.17,72.4,0.0,40.0,0.0
2007-06-23 16:00:00,15.314,11.612,14476.36,80.0,0.0,69.0,0.0
2007-06-23 17:00:00,73.0,10.332,14341.45,307.0,0.0,46.0,909.0
2007-06-23 18:00:00,54.804,4.642,14395.67,228.20000000000002,0.0,0.0,677.0
2007-06-23 19:00:00,12.91,5.906,14447.76,62.6,0.0,0.0,0.0
2007-06-23 20:00:00,15.734,10.488,14480.74,77.8,0.0,57.0,0.0
2007-06-23 21:00:00,15.863999999999999,11.546,14524.47,80.0,0.0,69.0,0.0
2007-06-23 22:00:00,14.276,8.576,14473.46,70.8,0.0,35.0,0.0
2007-06-23 23:00:00,12.246,5.192,14499.7,58.2,0.0,0.0,0.0
2007-06-24 00:00:00,11.718,4.242,14580.31,53.8,0.0,0.0,0.0
2007-06-24 01:00:00,16.786,10.636,14460.87,81.6,0.0,67.0,0.0
2007-06-24 02:00:00,22.294,12.326,14490.98,106.2,0.0,68.0,0.0
2007-06-24 03:00:00,12.756,6.046,14534.18,60.0,0.0,19.0,0.0
2007-06-24 04:00:00,59.714,3.526,14488.55,246.6,0.0,0.0,778.0
2007-06-24 05:00:00,13.018,6.156,14569.65,63.0,0.0,10.0,0.0
2007-06-24 06:00:00,16.064,11.604,14583.26,80.60000000000001,0.0,73.0,0.0
2007-06-24 07:00:00,15.49,10.991999999999999,14507.94,78.2,0.0,67.0,0.0
2007-06-24 08:00:00,12.262,5.0440000000000005,14516.87,57.8,0.0,5.0,0.0
2007-06-24 09:00:00,11.972,4.762,14556.47,56.6,0.0,0.0,0.0
2007-06-24 10:00:00,13.208,6.582,14505.75,63.0,0.0,26.0,0.0
2007-06-24 11:00:00,15.852,10.236,14280.94,80.2,0.0,70.0,0.0
2007-06-24 12:00:00,18.65,10.08,14278.79,90.0,0.0,54.0,0.0
2007-06-24 13:00:00,11.824,3.946,14387.08,54.8,0.0,0.0,0.0
2007-06-24 14:00:00,21.758,3.594,14313.85,91.8,0.0,0.0,0.0
2007-06-24 15:00:00,72.644,8.51,14375.99,302.0,0.0,48.0,521.0
2007-06-24 16:00:00,67.374,10.475999999999999,14506.59,281.2,0.0,69.0,370.0
2007-06-24 17:00:00,76.34,8.566,14521.09,315.8,0.0,46.0,844.0
2007-06-24 18:00:00,36.32,4.322,14476.91,163.8,0.0,0.0,259.0
2007-06-24 19:00:00,24.15,4.706,14437.4,118.8,0.0,0.0,0.0
2007-06-24 20:00:00,26.342000000000002,9.102,14420.02,130.2,0.0,56.0,0.0
2007-06-24 21:00:00,35.002,11.282,14491.64,170.4,0.0,68.0,0.0
2007-06-24 22:00:00,47.236,9.192,14439.46,202.8,0.0,45.0,0.0
2007-06-24 23:00:00,55.882,3.4339999999999997,14505.8,229.8,0.0,0.0,677.0
2007-06-25 00:00:00,25.580000000000002,4.518,14501.16,112.0,0.0,0.0,0.0
2007-06-25 01:00:00,14.052,8.72,14466.42,67.6,0.0,55.0,0.0
2007-06-25 02:00:00,15.186,10.806,14414.54,73.0,0.0,68.0,0.0
2007-06-25 03:00:00,12.71,7.368,14480.2,61.199999999999996,0.0,40.0,0.0
2007-06-25 04:00:00,10.376,3.828,14506.74,50.8,0.0,0.0,0.0
2007-06-25 05:00:00,10.626,4.032,14497.94,52.0,0.0,0.0,0.0
2007-06-25 06:00:00,39.886,9.334,14487.31,178.8,0.0,61.0,148.0
2007-06-25 07:00:00,93.428,9.902,14351.19,391.4,0.0,68.0,1052.0
2007-06-25 08:00:00,74.02,6.866,14238.56,309.59999999999997,0.0,25.0,1035.0
2007-06-25 09:00:00,72.226,4.23,14154.73,304.0,0.0,0.0,1023.0
2007-06-25 10:00:00,17.932,3.418,14381.19,79.6,0.0,1.0,125.0
2007-06-25 11:00:00,14.629999999999999,9.552,14366.87,69.2,0.0,74.0,0.0
2007-06-25 12:00:00,14.356,9.702,14393.99,70.4,0.0,67.0,0.0
2007-06-25 13:00:00,11.982,5.958,14437.22,58.6,0.0,15.0,0.0
2007-06-25 14:00:00,10.506,3.608,14500.81,49.0,0.0,0.0,0.0
2007-06-25 15:00:00,12.272,5.012,14476.710000000001,56.4,0.0,16.0,0.0
2007-06-25 16:00:00,18.058,10.34,14551.44,89.0,0.0,72.0,0.0
2007-06-25 17:00:00,19.472,12.33,14583.96,95.4,0.0,67.0,0.0
2007-06-25 18:00:00,49.952,4.9239999999999995,14544.6,209.8,0.0,12.0,617.0
2007-06-25 19:00:00,12.578,4.354,14513.2,56.6,0.0,0.0,0.0
2007-06-25 20:00:00,57.202,8.632,14458.69,245.0,0.0,438.0,0.0
2007-06-25 21:00:00,214.1,12.927999999999999,14179.78,918.8,313.0,1491.0,816.0
2007-06-25 22:00:00,162.728,22.754,14269.25,702.4,1141.0,421.0,0.0
2007-06-25 23:00:00,88.344,14.154,14451.56,379.4,531.0,630.0,0.0
2007-06-26 00:00:00,40.76,4.476,14322.39,179.6,1.0,46.0,237.0
2007-06-26 01:00:00,36.406,3.132,14433.58,159.4,0.0,10.0,359.0
2007-06-26 02:00:00,13.064,5.868,14449.89,62.4,0.0,41.0,0.0
2007-06-26 03:00:00,16.244,11.246,14464.52,81.2,0.0,80.0,0.0
2007-06-26 04:00:00,14.594,9.018,14483.35,71.6,0.0,66.0,0.0
2007-06-26 05:00:00,11.152,3.344,14443.52,51.2,0.0,10.0,0.0
2007-06-26 06:00:00,30.39,3.468,14355.28,134.8,0.0,6.0,0.0
2007-06-26 07:00:00,85.586,8.852,14358.93,361.2,0.0,51.0,834.0
2007-06-26 08:00:00,78.43599999999999,10.822,14286.09,331.0,0.0,69.0,1042.0
2007-06-26 09:00:00,58.943999999999996,5.122,14193.73,248.6,0.0,21.0,780.0
2007-06-26 10:00:00,10.928,3.614,14286.39,50.2,0.0,0.0,0.0
2007-06-26 11:00:00,12.246,5.506,14250.36,58.0,0.0,16.0,0.0
2007-06-26 12:00:00,15.34,10.83,14404.17,79.4,0.0,72.0,0.0
2007-06-26 13:00:00,13.428,8.113999999999999,14442.65,66.6,0.0,44.0,0.0
2007-06-26 14:00:00,10.68,3.4459999999999997,14392.1,48.6,0.0,0.0,0.0
2007-06-26 15:00:00,11.478,4.31,14382.289999999999,53.2,0.0,0.0,0.0
2007-06-26 16:00:00,14.844,9.77,14424.32,75.2,0.0,67.0,0.0
2007-06-26 17:00:00,14.906,10.724,14511.7,77.4,0.0,68.0,0.0
2007-06-26 18:00:00,49.636,3.7,14533.46,210.4,0.0,0.0,644.0
2007-06-26 19:00:00,25.94,14.533999999999999,14535.44,123.0,0.0,68.0,0.0
2007-06-26 20:00:00,27.46,11.398,14506.34,126.0,0.0,81.0,0.0
2007-06-26 21:00:00,46.136,16.67,14481.66,203.20000000000002,0.0,80.0,0.0
2007-06-26 22:00:00,213.708,9.156,14263.92,904.4,455.0,438.0,938.0
2007-06-26 23:00:00,92.602,5.3,14530.01,386.4,515.0,0.0,397.0
2007-06-27 00:00:00,13.308,5.136,14580.48,58.8,0.0,9.0,0.0
2007-06-27 01:00:00,16.362000000000002,10.352,14506.59,78.4,0.0,75.0,0.0
2007-06-27 02:00:00,14.676,7.996,14419.54,70.2,0.0,48.0,0.0
2007-06-27 03:00:00,12.516,4.038,14426.77,55.6,0.0,0.0,0.0
2007-06-27 04:00:00,12.478,3.762,14462.51,55.199999999999996,0.0,0.0,0.0
2007-06-27 05:00:00,16.466,10.008,14492.86,77.4,0.0,64.0,0.0
2007-06-27 06:00:00,76.122,12.142,14380.47,325.8,0.0,68.0,613.0
2007-06-27 07:00:00,139.934,5.662,14359.24,586.4,0.0,934.0,1052.0
2007-06-27 08:00:00,123.014,5.412,14303.5,519.0,0.0,818.0,1045.0
2007-06-27 09:00:00,78.716,9.434,14301.81,329.4,0.0,77.0,1044.0
2007-06-27 10:00:00,76.37,9.296,14118.58,321.2,0.0,63.0,1018.0
2007-06-27 11:00:00,16.084,3.576,14181.13,70.6,0.0,0.0,84.0
2007-06-27 12:00:00,11.238,3.936,14304.22,51.4,0.0,0.0,0.0
2007-06-27 13:00:00,22.498,8.424,14295.95,104.8,0.0,46.0,0.0
2007-06-27 14:00:00,29.076,12.27,14400.81,142.6,0.0,184.0,0.0
2007-06-27 15:00:00,13.946,5.556,14470.13,64.8,0.0,52.0,0.0
2007-06-27 16:00:00,11.388,4.274,14515.95,52.4,0.0,0.0,0.0
2007-06-27 17:00:00,13.046,6.504,14472.31,61.2,0.0,25.0,0.0
2007-06-27 18:00:00,19.602,10.91,14510.22,94.0,0.0,72.0,0.0
2007-06-27 19:00:00,166.318,13.616,14302.9,705.2,0.0,1461.0,902.0
2007-06-27 20:00:00,183.276,20.046,14335.91,783.2,433.0,1430.0,341.0
2007-06-27 21:00:00,275.878,18.9,14206.8,1181.6,1660.0,894.0,1032.0
2007-06-27 22:00:00,113.58800000000001,7.304,14376.01,477.0,510.0,65.0,139.0
2007-06-27 23:00:00,24.926000000000002,8.444,14527.42,111.8,0.0,66.0,0.0
2007-06-28 00:00:00,20.108,11.676,14430.8,96.8,0.0,80.0,0.0
2007-06-28 01:00:00,17.14,9.156,14380.56,83.4,0.0,57.0,0.0
2007-06-28 02:00:00,13.564,4.73,14451.78,65.0,0.0,10.0,0.0
2007-06-28 03:00:00,14.02,5.2700000000000005,14472.76,66.4,0.0,10.0,0.0
2007-06-28 04:00:00,17.598,11.14,14446.11,86.6,0.0,75.0,0.0
2007-06-28 05:00:00,23.3,11.84,14466.93,108.4,0.0,71.0,100.0
2007-06-28 06:00:00,40.482,4.348,14382.18,169.8,0.0,5.0,462.0
2007-06-28 07:00:00,34.664,3.488,14260.43,154.0,0.0,0.0,0.0
2007-06-28 08:00:00,31.03,6.654,14280.37,135.0,0.0,35.0,223.0
2007-06-28 09:00:00,87.08,11.96,14221.57,365.2,0.0,69.0,1034.0
2007-06-28 10:00:00,101.268,6.23,14204.34,430.0,0.0,296.0,1030.0
2007-06-28 11:00:00,74.77,2.788,14117.05,315.2,0.0,28.0,1019.0
2007-06-28 12:00:00,74.932,4.434,14164.93,315.0,0.0,16.0,1025.0
2007-06-28 13:00:00,54.778,10.182,14225.27,235.2,0.0,72.0,637.0
2007-06-28 14:00:00,14.962,8.192,14398.18,73.0,0.0,42.0,0.0
2007-06-28 15:00:00,13.298,5.024,14506.75,61.8,0.0,0.0,0.0
2007-06-28 16:00:00,13.200000000000001,4.93,14407.51,62.0,0.0,0.0,0.0
2007-06-28 17:00:00,17.16,11.832,14503.53,87.8,0.0,73.0,0.0
2007-06-28 18:00:00,109.194,21.012,14383.03,476.8,0.0,1464.0,0.0
2007-06-28 19:00:00,167.422,24.12,14247.77,720.2,0.0,863.0,660.0
2007-06-28 20:00:00,155.442,11.148,14328.17,658.4,0.0,907.0,1048.0
2007-06-28 21:00:00,82.568,5.18,14449.38,340.2,0.0,14.0,1065.0
2007-06-28 22:00:00,86.486,10.938,14456.19,357.0,0.0,102.0,1066.0
2007-06-28 23:00:00,30.971999999999998,11.174,14584.49,137.8,0.0,79.0,172.0
2007-06-29 00:00:00,40.314,6.844,14448.19,171.8,0.0,17.0,0.0
2007-06-29 01:00:00,11.684,4.556,14480.72,52.2,0.0,0.0,0.0
2007-06-29 02:00:00,12.214,5.562,14442.91,56.8,0.0,24.0,0.0
2007-06-29 03:00:00,15.528,11.32,14449.93,80.6,0.0,70.0,0.0
2007-06-29 04:00:00,14.586,9.686,14448.28,75.0,0.0,39.0,0.0
2007-06-29 05:00:00,11.24,4.536,14526.16,53.8,0.0,0.0,0.0
2007-06-29 06:00:00,10.596,3.504,14544.34,49.6,0.0,0.0,0.0
2007-06-29 07:00:00,15.134,10.682,14516.95,75.6,0.0,71.0,0.0
2007-06-29 08:00:00,81.486,10.895999999999999,14261.9,351.0,0.0,57.0,830.0
2007-06-29 09:00:00,13.322936625283704,3.651728655462512,14268.608980764515,60.37475522542619,1.3324807586746552,1.6706103110924246,0.0
2007-06-29 10:00:00,28.896,6.918,14280.45,136.0,0.0,0.0,0.0
2007-06-29 11:00:00,118.896,11.79,14274.47,510.0,713.0,51.0,745.0
2007-06-29 12:00:00,106.172,12.258000000000001,14311.78,448.8,401.0,68.0,1046.0
2007-06-29 13:00:00,92.588,5.894,14263.4,389.0,167.0,7.0,1038.0
2007-06-29 14:00:00,29.262,3.99,14440.48,130.8,0.0,0.0,243.0
2007-06-29 15:00:00,21.036,9.288,14500.82,103.8,0.0,34.0,0.0
2007-06-29 16:00:00,22.5,12.744,14535.69,112.0,0.0,70.0,0.0
2007-06-29 17:00:00,30.875999999999998,7.586,14526.96,144.0,0.0,28.0,0.0
2007-06-29 18:00:00,91.15,11.794,14442.66,394.8,1239.0,0.0,0.0
2007-06-29 19:00:00,126.854,19.086,14425.22,541.0,881.0,18.0,759.0
2007-06-29 20:00:00,76.894,12.32,14340.74,325.2,0.0,71.0,659.0
2007-06-29 21:00:00,187.198,10.64,14268.99,787.4,449.0,36.0,901.0
2007-06-29 22:00:00,90.858,5.714,14364.16,388.6,513.0,0.0,35.0
2007-06-29 23:00:00,56.078,5.058,14497.73,240.0,0.0,6.0,541.0
2007-06-30 00:00:00,15.572000000000001,10.39,14481.15,78.6,0.0,73.0,0.0
2007-06-30 01:00:00,15.15,9.526,14413.81,77.8,0.0,42.0,0.0
2007-06-30 02:00:00,11.916,4.444,14464.26,54.0,0.0,0.0,0.0
2007-06-30 03:00:00,11.06,3.294,14484.53,50.0,0.0,0.0,0.0
2007-06-30 04:00:00,16.146,11.129999999999999,14511.55,81.0,0.0,74.0,0.0
2007-06-30 05:00:00,18.546,7.904,14519.29,89.0,0.0,47.0,47.0
2007-06-30 06:00:00,111.64,4.102,14383.96,466.4,0.0,0.0,1057.0
2007-06-30 07:00:00,75.516,4.538,14377.39,310.6,0.0,0.0,1055.0
2007-06-30 08:00:00,53.756,8.034,14202.35,232.2,0.0,68.0,653.0
2007-06-30 09:00:00,13.616,8.028,14410.35,69.0,0.0,49.0,0.0
2007-06-30 10:00:00,12.446,3.9259999999999997,14394.71,58.4,0.0,0.0,0.0
2007-06-30 11:00:00,13.614,3.362,14339.92,62.4,0.0,0.0,0.0
2007-06-30 12:00:00,21.23,10.724,14355.26,100.6,0.0,69.0,0.0
2007-06-30 13:00:00,16.052,8.034,14462.98,73.6,0.0,51.0,0.0
2007-06-30 14:00:00,17.68,3.276,14428.9,74.0,0.0,0.0,0.0
2007-06-30 15:00:00,24.582,5.406,14438.41,103.8,0.0,54.0,0.0
2007-06-30 16:00:00,86.73,13.398,14331.58,378.0,778.0,80.0,147.0
2007-06-30 17:00:00,121.962,10.474,14337.62,515.2,530.0,55.0,1050.0
2007-06-30 18:00:00,88.064,4.002,14439.97,362.8,0.0,0.0,1064.0
2007-06-30 19:00:00,173.234,8.14,14373.86,729.6,1216.0,10.0,1054.0
2007-06-30 20:00:00,141.782,17.992,14356.18,602.0,525.0,72.0,1052.0
2007-06-30 21:00:00,103.25,12.565999999999999,14367.4,433.0,0.0,47.0,1039.0
2007-06-30 22:00:00,74.14999999999999,4.642,14349.6,309.8,0.0,0.0,0.0
2007-06-30 23:00:00,97.62,11.022,14391.69,407.2,0.0,1.0,158.0
